SHA-256: 27e6c7b56ddf941e1128b58f0e68848f81ec369a65bb42dec38ae8b48172a728

Dataset: Clean candidate-school roster
Rows: 129  Columns: 124
Key: school_id
Duplicate or missing keys: 0
school_id | integer | nonmissing: 129 | distinct nonmissing: 129
   Min. 1st Qu.  Median    Mean 3rd Qu.    Max.
 400095  609989  610110  608474  610232  610521
school_site_id | integer | nonmissing: 129 | distinct nonmissing: 127
   Min. 1st Qu.  Median    Mean 3rd Qu.    Max.
 400095  609989  610110  608472  610225  610521
n_candidate_schools_at_site | integer | nonmissing: 129 | distinct nonmissing: 2
   Min. 1st Qu.  Median    Mean 3rd Qu.    Max.
  1.000   1.000   1.000   1.031   1.000   2.000
school_name_sy1213 | character | nonmissing: 129 | distinct nonmissing: 129
[1] "Adam Clayton Powell Paideia Community Academy ES"
[2] "Alexander Graham Elementary School"
[3] "Alexander von Humboldt Elementary School"
[4] "Alfred David Kohn Elementary School"
[5] "Amos Alonzo Stagg Elementary School"
[6] "Ana Roque de Duprey Elementary School"
feb2013_candidate_129 | integer | nonmissing: 129 | distinct nonmissing: 1
   Min. 1st Qu.  Median    Mean 3rd Qu.    Max.
      1       1       1       1       1       1
mar2013_candidate_54 | integer | nonmissing: 129 | distinct nonmissing: 2
   Min. 1st Qu.  Median    Mean 3rd Qu.    Max.
 0.0000  0.0000  0.0000  0.4186  1.0000  1.0000
may2013_closed_47 | integer | nonmissing: 129 | distinct nonmissing: 2
   Min. 1st Qu.  Median    Mean 3rd Qu.    Max.
 0.0000  0.0000  0.0000  0.3643  1.0000  1.0000
may2013_welcoming_18 | integer | nonmissing: 129 | distinct nonmissing: 2
   Min. 1st Qu.  Median    Mean 3rd Qu.    Max.
 0.0000  0.0000  0.0000  0.1395  0.0000  1.0000
consortium_treat_47 | integer | nonmissing: 129 | distinct nonmissing: 2
   Min. 1st Qu.  Median    Mean 3rd Qu.    Max.
 0.0000  0.0000  0.0000  0.3643  1.0000  1.0000
consortium_control_49 | integer | nonmissing: 129 | distinct nonmissing: 2
   Min. 1st Qu.  Median    Mean 3rd Qu.    Max.
 0.0000  0.0000  0.0000  0.3798  1.0000  1.0000
housing_treat_30 | integer | nonmissing: 129 | distinct nonmissing: 2
   Min. 1st Qu.  Median    Mean 3rd Qu.    Max.
 0.0000  0.0000  0.0000  0.2326  0.0000  1.0000
housing_control_49 | integer | nonmissing: 129 | distinct nonmissing: 2
   Min. 1st Qu.  Median    Mean 3rd Qu.    Max.
 0.0000  0.0000  0.0000  0.3798  1.0000  1.0000
notes | character | nonmissing: 80 | distinct nonmissing: 14
[1] "2013 co-location proposed/approved: Nkrumah was to relocate into Gresham at 8524 S Green St; action rescinded Aug. 2013 and co-location was not implemented."
[2] "2013 co-location: O'Toole remained at 6550 S Seeley Ave; Montessori of Englewood relocated into/shared O'Toole facility"
[3] "2013 co-location: Revere remained at 1010 E 72nd St; Noble-Gary Comer co-located in Revere facility"
[4] "Approved for delayed closure; closure effective June 30, 2014"
[5] "Approved for phase-out; closure effective June 30, 2015"
[6] "Closed"
street_address_sy1213 | character | nonmissing: 129 | distinct nonmissing: 127
[1] "1000 W 52nd St"    "10041 S Union Ave" "1010 E 72nd St"
[4] "10309 S Morgan St" "1040 N Keeler Ave" "10414 S State St"
zip_sy1213 | integer | nonmissing: 129 | distinct nonmissing: 26
   Min. 1st Qu.  Median    Mean 3rd Qu.    Max.
  60608   60617   60624   60630   60637   60827
x_coordinate_sy1213 | numeric | nonmissing: 129 | distinct nonmissing: 127
   Min. 1st Qu.  Median    Mean 3rd Qu.    Max.
1138633 1158049 1170184 1168622 1178488 1199963
y_coordinate_sy1213 | numeric | nonmissing: 129 | distinct nonmissing: 127
   Min. 1st Qu.  Median    Mean 3rd Qu.    Max.
1817245 1858826 1875309 1875485 1897525 1934622
latitude_sy1213 | numeric | nonmissing: 129 | distinct nonmissing: 127
   Min. 1st Qu.  Median    Mean 3rd Qu.    Max.
  41.65   41.77   41.81   41.81   41.87   41.98
longitude_sy1213 | numeric | nonmissing: 129 | distinct nonmissing: 127
   Min. 1st Qu.  Median    Mean 3rd Qu.    Max.
 -87.77  -87.69  -87.65  -87.66  -87.62  -87.54
report_card_match_sy1314 | logical | nonmissing: 129 | distinct nonmissing: 2
[1] FALSE  TRUE
school_name_sy1314 | character | nonmissing: 81 | distinct nonmissing: 81
[1] "Adam Clayton Powell Paideia Community Academy ES"
[2] "Alexander Graham Elementary School"
[3] "Amos Alonzo Stagg Elementary School"
[4] "Anna R. Langford Community Academy"
[5] "Arthur A Libby Elementary School"
[6] "Arthur R Ashe Elementary School"
street_address_sy1314 | character | nonmissing: 81 | distinct nonmissing: 81
[1] "1000 W 52nd St"    "10041 S Union Ave" "1010 E 72nd St"
[4] "10309 S Morgan St" "1040 N Keeler Ave" "1059 W 13th St"
zip_sy1314 | integer | nonmissing: 81 | distinct nonmissing: 24
   Min. 1st Qu.  Median    Mean 3rd Qu.    Max.    NA's
  60608   60615   60623   60632   60637   60827      48
x_coordinate_sy1314 | numeric | nonmissing: 81 | distinct nonmissing: 81
   Min. 1st Qu.  Median    Mean 3rd Qu.    Max.    NA's
1138682 1163789 1171646 1170389 1179801 1199963      48
y_coordinate_sy1314 | numeric | nonmissing: 81 | distinct nonmissing: 81
   Min. 1st Qu.  Median    Mean 3rd Qu.    Max.    NA's
1817245 1856209 1869840 1871728 1893273 1928748      48
latitude_sy1314 | numeric | nonmissing: 81 | distinct nonmissing: 81
   Min. 1st Qu.  Median    Mean 3rd Qu.    Max.    NA's
  41.65   41.76   41.80   41.80   41.86   41.96      48
longitude_sy1314 | numeric | nonmissing: 81 | distinct nonmissing: 81
   Min. 1st Qu.  Median    Mean 3rd Qu.    Max.    NA's
 -87.77  -87.68  -87.65  -87.65  -87.62  -87.54      48
attendance_boundary_match_sy1213 | logical | nonmissing: 129 | distinct nonmissing: 2
[1] FALSE  TRUE
n_boundary_records_sy1213 | integer | nonmissing: 115 | distinct nonmissing: 2
   Min. 1st Qu.  Median    Mean 3rd Qu.    Max.    NA's
  1.000   1.000   1.000   1.026   1.000   2.000      14
boundarygr_sy1213 | character | nonmissing: 115 | distinct nonmissing: 7
[1] "K, 1, 2 || K, 1, 2, 3, 4, 5, 6, 7, 8"
[2] "K, 1, 2, 3"
[3] "K, 1, 2, 3, 4, 5"
[4] "K, 1, 2, 3, 4, 5, 6"
[5] "K, 1, 2, 3, 4, 5, 6, 7, 8"
[6] "K, 1, 2, 3, 4, 5, 6, 7, 8 || 3, 4, 5, 6, 7 ,8"
the_geom_sy1213 | character | nonmissing: 115 | distinct nonmissing: 115
[1] "MULTIPOLYGON (((-87.52956874554157 41.73828930461805, -87.53080920855369 41.738147919621646, -87.53095871031573 41.738130328978556, -87.53149030256989 41.73806777620216, -87.53254192954975 41.73794402508967, -87.53288233985143 41.737903964898, -87.53313573229647 41.737874144348474, -87.53322892542992 41.737871120767586, -87.53341547521057 41.73786506911521, -87.53366116851839 41.73785709776599, -87.53387168063033 41.737850266763466, -87.53482788408816 41.73777019506567, -87.5357554364452 41.737692514064754, -87.53670742949735 41.737608624075925, -87.53688600999915 41.737594758530754, -87.53726001983071 41.73758556111302, -87.53783209509999 41.7375714908408, -87.53858140566487 41.73755305613881, -87.53936930468983 41.73753366771658, -87.54030355387418 41.737510670631984, -87.54030423325685 41.737510653712384, -87.54320333221668 41.737481744964164, -87.5432747212394 41.73748223586048, -87.54338418529245 41.737482988488104, -87.54354128531719 41.73748050303061, -87.54373645914914 41.73747827990912, -87.54393163298374 41.737476055555675, -87.54411728834195 41.73747376639174, -87.54440288930707 41.73747216231987, -87.5444755402501 41.737471594207484, -87.54464565660784 41.737470263530874, -87.54478367605113 41.73747121082886, -87.54493597258804 41.737472255925404, -87.54531178343628 41.737478522745576, -87.54559078876716 41.73745477293834, -87.54583641522106 41.7374521277292, -87.54651814433757 41.737444783694635, -87.54670572558763 41.737442762839294, -87.54694534842012 41.737439654589, -87.54749626861707 41.73743288599796, -87.54802185478462 41.737427312865606, -87.5480816884755 41.737426302828545, -87.54808172374922 41.73742725565104, -87.54826884150314 41.737532570959324, -87.54827067793921 41.73755016754803, -87.54827251538083 41.73756778034999, -87.54827646809794 41.73760565851337, -87.54828118724669 41.73765088165188, -87.54828559310377 41.73769310714992, -87.54829011526115 41.737736443586634, -87.5482946675382 41.73778007104503, -87.54829876447114 41.737819335846424, -87.54830567723964 41.737863787054785, -87.54831547519102 41.73792678109049, -87.54832634440658 41.737996669300884, -87.5483355203556 41.73805566238392, -87.54834320908309 41.738105101484365, -87.54835794253178 41.73817602179248, -87.54836942274021 41.73823128061218, -87.54838414488238 41.73830214681665, -87.54839736245815 41.738365771945624, -87.54840763430194 41.73841000119328, -87.54841877654775 41.738452842627815, -87.54843362561044 41.73850993777806, -87.54844913732646 41.7385695773691, -87.54846460309513 41.73862904377443, -87.54847872202129 41.73868134581342, -87.54849659272762 41.73873838686371, -87.54851324153749 41.738791527306844, -87.54853541573317 41.73886230032886, -87.54855180656607 41.73891461697436, -87.5485676909369 41.73896331341057, -87.54858729699941 41.73901665501159, -87.5486045596423 41.739063623159936, -87.54861860970416 41.73910185027573, -87.54863265977143 41.739140078289985, -87.54865014122346 41.73918764216273, -87.5486653665827 41.73922906367358, -87.5486864158281 41.739278810068754, -87.54870610494459 41.73932534459018, -87.54872823746088 41.7393776499954, -87.54874678035847 41.73942147380062, -87.54876832632718 41.73947239493988, -87.54878922390269 41.73951960306364, -87.54881262440583 41.73956838409551, -87.54883190404549 41.73960857546084, -87.54885495406214 41.73965662659937, -87.5488751610925 41.73969875195991, -87.54888982751561 41.739729325683484, -87.54890708840568 41.73976530937496, -87.54892996851792 41.73980876029751, -87.54896175288597 41.73986781041756, -87.54899273797885 41.73992537217899, -87.54901683437296 41.739970138708976, -87.5490439931388 41.74002059210361, -87.54907568405469 41.74007558272889, -87.54911034465827 41.74013350627919, -87.54914191143811 41.74018625954347, -87.54917046569814 41.74023397633257, -87.54919819171907 41.740280310811265, -87.5492284912941 41.74032834561875, -87.54925485888036 41.740368265650936, -87.5492812040656 41.74040815221065, -87.54931261317545 41.74045570567087, -87.54934371662195 41.74050279515184, -87.54937483428606 41.740549905429376, -87.54940104476398 41.74058704224219, -87.54943062511703 41.74062781518501, -87.54946304186335 41.74067249972725, -87.54949504722052 41.7407166160275, -87.54953231395923 41.74076798369559, -87.54956057854531 41.7408069433067, -87.54959661897391 41.74085299136421, -87.54962579469942 41.74088978910684, -87.54966074000353 41.74093386508843, -87.549692503998 41.74097392716543, -87.54972209421035 41.74101124901839, -87.54974584504284 41.74104120391035, -87.54974954855129 41.74104587592561, -87.54978290624217 41.74108587681687, -87.54980620843766 41.74111298800075, -87.54983717650205 41.74114901909953, -87.54986117456119 41.741176939938995, -87.54988090646185 41.74119989591048, -87.54991789635112 41.74124293413293, -87.54994873654579 41.741278813969075, -87.5499824175383 41.74131597276832, -87.55001101905081 41.74134752910208, -87.5500400452799 41.741379552909756, -87.55007687230527 41.741420182407204, -87.55012781454475 41.74147638529773, -87.55015627741847 41.74150778758847, -87.55019891300621 41.741551021764174, -87.55024275397028 41.741595479625005, -87.55028038779967 41.7416336430669, -87.55031873183012 41.74167252532162, -87.5503512118819 41.74170546214225, -87.55038652982115 41.74174041438965, -87.55041802601293 41.74176983488383, -87.55046155163764 41.74181048829138, -87.55050606627769 41.741852066787736, -87.55054150781373 41.74188517048975, -87.55058858059401 41.74192913793012, -87.55063283024656 41.74196859422404, -87.55067489734033 41.74200484025638, -87.55071989829264 41.742043616460194, -87.55075750285627 41.74207601724116, -87.55080527120748 41.74211717660511, -87.55084930032793 41.74215511420645, -87.5509006130264 41.7421959564318, -87.55094255645692 41.742229341980206, -87.55099041397305 41.74226743344723, -87.5510403337721 41.74230716678604, -87.55107439515277 41.74233427713347, -87.55110246987572 41.74235662342569, -87.55114726001817 41.74238953308138, -87.55117889553505 41.742412777844784, -87.55121587993305 41.74243995216565, -87.55125960613606 41.74247208022551, -87.55129349019585 41.74249697621609, -87.55134942034056 41.742538070255755, -87.55137943851715 41.7425597760455, -87.55137989640905 41.742586836775324, -87.55138048164099 41.7426215343233, -87.5513811238473 41.74265956178941, -87.551381727663 41.74269530388081, -87.55138242364164 41.74273652889008, -87.55140151064366 41.742774474799226, -87.55141552050598 41.74280353291569, -87.55143084964621 41.742835326297694, -87.55144284838583 41.7428602146637, -87.55145204119393 41.74288659383733, -87.55146207045443 41.74291537365917, -87.55147434298111 41.74295059551308, -87.55148335806682 41.74297646477123, -87.55149050431051 41.743006451261955, -87.55149719644413 41.74303452950078, -87.55150343551571 41.743060712100004, -87.5515120151965 41.74309670924065, -87.55152191375619 41.743138249866014, -87.55153112603604 41.74317690376905, -87.55153914640921 41.74321054896309, -87.55155274656653 41.74326744789778, -87.55155792387568 41.74328919349887, -87.55156338368836 41.743312129496616, -87.55157145390636 41.743346028928286, -87.55157889615053 41.74337728873367, -87.55158251649522 41.743404100868155, -87.55158729610041 41.74343950671997, -87.55159060204186 41.743463992886404, -87.55159094736916 41.74346654505462, -87.55159120122178 41.74346831328752, -87.55159228428617 41.7434764491038, -87.55159357051583 41.7434859728563, -87.55159639989024 41.74350693267247, -87.55159997610728 41.74353341947576, -87.55160330512861 41.74355808497007, -87.551603643551 41.74357746031186, -87.55160405353381 41.74360104532193, -87.55160453399428 41.74362873104938, -87.55160501657525 41.74365644020047, -87.55160630030771 41.74373029373298, -87.55160792607363 41.743823720709166, -87.55160924625083 41.74389962460639, -87.5516104755724 41.74397033280943, -87.5516119060827 41.74405250305789, -87.55161324378012 41.74412934164454, -87.55161420971682 41.74418489500099, -87.55161515754723 41.74423926516124, -87.55161647735093 41.74431510152346, -87.55161820967015 41.744414612044295, -87.55161985492782 41.74450910966953, -87.55162083790549 41.7445656373273, -87.5516449534395 41.74456530799981, -87.55164603605381 41.74462095758381, -87.55164665026513 41.74465258418948, -87.55164666896086 41.744653520690555, -87.55164669575821 41.74465487951539, -87.5516467229679 41.74465590701071, -87.5516467436136 41.7446573765379, -87.55164776223747 41.744709778088925, -87.55164923169207 41.74478467818865, -87.55165083341538 41.7448658204792, -87.55165268285616 41.744959446137194, -87.55165403807155 41.74502810506508, -87.55165628049757 41.7451419617696, -87.55165773605319 41.745215729116985, -87.55165951996253 41.745306234578116, -87.55166136581242 41.745399860204536, -87.55166331361966 41.74549865908774, -87.55166443588692 41.745555104850176, -87.55166444804458 41.74555568836577, -87.55166445879263 41.74555628897859, -87.55166446548567 41.74555682743903, -87.5516644910896 41.745557888236576, -87.55166586259598 41.74562689030505, -87.55166742075289 41.74570577868788, -87.55166976804642 41.745824670001475, -87.5516719866906 41.74593702112767, -87.55167438692625 41.746058883082, -87.55167654154431 41.746168187852625, -87.55167863394352 41.746274296822826, -87.55168074782067 41.74638150977765, -87.55168248198339 41.74646888433295, -87.55168249460083 41.74646952907601, -87.5516825069234 41.74647019812675, -87.55168251864357 41.746470718614134, -87.55168254048951 41.74647189103047, -87.55168370528826 41.74653058076789, -87.55168525024115 41.74660867673241, -87.55168765230937 41.74673039012573, -87.55168986858746 41.74684274121814, -87.5516921913009 41.746960689665, -87.55169386945208 41.747045745405664, -87.5516965847817 41.74718336216337, -87.55170030004656 41.74737046585505, -87.55170407367186 41.74756098589998, -87.55170726978147 41.74772319562194, -87.55171028009069 41.74787604394301, -87.55171274444221 41.748000953107315, -87.55171594688522 41.748163237589765, -87.55171836228307 41.748285146418795, -87.5517183860427 41.74828635936391, -87.55171840858833 41.74828747416168, -87.5517184272089 41.74828841696418, -87.55172021303274 41.748378475812, -87.5517218208392 41.748460314971055, -87.55172390491443 41.7485664238424, -87.55172696436965 41.748722162627445, -87.55172914305611 41.748831771832506, -87.55173192643888 41.74897221073512, -87.55173483129745 41.74911889084772, -87.55173659203074 41.749208542549646, -87.5517366089134 41.749209430418254, -87.55173663299107 41.74921071629447, -87.55173665012674 41.74921178153551, -87.55173855934281 41.74930941232541, -87.55174022102663 41.74939375033339, -87.5517421917811 41.749493841319, -87.55174466456478 41.74961944918394, -87.55174718739308 41.74974677977284, -87.55174958598715 41.749868493976535, -87.55175251847798 41.75001726128567, -87.55175428396731 41.750106226032315, -87.55175430925854 41.750107511016196, -87.5517543484858 41.75010893565045, -87.55175611206984 41.75019835506385, -87.5517585950751 41.75032421328265, -87.5517610015114 41.75044607608666, -87.55176346749236 41.75057105903569, -87.55176531472945 41.750664684585914, -87.55176765624148 41.75078327773908, -87.5517702446063 41.75091442806903, -87.55177227134614 41.751017143954144, -87.55249444773604 41.751915775283905, -87.55243570321 41.75191658611262, -87.55228777038103 41.751918630978885, -87.55181674134897 41.751925138336226, -87.55163376611176 41.75192767328418, -87.55105896176806 41.75193560888556, -87.55019325454363 41.751947349329704, -87.54991001391024 41.751951188750844, -87.54927161411993 41.751960048498084, -87.54899753211274 41.75196385183108, -87.54899025908144 41.751963952540514, -87.54871418322934 41.75196778210214, -87.54836926805011 41.751972698324735, -87.54814954751271 41.75197583020937, -87.54684841939266 41.751994364852955, -87.54657606879019 41.751998242687336, -87.5462983463449 41.75200219562315, -87.54604238478484 41.75200549298259, -87.54588388924314 41.752007315865484, -87.54572380329085 41.752011375821745, -87.54562423479818 41.752014483733525, -87.54551408157555 41.75201792234109, -87.54545868676756 41.752023342596615, -87.54538199208335 41.752030846938275, -87.5453282354373 41.75203966011097, -87.54516636425696 41.75206619619352, -87.54485994683425 41.75206773482019, -87.54457641755782 41.752069157853036, -87.54430819274914 41.75207050251687, -87.54330980650592 41.75207628915523, -87.54328438448866 41.752054973037346, -87.54322607795228 41.7520131880237, -87.54318778223056 41.75198924164187, -87.5431521618551 41.75197126771555, -87.54310403103115 41.75194829717957, -87.54306856665465 41.751932410430115, -87.54304426688734 41.75192077182476, -87.54302699772401 41.75191546607518, -87.54301414402369 41.75191757363278, -87.54297801615253 41.75192607839661, -87.54293804409068 41.75192813714975, -87.54290594661882 41.75191869576714, -87.54286940867813 41.751924755003934, -87.54279550563247 41.75192040560239, -87.54266658477927 41.75192003978455, -87.54265487561972 41.75192146820505, -87.54260213458409 41.751927938056504, -87.5425286161696 41.751925264896286, -87.54250007330486 41.75191872901252, -87.54242868204923 41.75191897858681, -87.54233095801156 41.75191767468205, -87.54225861675691 41.75192057996933, -87.54218430909079 41.75192832910274, -87.54214296606264 41.751925709781766, -87.54210106196626 41.75192413279823, -87.5418320866354 41.7519255448442, -87.54171098391672 41.75192416218721, -87.54167287072464 41.75192719308952, -87.54162372859764 41.751926880581806, -87.54155913602139 41.751925612541726, -87.54150346930767 41.75192838556435, -87.54145151955008 41.751921139783015, -87.54143234188254 41.75192194037421, -87.5413922973065 41.75192696026789, -87.54134888252975 41.75192611269154, -87.54130675940429 41.75192719446678, -87.54127132171855 41.751927168956506, -87.54120562062289 41.75192951611682, -87.5411389670232 41.751931882782365, -87.54107733039092 41.75191951993155, -87.5410387895671 41.75190951228968, -87.54099280499206 41.751908892655464, -87.54094110412392 41.751917098505324, -87.54090217755663 41.75191167007979, -87.54082816234222 41.75190169230128, -87.54079694957261 41.75189483685875, -87.54070485271188 41.751865083956126, -87.54064970806758 41.75185542712135, -87.54057907350206 41.75186561531848, -87.54054838725699 41.75186952001994, -87.54048966692876 41.75186444916949, -87.54043425891925 41.75184620189775, -87.54037810526172 41.75182328379732, -87.54032588613809 41.751808048571164, -87.54027021242126 41.75178765923512, -87.54021528642517 41.751769139675325, -87.54017858223266 41.751746986887476, -87.5401470615162 41.751723552648905, -87.54010512608984 41.75170646875344, -87.54005059280992 41.75168281978476, -87.539990912704 41.751660508297604, -87.5399176929382 41.75163352045718, -87.53990417446995 41.75163024433661, -87.53984093100411 41.75160859333628, -87.5397746941318 41.751591889802334, -87.53974774890042 41.75157477155613, -87.53969970715674 41.75156274946571, -87.53963314324741 41.7515428320136, -87.53958425647838 41.75152786796944, -87.53951966439072 41.75150571317858, -87.53949495749981 41.751491271796674, -87.53945042495555 41.7514798788888, -87.53939104837306 41.75146272733911, -87.53935637656171 41.7514510162806, -87.5393395047206 41.75144033488341, -87.53930154046053 41.75142827152422, -87.53924032074617 41.75142087784546, -87.53920400443766 41.75140885375498, -87.53912034978211 41.75138121705222, -87.53904483784893 41.75135588657641, -87.53893008851624 41.75131488953686, -87.53891480430887 41.751309047675385, -87.53869288388235 41.751209843968326, -87.53866202242531 41.75118342199096, -87.53859759928869 41.75115649415101, -87.53850128352524 41.75111842340223, -87.53840986275512 41.75108754878943, -87.53834074906852 41.751060560441395, -87.53826231152551 41.75102897962932, -87.53819185711039 41.751003765523336, -87.53812700483516 41.750981828736364, -87.53806123482505 41.75095719709079, -87.5379918934766 41.750939811077906, -87.53792839051282 41.75091854258146, -87.53787152366075 41.7508970453855, -87.53785562382035 41.7508905409589, -87.53772478833834 41.75083771317808, -87.53769471966534 41.750830286785465, -87.5376578912813 41.750824242440686, -87.53763639167182 41.750805322879515, -87.53761810703938 41.750781540236396, -87.53758935016775 41.75076564242718, -87.53753990793697 41.7507542678959, -87.53748951100465 41.75074299657405, -87.53746579559422 41.75073750848257, -87.5374137680691 41.750724798764665, -87.53737684558263 41.75072034461093, -87.53735247817052 41.75071128475987, -87.53733860584373 41.750695024521065, -87.53731790158888 41.75067421695702, -87.53727866898404 41.75065802770396, -87.53724182610053 41.750644215734965, -87.53721318361147 41.75063707460783, -87.537181260336 41.75063136481816, -87.53715396306282 41.750616163987374, -87.53713748452118 41.750597442992, -87.53712714059039 41.75058326629784, -87.53711902905219 41.750572423793656, -87.5370911122822 41.75056882787389, -87.5370569825718 41.75056381674269, -87.53702660525563 41.750551806113066, -87.53695889407098 41.75052408475851, -87.53691822955274 41.75050527982036, -87.53689001110524 41.75049632913086, -87.53685881590754 41.75047929058902, -87.53684938906264 41.75046212833672, -87.53683844557362 41.75044627279372, -87.53682409678147 41.750441920929006, -87.53680020908709 41.7504472700184, -87.53677829531874 41.75045312798496, -87.53674820176313 41.750450752181905, -87.53672716453026 41.75044503400739, -87.5366897370549 41.75043097110988, -87.5366592803816 41.75041352617083, -87.53662020713615 41.750390504078574, -87.53657195814586 41.750365608621934, -87.5365057029269 41.750341713715436, -87.53645337373332 41.75032378659541, -87.53640532119944 41.750303721952996, -87.53634809620397 41.75028161737802, -87.53629527216202 41.75026511472156, -87.5362634836863 41.75025164002203, -87.53623876070472 41.75023859698399, -87.53623272494072 41.750214020347066, -87.53621159587178 41.75020086628237, -87.53616034897075 41.7501991664919, -87.5361222014258 41.75019308369084, -87.53609210438776 41.750176134492875, -87.53608345926146 41.750169954769646, -87.5360563431055 41.75017270357666, -87.53601372448037 41.750163681556465, -87.53597869936611 41.75013632330145, -87.53595296286716 41.75012231428655, -87.53592373193122 41.75010358744551, -87.53590435847366 41.750093628275366, -87.53588063834931 41.75008855128769, -87.53584357319588 41.750074874181756, -87.53580628128714 41.75006193648474, -87.53577103995761 41.75004613186362, -87.53572132327953 41.75001834291379, -87.53570223817769 41.7500030627931, -87.53570021930966 41.75000035850692, -87.53568843188626 41.74998452490601, -87.53567720693613 41.74997366158521, -87.53564729086143 41.74996862526707, -87.53562240191532 41.749957255610326, -87.53560470743356 41.74993910218112, -87.53557716137061 41.74992326809651, -87.5355412716135 41.7499095441323, -87.53551886649805 41.74989585887165, -87.53548652646299 41.74987656201157, -87.53543873624179 41.74986497836051, -87.53537817644657 41.749846005899016, -87.53533473431398 41.749829431104295, -87.53530849088841 41.749815115903495, -87.53528588156117 41.749805984992, -87.53525785365201 41.74979363367121, -87.53523049754439 41.749795089503145, -87.53520380917314 41.74980184677498, -87.53518214359046 41.74978476413181, -87.53515722552609 41.74976090800281, -87.53513465276576 41.749746014121996, -87.53510614534981 41.74973986110101, -87.53507191401835 41.749737180602445, -87.53504714157827 41.749722245311105, -87.53499932033407 41.749701439791856, -87.53495685997879 41.74968259286903, -87.5349098929567 41.74966387937854, -87.53486761385612 41.74964525427009, -87.53483307620269 41.749628878021824, -87.53480286884917 41.74961486378738, -87.5347672686135 41.74959255217497, -87.53474273066442 41.74958538403829, -87.5346783013486 41.74957395902675, -87.53458946951564 41.74953571643053, -87.53456220561799 41.74951500052019, -87.53452406832758 41.74950803851027, -87.53446240555783 41.74949526136641, -87.53443514278149 41.74948628970787, -87.53438081473672 41.749446311474344, -87.53432200118263 41.74943423924066, -87.53421381681063 41.749410983287326, -87.53389916605829 41.74931109830314, -87.5337621228454 41.74925086688533, -87.53356680676553 41.74916169103022, -87.53352744060201 41.74914459470535, -87.53339476523497 41.74908694486987, -87.53323271217417 41.749034224148886, -87.5331940193496 41.74902188088876, -87.53302853533428 41.74895047335759, -87.53273625495477 41.74882000457224, -87.53244364273064 41.748716425534624, -87.53208240218007 41.748591511271755, -87.5318384348008 41.74846631557974, -87.53158170733448 41.74836518154277, -87.5313782383981 41.7482836278302, -87.53125094115167 41.74820644826627, -87.5311045680919 41.74813078122528, -87.53094829826176 41.74802595520058, -87.53091177025254 41.747957641999406, -87.53090240626095 41.74788567577311, -87.53088537214487 41.74784109980364, -87.53086410820008 41.74772404423985, -87.53081030451423 41.74751290621514, -87.5307647679075 41.7472853592476, -87.53075739400649 41.74711241727965, -87.5307056382806 41.746913369100994, -87.53069923030131 41.74672177213216, -87.53066980533217 41.74661289147955, -87.53064945438305 41.74648157334628, -87.53064835693557 41.74645192677097, -87.53062049951927 41.74627609647303, -87.5305736196383 41.74603866126321, -87.53056515071432 41.74591255636422, -87.53017563171109 41.74310112556015, -87.53007901133562 41.742403837655665, -87.53007574857978 41.742377414509505, -87.53006639079989 41.742343374029076, -87.53005137428421 41.74231050226827, -87.53005345544669 41.74230807414335, -87.53006478000978 41.74229031539658, -87.53007062652158 41.74227109128153, -87.53007061483515 41.742251387736, -87.53006484599949 41.74223216434909, -87.53005352440674 41.74221438413272, -87.53003722725339 41.74219890286062, -87.53005482891501 41.74218022731653, -87.53006725369937 41.74215945735606, -87.53007412488188 41.742137304332104, -87.53007521499839 41.74211456077245, -87.53007047495187 41.74209207987466, -87.53006007963204 41.74207068398847, -87.53004438178723 41.742051200307735, -87.53004566985938 41.74205076993769, -87.53005574708659 41.74204483049154, -87.53006135253688 41.74203616860739, -87.53006128744872 41.74202653700809, -87.53005560623897 41.74201793577224, -87.53004541919722 41.742012045529144, -87.53003283853627 41.74201011903917, -87.53002449587503 41.74200931971597, -87.5300098245173 41.742004607300174, -87.52999834840384 41.74199623835441, -87.52999163264096 41.7419853789836, -87.52999053490821 41.74197343254305, -87.53000924673331 41.74196560599455, -87.53002510984041 41.74195408155812, -87.53003635329904 41.741939835448285, -87.53004226727228 41.74192387740866, -87.53004236413858 41.74190732857985, -87.53003670160666 41.74189134632715, -87.53003987284015 41.74179268190465, -87.53003492574257 41.741760484678544, -87.53002189920322 41.741706083923624, -87.53000314307315 41.7416526587129, -87.52997880507601 41.741600510796516, -87.52992540911704 41.74152768822195, -87.52991969736993 41.741518455613274, -87.5299071598287 41.74150439886812, -87.52987900814716 41.741478817279265, -87.5298466041412 41.741456251862914, -87.52981049475764 41.74143709089398, -87.5297713333942 41.74142166937059, -87.52972981384328 41.74141026405063, -87.5297112642163 41.74141405897902, -87.5296669634235 41.741419868864554, -87.52962202312105 41.74142133722812, -87.52957720968396 41.741418416308875, -87.52949622763613 41.74139820123567, -87.52448335737662 41.74145086676793, -87.52447954869638 41.74146832133244, -87.52446228679969 41.7414685284428, -87.52446332442045 41.74138585124867, -87.52988666838519 41.74132875661186, -87.53010952700751 41.741237174386605, -87.53012605340162 41.7412342431006, -87.53014689683367 41.74123458148368, -87.53016677185059 41.74123921951302, -87.53018877795418 41.74126404589034, -87.53053478870922 41.7411607807029, -87.5306269600273 41.74112986616855, -87.53066713947887 41.741119334446964, -87.53068695805949 41.74111672769935, -87.53133346447652 41.741104776412264, -87.53176001498814 41.74110116594819, -87.53362751231712 41.74108108280486, -87.53380414902668 41.74107918423153, -87.53684873900991 41.74104544397637, -87.53985520085637 41.74101300648227, -87.53985048567297 41.740741288548264, -87.53983895816775 41.74072529057774, -87.53983004427965 41.74049690406394, -87.53886926614325 41.74050069277524, -87.53667853241168 41.740527237788484, -87.53418068692318 41.74055819151386, -87.53363391325867 41.740565199665326, -87.53140650947155 41.740593747846304, -87.52985663797902 41.740607317209744, -87.5298162736117 41.740347562102116, -87.52983432110987 41.74034593080971, -87.52979664090674 41.74002960774941, -87.52978377506358 41.73995657423209, -87.52979018983635 41.73994459839164, -87.52977916554502 41.73991477250823, -87.52977858779957 41.73990239212332, -87.52977937922371 41.739877094849554, -87.52978133202564 41.739867504369656, -87.5297740059372 41.73984651256795, -87.52977869398343 41.739829174714444, -87.52980346280941 41.739820374949716, -87.5298139111253 41.73981405276311, -87.52979805807837 41.73980716398936, -87.52977549299233 41.739803794597066, -87.52976681677373 41.739788504334065, -87.52975121219542 41.73965581722991, -87.5297309624936 41.73959305018334, -87.52973099215768 41.73955248918415, -87.52972890502055 41.73952898420077, -87.52972379708226 41.739509519612504, -87.52972061637287 41.73947673057365, -87.52972605196403 41.739446195974296, -87.52972505393014 41.73942047471901, -87.52972469724416 41.7393873758994, -87.52971286652905 41.73935773704383, -87.52971127935012 41.73933212151137, -87.52970436219634 41.739308033525205, -87.52967973956464 41.73916117828955, -87.52967493797505 41.73906421646894, -87.52965754554681 41.738954624566574, -87.52964329513861 41.7388544111769, -87.52963582241759 41.738801422248955, -87.52958803020054 41.7384087903321, -87.5295575943118 41.73832251561858, -87.52956874554157 41.73828930461805)))"
[2] "MULTIPOLYGON (((-87.54330980650592 41.75207628915523, -87.54430819274914 41.75207050251687, -87.54457641755782 41.752069157853036, -87.54485994683425 41.75206773482019, -87.54516636425696 41.75206619619352, -87.5453282354373 41.75203966011097, -87.54538199208335 41.752030846938275, -87.54545868676756 41.752023342596615, -87.54551408157555 41.75201792234109, -87.54562423479818 41.752014483733525, -87.54572380329085 41.752011375821745, -87.54588388924314 41.752007315865484, -87.54604238478484 41.75200549298259, -87.5462983463449 41.75200219562315, -87.54657606879019 41.751998242687336, -87.54684841939266 41.751994364852955, -87.54814954751271 41.75197583020937, -87.54836926805011 41.751972698324735, -87.54871418322934 41.75196778210214, -87.54899025908144 41.751963952540514, -87.54899753211274 41.75196385183108, -87.54927161411993 41.751960048498084, -87.54991001391024 41.751951188750844, -87.55019325454363 41.751947349329704, -87.55105896176806 41.75193560888556, -87.55163376611176 41.75192767328418, -87.55181674134897 41.751925138336226, -87.55228777038103 41.751918630978885, -87.55243570321 41.75191658611262, -87.55249444773604 41.751915775283905, -87.55249715133886 41.75191829485368, -87.55254248604462 41.75196034626326, -87.55263544917204 41.75204657775502, -87.55272991068638 41.75213419779962, -87.55283187262616 41.752228774466886, -87.55292136942785 41.75231178860589, -87.55301086525738 41.75239480266776, -87.55309961224509 41.75247712189933, -87.55320688298903 41.7525766214267, -87.55329488260267 41.7526582457566, -87.55339984251032 41.752755600965884, -87.55351280123135 41.752860376200324, -87.55359998593867 41.752941244764386, -87.55370038804276 41.753034372194094, -87.55382690503535 41.75315172078458, -87.5539292114287 41.75324661392942, -87.55403267505406 41.75334257995523, -87.55412679670172 41.75342988230817, -87.55421770105679 41.753514200587496, -87.55429173669806 41.75358287233649, -87.55436024344543 41.753646415026004, -87.55441949001799 41.753701369403906, -87.55441972187249 41.753701585261005, -87.55441996205593 41.75370180837744, -87.55442026526369 41.75370208954408, -87.5544205886817 41.75370238975522, -87.55444718054943 41.753727053470605, -87.55448123012599 41.75375863656782, -87.55456882390212 41.753839882610826, -87.5546459221072 41.75391139390896, -87.55471402169329 41.75397455907662, -87.55481533066522 41.75406852629878, -87.55490904775985 41.75415545161379, -87.5550115130718 41.75425049071876, -87.55509573360206 41.754328606368155, -87.55518845143409 41.75441460451808, -87.55527695306114 41.75449669079578, -87.55535942628212 41.75457318547697, -87.5554333073873 41.75464171137835, -87.55551512461265 41.75471759646439, -87.55559297404992 41.75478980097956, -87.55566685565076 41.75485832673242, -87.55573602027219 41.75492247808588, -87.55581321382088 41.754994073870805, -87.55589659439987 41.75507140893438, -87.55596957055565 41.75513909373168, -87.5560585735886 41.755221642875924, -87.55615013937711 41.75530656822403, -87.55622939574229 41.7553800774353, -87.55633894253177 41.7554816800312, -87.5563407107546 41.75548331893618, -87.55634235648542 41.75548484536834, -87.5563441947764 41.75548655677572, -87.55639087705471 41.755529847452664, -87.55644657876631 41.75558150940281, -87.5565167437902 41.75564658721137, -87.55658384938322 41.755708824371794, -87.55665565950098 41.755775306070205, -87.55673404760921 41.75584782226768, -87.55681458232324 41.75592232470312, -87.55688418762429 41.75598671513011, -87.55694974391962 41.7560473623764, -87.5570328465662 41.756124238246464, -87.55710146407989 41.75618771610609, -87.55716916966126 41.756250347729726, -87.55725592239726 41.75633060102776, -87.55733066107626 41.75639973922962, -87.55741260399004 41.756475540965184, -87.55749588016923 41.75655257613153, -87.55758174063821 41.75663200292956, -87.55763617816002 41.75668236014576, -87.55770711578693 41.756747982650104, -87.5577871592374 41.75682202729932, -87.55786537745482 41.75689438310649, -87.55793796973765 41.7569615346381, -87.55803341152942 41.757049822253386, -87.55812024133822 41.75713014383875, -87.55820475241367 41.75720831946783, -87.55828001993812 41.75727794500555, -87.5582803327008 41.75727823432954, -87.55828069540978 41.75727856990871, -87.55828115444757 41.75727899437276, -87.5582815421784 41.75727934902825, -87.55832916177734 41.757323403333075, -87.55839289774744 41.75738236100152, -87.55839827657063 41.757387336643816, -87.55845448490932 41.75743933145799, -87.55851730778176 41.75749744466526, -87.55858775369016 41.757562608623054, -87.55866120846513 41.75763055692296, -87.55874577316973 41.75770878113052, -87.55879692548227 41.75775609674265, -87.55886596507347 41.757819960834745, -87.55892432192728 41.75787394168256, -87.55898475171793 41.75792983982775, -87.55905246094206 41.757992471254006, -87.55911271851612 41.758048209707574, -87.5591781077613 41.75810869607942, -87.55924623716568 41.75817171557453, -87.55932504970723 41.758244617296704, -87.55938580128357 41.7583008127137, -87.55947867943071 41.75838672470907, -87.55953678994098 41.758440476692925, -87.55961733112281 41.75851497718522, -87.55967031021291 41.758563982072424, -87.55973893412558 41.758627457481865, -87.5598220410091 41.75870433134034, -87.55990465575393 41.758780748044835, -87.55998801160572 41.75885785034804, -87.56008254563638 41.75894529189883, -87.56020969942315 41.75906290507347, -87.56021365019609 41.759066560099654, -87.56022586022064 41.75908008279904, -87.56027107702147 41.75906927304366, -87.5608930995132 41.75906042316529, -87.56159099222486 41.75905048504383, -87.56239483065178 41.75903903156302, -87.56273527445802 41.75903413064345, -87.56314551261896 41.75902822452775, -87.56344944514886 41.75902384653282, -87.56394867493547 41.7590178612796, -87.56427910148737 41.75901389800267, -87.56476341666482 41.75900771933668, -87.56516521701562 41.75900259229681, -87.56582545172189 41.75899416116663, -87.56637312334463 41.75898784521694, -87.56638277584419 41.759460654128105, -87.56638625865124 41.75963128973591, -87.56638992854208 41.75977248039421, -87.56639287828422 41.759900329245774, -87.56640030930902 41.760267456401216, -87.5664117935351 41.76080277304119, -87.56642152289889 41.76125623003588, -87.5664404356192 41.762173471871655, -87.56645042199861 41.76261940438859, -87.56584040999158 41.76262628020256, -87.56489067741191 41.76263833870106, -87.56413260097287 41.76264795869917, -87.56376743620875 41.76265259009482, -87.56360304094913 41.76264984205185, -87.56351515829734 41.76264766139499, -87.56379946887589 41.762962635509574, -87.5639841264828 41.763168652098464, -87.5643705840521 41.76360033595112, -87.56466046121709 41.76391924189993, -87.56470104615752 41.7639638334958, -87.56487052254936 41.76414935668644, -87.5649830138139 41.76427233969955, -87.56515506382269 41.7644620231171, -87.5650357629376 41.764486406553445, -87.56491779287254 41.76451051695499, -87.56487461102789 41.76451934154259, -87.56468833957433 41.7646107980045, -87.56442787054742 41.764742729242705, -87.56423613371805 41.76483746890331, -87.56401658366086 41.76494371223265, -87.5638806020672 41.765010421078074, -87.56360744801493 41.76514902446124, -87.5634755638877 41.765215944848556, -87.56325869208528 41.765324785086875, -87.5630661232833 41.76542132781963, -87.56297644897717 41.765466263898304, -87.56283033478641 41.76553947975269, -87.5625689542857 41.765670467859536, -87.56232317102219 41.76579358108117, -87.56214218006184 41.76588423869015, -87.56196446671676 41.765973607098914, -87.56176477229656 41.76607405235513, -87.56155558320035 41.76618980076333, -87.56146338670574 41.766295183944, -87.5613754303639 41.766295631989344, -87.56129289215104 41.766296051551386, -87.5611357305983 41.76629685276027, -87.56101277227819 41.76629828794692, -87.56092868896044 41.76629938743382, -87.56083411476797 41.766300624301834, -87.56037281513805 41.76630572296596, -87.56044323222419 41.76625049255855, -87.56051602694774 41.766171397047586, -87.56055217659025 41.76609150668844, -87.56058200992578 41.7659879736895, -87.56059552530422 41.765900246528176, -87.56062305372477 41.76580547918865, -87.56062105592466 41.76572752909465, -87.56061181568197 41.765642393162146, -87.56058562051555 41.765564827731346, -87.56055078177256 41.76547458025507, -87.56051367667199 41.76538980699568, -87.56046887357704 41.7653357174095, -87.56043423389373 41.76528992903958, -87.56035832283219 41.76532344820579, -87.56014486193976 41.765089843187006, -87.56022020401723 41.76504259979753, -87.56016812369097 41.764984071882694, -87.56012183528581 41.76494075573358, -87.56005741043627 41.76491518597349, -87.56004101062044 41.76490728120343, -87.56002213050094 41.76490122617538, -87.56000135021132 41.76490108630173, -87.55998056097498 41.764904595509385, -87.559968861289 41.764911378371735, -87.55993601832849 41.7649509485458, -87.55991881402122 41.76495816073193, -87.55989431788282 41.76496211135409, -87.55984246357156 41.76495808609819, -87.55981880862836 41.764943766029376, -87.55978738883057 41.76491380580139, -87.55975668490542 41.76487611182, -87.55972419258676 41.76483472873161, -87.55968672651166 41.76480154500189, -87.55966977386775 41.76478771030896, -87.55964194226524 41.76476419554698, -87.55962985796499 41.76475404367853, -87.5596141414684 41.76474112126005, -87.55960203319714 41.764730062568105, -87.55959002012827 41.76471398322721, -87.55958785578257 41.7646897355526, -87.5595979053985 41.76466784893808, -87.55960102891692 41.76466100925647, -87.55960114991318 41.76465093868215, -87.55959953722551 41.76463262357111, -87.55958995878085 41.76461839825415, -87.55954536727934 41.76456502281041, -87.55952907706975 41.76454800889681, -87.55951706438786 41.76453190163944, -87.55951661723653 41.764517272334075, -87.55954434777642 41.764497341537435, -87.55974234998456 41.76439118225671, -87.5597015816098 41.764327788235086, -87.55965694603003 41.76427809049241, -87.55960877186136 41.76422104179855, -87.55956524471046 41.76418279501795, -87.55952282959103 41.76415278857224, -87.5594876987973 41.76412966398244, -87.55943939394271 41.764080409624675, -87.55940117927152 41.764057730619854, -87.559343331112 41.76404318010856, -87.55928041475411 41.76404138408838, -87.5591119250426 41.76388198587616, -87.55909438288207 41.763865401936435, -87.55897907087935 41.763752574490844, -87.55882482861153 41.76382563144766, -87.55880268400001 41.76383826992696, -87.55872407904535 41.76387937157372, -87.5586662044283 41.76390963489842, -87.55845597503537 41.764017521383394, -87.5583180540996 41.763876633331904, -87.55757247459114 41.76311508203008, -87.55770097828349 41.76304871280223, -87.55764967614492 41.762995787404826, -87.55764249451032 41.76293168663152, -87.55764110624285 41.76284616496651, -87.55760242850073 41.76281022808111, -87.55753312936413 41.762781851791374, -87.5575100381311 41.76277255544045, -87.5574948431922 41.76276512752769, -87.55742684621056 41.76272899078774, -87.55739584746298 41.76271596665364, -87.55737337913281 41.762706675382525, -87.55731807773911 41.7626816041752, -87.55723854972437 41.76264127480615, -87.55716624291604 41.762606948227145, -87.55710863163112 41.76257269478028, -87.55705890513023 41.76254126587845, -87.55702069220362 41.76251858699094, -87.55699217530406 41.76250330071443, -87.55690846311732 41.76245427150533, -87.55686964518328 41.762430215434506, -87.55683702803508 41.762399340539964, -87.55678517053364 41.76234410518519, -87.55675625247316 41.76231053889302, -87.55671948549632 41.76226819327842, -87.55664934581333 41.76220918243087, -87.55659841578563 41.76217727880756, -87.55653594494142 41.76213890279677, -87.55645763215651 41.7620981156173, -87.55641813823196 41.76208138192688, -87.55637253924986 41.762063235692864, -87.55633672933949 41.76204515654489, -87.55631791816435 41.76203358488642, -87.55626159550891 41.76199297330425, -87.55623198791925 41.76196486378042, -87.55621096265081 41.761936372026184, -87.55619347680013 41.76191841587699, -87.55614758626956 41.76187282470108, -87.55607856909756 41.7618211211904, -87.55601787763008 41.76178731364123, -87.55598815285829 41.76177201804197, -87.55594319598032 41.761749321075676, -87.55589466704598 41.76172198919218, -87.55580672417331 41.76166834683105, -87.55573390996236 41.76162759456799, -87.55563969960274 41.76158900414374, -87.55559338013576 41.761579084686936, -87.55552131477235 41.761579502580645, -87.55545398822274 41.761588213289535, -87.55543434880308 41.761596752554524, -87.55535101997886 41.761616330204824, -87.5553248278403 41.76161203730841, -87.55526973669224 41.76162126833756, -87.55516537782229 41.76166125948009, -87.55497612060572 41.76175375052964, -87.55487554091783 41.761787372675464, -87.55480242863653 41.76177131639586, -87.55476748447798 41.761729916177515, -87.55473680371986 41.761639145855845, -87.55466960512489 41.761488660352654, -87.55452780627526 41.761293787536715, -87.55443406410737 41.76116507625992, -87.55438252531641 41.761080558762366, -87.55434745432956 41.76105287899406, -87.55427903352928 41.76105197568711, -87.55425114476336 41.761033481414266, -87.5542096128606 41.76098243044041, -87.55417542071562 41.76093052346884, -87.55414919268205 41.76087773863004, -87.55410598113295 41.760813858742914, -87.55406972426435 41.7607811486541, -87.55403268987804 41.76076122015116, -87.55399562604433 41.760746807924384, -87.55394088733819 41.76072676109682, -87.55390680201502 41.76071464695044, -87.55387278513236 41.76069976015843, -87.55373244827425 41.76063569023727, -87.55366800433426 41.76060918218663, -87.55358596797814 41.7605734160786, -87.55348631529945 41.76053066961664, -87.55338788811692 41.760486532232626, -87.55332707498815 41.76046279202685, -87.553248075375 41.76043069634189, -87.55315811997727 41.76039213367095, -87.55286766864317 41.76026345550217, -87.55282392757964 41.760243508960414, -87.55278507519911 41.76022540803405, -87.55269391762765 41.76018636864614, -87.5525622003913 41.760115932712814, -87.55246801768136 41.76007549954247, -87.55246072109007 41.760072707462214, -87.55238231895463 41.76003970858253, -87.55225173855258 41.75997523588272, -87.55213676508251 41.75993559386278, -87.55195245276555 41.759871221844946, -87.5517968013521 41.759812972451, -87.55172141028865 41.75978260193734, -87.55171714198127 41.759780872124765, -87.55161867788078 41.75973997065663, -87.5515378365872 41.75970876612274, -87.55152262077391 41.75970317400522, -87.55145267328068 41.75967709364489, -87.55135848778721 41.75963709891956, -87.55125692555947 41.759600732762195, -87.55116391625553 41.75956351718316, -87.55106913350822 41.759521242051335, -87.5509906660957 41.75949373125461, -87.55086481095617 41.759444849126325, -87.55082462495305 41.7594340637598, -87.55077293281389 41.75941403617169, -87.55069697095094 41.759382425807246, -87.55062338281202 41.75935448161209, -87.55050359834779 41.75930975687837, -87.55043300359591 41.75928594849008, -87.55033870669179 41.759255118705845, -87.55024569186016 41.75921834352037, -87.55017999683044 41.75919547413204, -87.55000971389886 41.759132127396825, -87.54998598706375 41.75912417213274, -87.54954549495322 41.75895637373889, -87.54916228066344 41.75884365771374, -87.54899638514362 41.7587965017349, -87.5489666009077 41.75879226389899, -87.5489236265392 41.7587847820498, -87.54887535878746 41.75877256867908, -87.54880475850084 41.75875227424706, -87.54870886717991 41.75872620683203, -87.54865279165645 41.758717068787405, -87.5486156846424 41.758715279338674, -87.54857892835611 41.75871184461979, -87.54857120458287 41.7587110778795, -87.54850628286343 41.75870289584241, -87.54840100262889 41.758692434752106, -87.5481812934916 41.75867893983356, -87.54813678102484 41.758677401241556, -87.54809638277821 41.75867808582256, -87.54806409062024 41.758678358508675, -87.54802778121459 41.75867723248283, -87.54797422812295 41.75867464434081, -87.54793793044523 41.75867571253738, -87.54788771006147 41.758682340685375, -87.54784760304521 41.75869227473923, -87.54781335919543 41.75869925787946, -87.54773259009635 41.758707349954626, -87.54764302506523 41.75871532780016, -87.54758111255119 41.75871913066651, -87.54754349147863 41.75872054712935, -87.5475429035175 41.758720543108026, -87.54744599684057 41.758720677094495, -87.54738256619936 41.75871950219848, -87.54733771692824 41.75871856333178, -87.54729304308923 41.758721083919966, -87.54724584414562 41.75872054220578, -87.54719984187741 41.758726978325704, -87.54708826682504 41.758742625637005, -87.54701754650075 41.75875624754351, -87.54697262252195 41.75876428278374, -87.54693676060265 41.75877161112905, -87.54690960034971 41.75878371959897, -87.54688283990538 41.758802279157564, -87.54685073616244 41.75882000801746, -87.54680192699449 41.758831089513826, -87.54669829414031 41.758847613743335, -87.54668017894927 41.75885144317911, -87.54659034373016 41.75887846270853, -87.54636392926359 41.75896703420804, -87.54606427078845 41.759095471802915, -87.54574504127464 41.759250806773146, -87.54550977552984 41.75936157272956, -87.54544757894281 41.75940033426243, -87.54540861453559 41.75943052883027, -87.54536856656892 41.759465546368915, -87.54533777975006 41.75949233872567, -87.54531540776384 41.759511478132616, -87.5452823606688 41.759537349212074, -87.54524543384076 41.75955981913075, -87.54521146332792 41.75957742307939, -87.54515221422292 41.7596179072444, -87.54493547179001 41.759751164856034, -87.54475869131296 41.759880470073035, -87.54464743740662 41.759971613943904, -87.54456047707703 41.7600361649847, -87.54450395542678 41.76007244216067, -87.54443340020006 41.760111200668916, -87.54438683731001 41.76013640245064, -87.54434710800935 41.76015415927181, -87.54431917310808 41.76016659223577, -87.54427617516518 41.760181911827324, -87.54424523064627 41.76019177069102, -87.54421439908444 41.760198199962275, -87.5441947673285 41.76020004050362, -87.54417337856381 41.76019885097658, -87.5441581544992 41.76019701771882, -87.54415259438599 41.760192972938164, -87.5441508972793 41.76019104081938, -87.54412124042972 41.76016440802463, -87.54409111428129 41.760155173196786, -87.54408271116459 41.76014712930492, -87.54406014529874 41.76013111179542, -87.54404166264888 41.760123082388795, -87.54403440820002 41.760113839006, -87.54401074435144 41.7601067607905, -87.54398617359641 41.76010176156593, -87.5439609934437 41.76009889919794, -87.54393552907905 41.76009822994187, -87.54391014601818 41.760099757209375, -87.54388514193528 41.76010342722381, -87.54386087840801 41.76010927038104, -87.54385300640993 41.760111659856705, -87.54409079832902 41.76034562442611, -87.54432991365495 41.760570350920325, -87.54434372595401 41.76058279507, -87.54435964686975 41.760593716789145, -87.54437742109377 41.76060295045873, -87.54439668219878 41.760610272073926, -87.54441710651462 41.76061559927963, -87.54443825203788 41.76061879128563, -87.54445982933888 41.76061981729276, -87.54446499743597 41.760619742935035, -87.54524056382634 41.760619823709206, -87.54644351858364 41.76061552716318, -87.54647039728165 41.76061757859451, -87.54649307309559 41.760630466742924, -87.54649244010427 41.76064635280707, -87.54647679570431 41.76065184318194, -87.54645706022094 41.76065006126335, -87.546434711443 41.76065243279613, -87.5464108290868 41.76065709873424, -87.5463788976337 41.760657785778825, -87.54633601794751 41.76065743713872, -87.54608296262211 41.760660890384216, -87.54604741476736 41.76065148116387, -87.5460015028774 41.76064735173017, -87.54594183457273 41.76065018139614, -87.54589881844187 41.76065194479536, -87.5458142026706 41.76065685339883, -87.54573635257377 41.760653767232924, -87.54568522813014 41.76065629879409, -87.54566298318086 41.7606590274298, -87.54563772028878 41.76065975998698, -87.54558653743243 41.76065811975018, -87.54544698833176 41.7606560644066, -87.54536968494374 41.76065635717942, -87.54532113362059 41.76066126696178, -87.5452643677432 41.76066353905426, -87.54521159841532 41.76066556482582, -87.54517483415869 41.76066575199864, -87.54516476550681 41.76066496804266, -87.54489040434773 41.76066917915583, -87.54443362629733 41.76067619778912, -87.5444103303692 41.76067499340962, -87.54438742769915 41.760671626367625, -87.54436524712115 41.76066615024189, -87.54434419076068 41.760658623616486, -87.54432455034193 41.76064918444933, -87.54430661754436 41.76063797429961, -87.54429071947946 41.76062518719069, -87.54428858295948 41.760623196234114, -87.54367008223696 41.760057107899016, -87.54328026002395 41.75970071547663, -87.54324615722429 41.75970503676705, -87.54321299724754 41.75970719557129, -87.54318496837203 41.75970327172911, -87.54316422051517 41.75969464947355, -87.54313721753846 41.759675911899116, -87.543104147551 41.75964986040545, -87.54304101077648 41.759600852766575, -87.54293505437947 41.759501987667036, -87.54256635041571 41.759133443708436, -87.54256095730493 41.75912805486635, -87.54254756738958 41.759105158461466, -87.54253686170101 41.759081455803546, -87.54252902421797 41.759057142636834, -87.54252404865537 41.759032436805015, -87.54252197297521 41.759007478125106, -87.5425228305927 41.75898248291298, -87.54252661825718 41.758957617712205, -87.54253283925412 41.758934554668144, -87.54256973173734 41.75885802254167, -87.54262731166605 41.75873857500191, -87.54257183489324 41.75868671076361, -87.54164911022386 41.757824026493324, -87.54154997055231 41.757832783550754, -87.5414467424198 41.757837340987905, -87.54137602037036 41.757836222364105, -87.54130971205504 41.7578307430816, -87.54125435172996 41.7578231450681, -87.54121139653888 41.757814229799855, -87.54118048490392 41.75780660763441, -87.54114845965957 41.75779401051137, -87.5411047210395 41.75776236928679, -87.54108795490224 41.757745869874576, -87.54105908448238 41.757715127072714, -87.54102201931762 41.757683312148295, -87.54096983104566 41.7576413206176, -87.54082615656677 41.7575046242094, -87.5407412100311 41.757426292375996, -87.5406822365308 41.75737591299472, -87.54064643554494 41.75734556164704, -87.54062495322191 41.75732518690239, -87.54060672708233 41.757305110130076, -87.54059888209619 41.757290373874675, -87.54059675839709 41.75726928365794, -87.54060503117846 41.75724642484498, -87.54062365836768 41.757227755707824, -87.54067019443369 41.75719588630616, -87.5407323180509 41.757154025112264, -87.54078047565116 41.7571215086906, -87.5408413350212 41.75708710267808, -87.54088885932865 41.757058259801795, -87.54091594992326 41.75703992089896, -87.54092878504916 41.757030321578405, -87.5409362244823 41.757027493545074, -87.54094789836452 41.75702598132617, -87.54095900636891 41.75702570139403, -87.5409754290099 41.75702836716832, -87.54098591064465 41.7570314025313, -87.54099638483872 41.757035042882116, -87.5410532626211 41.75700250274926, -87.54104359894848 41.756995630307955, -87.54105582761787 41.75698479240103, -87.54108372344503 41.75697244368637, -87.54109840063671 41.75696812684045, -87.54112276060458 41.75694820603893, -87.54114053166721 41.75693968514364, -87.54120321489175 41.75690888754073, -87.54121608756462 41.75689926053551, -87.54123380604008 41.75688601778909, -87.54126107986201 41.75686762784652, -87.54129544459687 41.75685098665558, -87.54137908930484 41.75680545955408, -87.54143511378163 41.756767864144045, -87.54156510105945 41.75668538782208, -87.54169628805316 41.75661249852032, -87.54176816081569 41.75656164813888, -87.54180021420433 41.75653609984143, -87.5418277089536 41.756520646449964, -87.54184948390187 41.7565083094014, -87.54193897001262 41.75646477050258, -87.5420300736688 41.75641180242621, -87.54210204038817 41.75636814273516, -87.54219101571871 41.75632122468051, -87.54223634793345 41.75629464134955, -87.5422828029789 41.756266311835006, -87.54232347132329 41.75624057510652, -87.54237081751914 41.75621702538685, -87.54249525012558 41.75614793048881, -87.54260386340616 41.756077656056085, -87.54260981344201 41.75607380025896, -87.54270933658988 41.756012600892255, -87.54280744076078 41.75595051382633, -87.54291941765187 41.75588377453014, -87.54297094397842 41.75585122543313, -87.54303047184231 41.755820678826325, -87.54306385224075 41.75579725333913, -87.54310090595702 41.755773439843274, -87.543144310426 41.755751619288034, -87.54317418783116 41.75572998029504, -87.54320394865319 41.755711962631004, -87.54324128827548 41.755691692161996, -87.54327080587981 41.75567850232609, -87.5433023969495 41.75566066288792, -87.5433374092553 41.75563867470817, -87.54336605341908 41.755622187134385, -87.54339766781817 41.755602342733724, -87.54342446867702 41.755580655511366, -87.5434514784342 41.755565857454656, -87.54347623984872 41.75555496679292, -87.54348216382337 41.75555303213411, -87.54356718383775 41.75550284812538, -87.54367597216137 41.75543007627831, -87.54376165318764 41.75538263915663, -87.54380463516878 41.75535041541468, -87.54385099775236 41.75532049189082, -87.54391497960805 41.75527630889751, -87.54394554297383 41.75525566210686, -87.54396130290343 41.75523466780363, -87.54396781523718 41.75521758684306, -87.54397016729347 41.75520207093217, -87.54397321344081 41.75518074077812, -87.54397716857676 41.75516608581853, -87.54397819532194 41.7551510812087, -87.54397072126554 41.75514194614986, -87.54395952753106 41.75513119460229, -87.54395330148834 41.75511303932974, -87.54395794277428 41.75509312019159, -87.54395022102362 41.75506828569279, -87.54393994918729 41.75505707319158, -87.54393347756275 41.75504679255976, -87.54394067592371 41.75502475084082, -87.54395141131391 41.755010006512684, -87.54396536178436 41.754993115310995, -87.54398153456656 41.75497728108952, -87.54399515765898 41.7549662048462, -87.54401018024592 41.75496043592084, -87.54403004719431 41.75496027078735, -87.54404036721421 41.754961466231556, -87.54404224385543 41.75496090289482, -87.54408230870953 41.754915403038645, -87.54411374720857 41.75487708909102, -87.54414104090513 41.75484486729605, -87.54416328190516 41.75481540820024, -87.54417809545998 41.754796958078494, -87.54418075312726 41.75476846380327, -87.54417196018471 41.754747245, -87.54415831384003 41.754724400126065, -87.54415437294293 41.75470796223553, -87.54416878575097 41.75468629958645, -87.54416944236651 41.75467156794074, -87.54416485760964 41.754653999280336, -87.54415412305589 41.75462667531804, -87.54415139260091 41.754616255629735, -87.544171292909 41.75461021766688, -87.54419076378225 41.754603408745794, -87.54420735135861 41.75458373641386, -87.54420961179174 41.754563718077954, -87.54420425019889 41.754543702312844, -87.54421235671205 41.75451612330926, -87.5442257712343 41.754495166879025, -87.54423886538522 41.75447022866525, -87.54425004349055 41.75444936581532, -87.5442593875655 41.75441960023512, -87.54426263843251 41.75440255267777, -87.54427532626461 41.75437799702199, -87.54429230887042 41.754352865819236, -87.54430503461496 41.75433129960831, -87.54431321561779 41.75432158690868, -87.54432132138616 41.75431821311136, -87.54433089147994 41.75431770170309, -87.54434161984102 41.75432148034995, -87.54441321292911 41.75413157239552, -87.54434089766515 41.75397056181171, -87.54425409973747 41.7537203441897, -87.54420987172634 41.75361194345117, -87.54414661310558 41.75344471043766, -87.54406478146566 41.75326788253329, -87.54399764611318 41.75313890512017, -87.54392694317727 41.75297807099504, -87.54386732856477 41.752854442880235, -87.54378993457513 41.752683350826345, -87.54371608613529 41.7525341851945, -87.54367076548989 41.752464252623845, -87.54360702513162 41.75237536513828, -87.5435675877116 41.75232201884526, -87.54353716102003 41.75227787401529, -87.54351442764222 41.75224593869945, -87.54349103040427 41.75222039315878, -87.54347043893388 41.75220499323027, -87.54344422341325 41.75218513567527, -87.54340942046458 41.752160198676684, -87.54337588260182 41.7521336776321, -87.5433558449281 41.75211498798044, -87.54335562828325 41.752114711881624, -87.54330980650592 41.75207628915523)))"
[3] "MULTIPOLYGON (((-87.55891967723052 41.71541187869641, -87.55891812390466 41.71530013032774, -87.55891656499223 41.71518764632169, -87.55891339090525 41.714958656897, -87.55891088316842 41.7147776640728, -87.55890819595221 41.71458379482342, -87.55890495753381 41.71435005641965, -87.55890175121228 41.71411865016659, -87.55889934047875 41.713944694318, -87.55889787288916 41.71383881957618, -87.55889573587996 41.713684605154725, -87.55889375263564 41.71354140592434, -87.55889226069137 41.71343345657119, -87.55889109144474 41.713348075227024, -87.55889108987382 41.71334800588838, -87.55889108854068 41.713347916743324, -87.55889108808483 41.71334785461506, -87.55888959958243 41.71323911836294, -87.55888801501402 41.713124771289735, -87.5588860298901 41.71298152971573, -87.55888417038676 41.712847143170315, -87.55888230968543 41.712712756613705, -87.55888057203663 41.71258713863423, -87.55887871116721 41.712452666535846, -87.55887691362537 41.71232272909767, -87.55887514405391 41.712194866285394, -87.55887376385364 41.71209572862945, -87.55887235413707 41.71199434526326, -87.5588703285381 41.711848772344204, -87.55886839698643 41.71170997980212, -87.55886625710271 41.71155550960109, -87.55886400724566 41.711392483388174, -87.55886200124823 41.7112470807551, -87.55886018743466 41.711117099962756, -87.55885806164206 41.71096496088562, -87.55885639798578 41.71084599526295, -87.55885523504689 41.71076219406365, -87.55885368121459 41.71064979553853, -87.55885200555153 41.71052862753578, -87.55884996285204 41.710380979123414, -87.55884746506884 41.71020037157973, -87.5588450717437 41.710028680149065, -87.55884343151364 41.70990706399036, -87.55884110722975 41.709739631743176, -87.55883912049083 41.709596432391876, -87.55883762056276 41.70948835415931, -87.55883529422275 41.70932079403435, -87.55883260273959 41.709126796721996, -87.55883000341905 41.7089395365568, -87.55882740600036 41.70875231871555, -87.55882532541402 41.70860242539204, -87.5588230624344 41.70843939900772, -87.55882144916625 41.70832314737388, -87.55881936819819 41.708174688318664, -87.5588165115096 41.707969933189645, -87.55881308978397 41.70772306235509, -87.55881048091474 41.70753359888604, -87.55880645486099 41.70724258174218, -87.55880367956614 41.707042059747074, -87.55880221038205 41.70693592916476, -87.55880002222627 41.706779686591894, -87.55879788481404 41.70662502269766, -87.5587961100461 41.706497604505394, -87.55879516185 41.706429352203735, -87.55879464321212 41.706392079875, -87.5590187701574 41.70639154287178, -87.55964471699366 41.70639872021699, -87.56021397784694 41.70640524358584, -87.56028109029238 41.70640491986966, -87.56037321820735 41.70640447536367, -87.56086184219654 41.70640212741759, -87.56128009869475 41.706400116780344, -87.56146635967814 41.706399841005066, -87.56152378397212 41.706399755811944, -87.56156798792414 41.7063996907473, -87.5620692942922 41.70639789463198, -87.56267734526247 41.70639571379919, -87.56287935966749 41.70639498765519, -87.56327503435692 41.7063953546819, -87.56326158399057 41.70539743686924, -87.56325378304759 41.704581763811056, -87.563860322127 41.704578989420654, -87.56402468441996 41.70457823692039, -87.5640664264198 41.70457807968017, -87.56408405031488 41.70457801308185, -87.5644626515912 41.70457658792715, -87.56493259001192 41.704574816113976, -87.56495761983741 41.70457453959701, -87.5653441197322 41.704570269674385, -87.56551145784675 41.70456842118208, -87.56552917879107 41.70456878088368, -87.57092814219423 41.70446168142882, -87.57094892472342 41.704485004638215, -87.57096856067844 41.7045065303093, -87.57100102673729 41.704542121976836, -87.57110828761468 41.70465971001342, -87.57124169205947 41.70480595531279, -87.57138933646932 41.70496781178327, -87.57152309445479 41.7051144435509, -87.57168132771814 41.70528790352619, -87.57180115586534 41.70541926066452, -87.57194514503618 41.70557710356406, -87.57210199869121 41.70574904839739, -87.57226811469505 41.70593114475841, -87.57244826513681 41.70612862381727, -87.57261066681302 41.706306646135175, -87.57275852685531 41.70646872733555, -87.5729450927926 41.70667323490341, -87.57306558557373 41.706805314491056, -87.57322397420297 41.706978931798325, -87.57338637892869 41.70715695392182, -87.57355535144174 41.707342169941604, -87.57371374029226 41.70751578656381, -87.573916026145 41.707737516896636, -87.57403518718864 41.70786813165835, -87.57411836216862 41.70795938945659, -87.57411836571995 41.707959393981874, -87.5741183705151 41.707959394913914, -87.57423047343461 41.708084795638754, -87.57448735459268 41.70837222062126, -87.57482874364548 41.708754197427965, -87.57516755963574 41.70913328946204, -87.57557890551084 41.70959352612302, -87.57592461971133 41.70998032258277, -87.5762729152328 41.710370000853, -87.57655255042215 41.71068285870333, -87.5768000980028 41.71095981143221, -87.57713910547095 41.711339086085786, -87.57750427297435 41.7117476216907, -87.57785225063539 41.71213691934599, -87.57819160846785 41.71251656769425, -87.57860249200982 41.71297622847199, -87.57897938494551 41.71339785379441, -87.57931119320868 41.71376903980734, -87.57956134065203 41.71404886940258, -87.57980891394759 41.71432581570227, -87.58004108831203 41.71458552927126, -87.58029013681747 41.71486409764002, -87.580598051602 41.715208518407465, -87.58083279660126 41.715471119350966, -87.58111005695515 41.7157812771771, -87.58139695198682 41.716102211708225, -87.58168721283839 41.71642690494008, -87.58204280906813 41.71682464711639, -87.58215836346743 41.71695389448605, -87.57566486334571 41.71706870384236, -87.57522982378528 41.717074679725776, -87.57477798652413 41.717080883413914, -87.57460120940887 41.71708251555028, -87.57446082729487 41.71708381154235, -87.57413463829269 41.7170884906697, -87.57400292863767 41.71709051687259, -87.57400691998396 41.71724687080088, -87.57401125506495 41.717466719783864, -87.57402048972685 41.71780548432541, -87.57402294322517 41.717960690912186, -87.57402477287755 41.71807640340027, -87.57402951031456 41.71828382278224, -87.57403776243187 41.718671868513134, -87.57404368585462 41.71883601791165, -87.57346940425185 41.71884207355322, -87.57299271583217 41.71884827963007, -87.57259803175924 41.7188520878658, -87.57200417567404 41.71886072389046, -87.57182316619759 41.71886304579372, -87.57140879304485 41.71886835902403, -87.57099680030196 41.718873685651644, -87.57099995552026 41.71902218380376, -87.57100976577559 41.719410157175034, -87.57101615156053 41.719768606480336, -87.57102316696657 41.72012025499087, -87.57102796424718 41.72036521637102, -87.57103450878853 41.72049945720069, -87.57103993764592 41.720536020971466, -87.57105844893015 41.72056597372272, -87.57107552402138 41.72059105407932, -87.5710831478587 41.720602252956155, -87.57108358905009 41.72060264754102, -87.57111250717553 41.72062857356271, -87.57116408439457 41.72066245062484, -87.57123697284675 41.720687660748474, -87.57145499835175 41.72069346969754, -87.57167397923543 41.72068981994232, -87.57168481670676 41.721102798557865, -87.5716881473021 41.72138526470174, -87.57169416030158 41.72157013479563, -87.5716995943649 41.72173727198755, -87.57170291659496 41.72199969055126, -87.57170435159549 41.72211305492636, -87.57171588009467 41.722514050580536, -87.57144129668741 41.722516975201266, -87.57077532546349 41.72252680220475, -87.5707446008819 41.72252725556878, -87.57053036417989 41.72252899565174, -87.57049789202084 41.72252925907669, -87.57046998181798 41.722592014588706, -87.57047560676124 41.72272344556063, -87.57048038474471 41.72279348323317, -87.5704822781521 41.722850028717424, -87.5704839805356 41.72291368130146, -87.57048915497475 41.72313268401206, -87.57048916903744 41.72313312078162, -87.57048715685144 41.72313315064056, -87.5704847865217 41.723133180822906, -87.57048239576278 41.72313321086954, -87.57005878222168 41.72313850375159, -87.56958672832805 41.72314441039401, -87.56932129887541 41.72314773112296, -87.56928067161546 41.72314823890067, -87.56901773147455 41.7231515268608, -87.56860328643732 41.72315670969388, -87.5681681406923 41.72316214844723, -87.56770616844324 41.72316795693196, -87.56724860784189 41.72317367502392, -87.56680886549779 41.723179168919685, -87.56652782920574 41.723182678003425, -87.56622897456909 41.723186409586035, -87.56593704457671 41.72319005428366, -87.56572937775246 41.72319264681594, -87.56560843273584 41.72319411042889, -87.56558907662118 41.722589261152656, -87.56471662066481 41.72260033740996, -87.56470837917705 41.722065537621525, -87.5647024581225 41.72173859589127, -87.56469145105778 41.721066988903715, -87.56468772633026 41.72074019866389, -87.56468413841239 41.720414232253184, -87.56468188785271 41.7202925888824, -87.56467724706579 41.720042770861426, -87.56467194579922 41.71968531623587, -87.56466878403012 41.719446622172164, -87.56466433521638 41.719119085998095, -87.56466009119062 41.71895124330312, -87.56465621865821 41.71879811143178, -87.56465127880178 41.71833974996377, -87.56464320884115 41.71779977923854, -87.56463549345254 41.71715936982057, -87.56463515290181 41.71713450128726, -87.56462956301358 41.71672575530822, -87.56462351421122 41.716292799038264, -87.56461924688621 41.715925444390145, -87.56461883524283 41.71589363446775, -87.56461832442577 41.71585844931646, -87.56461114036706 41.715355689142655, -87.56435533769186 41.71536095632571, -87.56387567815575 41.71536356360789, -87.56341324059058 41.71536710090955, -87.56299959273179 41.71537026295209, -87.5627974971917 41.715372410387936, -87.56269873888384 41.71537345971058, -87.56222508719355 41.715385847736286, -87.56167993540946 41.715400103640015, -87.56158547223971 41.71540031289736, -87.56144650653887 41.71540062111003, -87.56141610460674 41.715400700501974, -87.56104787583945 41.715401657601134, -87.56050113625591 41.71540307605281, -87.5604143417419 41.71540381851797, -87.56007563506789 41.71540671777777, -87.55977516751551 41.71540393106119, -87.55891967723052 41.71541187869641)))"
[4] "MULTIPOLYGON (((-87.56037281513805 41.76630572296596, -87.56083411476797 41.766300624301834, -87.56092868896044 41.76629938743382, -87.56101277227819 41.76629828794692, -87.5611357305983 41.76629685276027, -87.56129289215104 41.766296051551386, -87.5613754303639 41.766295631989344, -87.56146338670574 41.766295183944, -87.56155558320035 41.76618980076333, -87.56176477229656 41.76607405235513, -87.56196446671676 41.765973607098914, -87.56214218006184 41.76588423869015, -87.56232317102219 41.76579358108117, -87.5625689542857 41.765670467859536, -87.56283033478641 41.76553947975269, -87.56297644897717 41.765466263898304, -87.5630661232833 41.76542132781963, -87.56325869208528 41.765324785086875, -87.5634755638877 41.765215944848556, -87.56360744801493 41.76514902446124, -87.5638806020672 41.765010421078074, -87.56401658366086 41.76494371223265, -87.56423613371805 41.76483746890331, -87.56442787054742 41.764742729242705, -87.56468833957433 41.7646107980045, -87.56487461102789 41.76451934154259, -87.56491779287254 41.76451051695499, -87.5650357629376 41.764486406553445, -87.56515506382269 41.7644620231171, -87.5653041752907 41.76462641496995, -87.56542679085094 41.764764285093804, -87.56553725446723 41.76488846138056, -87.56568541195612 41.765054657872206, -87.56577920394442 41.76515995188963, -87.56595191243922 41.76535471560348, -87.56605257353702 41.76546806844919, -87.5662004324976 41.7656257277904, -87.56632363537345 41.765733084174414, -87.56650756844795 41.76579283427158, -87.56660136261736 41.76582330348741, -87.56690940527452 41.765922781055735, -87.56712934642998 41.765993074944824, -87.5674232433528 41.76608930194483, -87.5675491379086 41.76612164554017, -87.5676739489683 41.766137103692095, -87.56773477840103 41.76613872094791, -87.56782276150572 41.76614105931656, -87.56814749170023 41.766144370525, -87.56838165680887 41.76614675822015, -87.56865501063348 41.76614577784235, -87.56894984358486 41.76614486139202, -87.56918620929173 41.76614412614626, -87.56939951548772 41.766143541405484, -87.5695459063032 41.766141496725396, -87.56955562068552 41.766141423552675, -87.56977960731729 41.76613972063863, -87.5699721380335 41.766138552881394, -87.57016086892764 41.76613623141336, -87.57048136058069 41.76613228790863, -87.57073900917914 41.766129497514534, -87.57076404837808 41.76612922884278, -87.5709820679416 41.76612688524015, -87.57137577383855 41.766122196050574, -87.57158880601555 41.76611965795546, -87.57185583350005 41.76611739362565, -87.57198238543873 41.766115995856175, -87.57215241754355 41.766114117125134, -87.57233960697751 41.76611206457642, -87.57259451068703 41.76611062938444, -87.57296213566417 41.7661085576655, -87.57322697091779 41.76610556165635, -87.57329336403083 41.766104812427336, -87.57346137952429 41.766102913916015, -87.57385210010196 41.76609915357285, -87.5741881256029 41.76609591825696, -87.57454689012961 41.76609145459602, -87.57480428843589 41.76608824196708, -87.57507954053936 41.766084737834696, -87.57538914440903 41.766080795211415, -87.57570136749098 41.76607552749448, -87.57599885033578 41.76607054621548, -87.57629757289261 41.766068747893335, -87.57670397300414 41.76606630024903, -87.57705576279055 41.76606279841997, -87.5773987893771 41.76605937560879, -87.57750221293577 41.76605834628537, -87.57768759692614 41.76605650003345, -87.5781411395703 41.766053827952334, -87.57849099900129 41.76605176491593, -87.57884251712284 41.76604957305193, -87.57913714026265 41.766047736822145, -87.57913842353099 41.766047729940226, -87.57937038486547 41.76604576175631, -87.5797349077012 41.766042669315446, -87.57996990002269 41.766040149876375, -87.57998063828333 41.76604003571739, -87.58017343730299 41.766037998182156, -87.58044780333101 41.76603504980465, -87.58059786563688 41.766032450575295, -87.58080075976208 41.76602893671772, -87.58095722842172 41.76602705244812, -87.58122470279908 41.766025082589394, -87.5812280908353 41.766025058850715, -87.58123222549118 41.76619165464847, -87.58123443742268 41.766273383719906, -87.58123839014127 41.766453602519455, -87.58124213164746 41.76662410508042, -87.58124859548872 41.76691882427602, -87.58125360089531 41.76714710108632, -87.5812622725321 41.767543890139954, -87.58126823715676 41.76777756904194, -87.58127336710322 41.76792908402761, -87.58127588589281 41.7680034933827, -87.5812847415204 41.76834387084, -87.58128986929799 41.76857321711753, -87.58129546140027 41.76881944450825, -87.58130167167164 41.76906608649733, -87.58130680456769 41.76926060879344, -87.5813119515973 41.769453922897085, -87.58131632614437 41.76960669879403, -87.5813198675314 41.769751315606065, -87.58132449165925 41.76994018391211, -87.58132904769124 41.77012767602173, -87.58133378498265 41.77032148080912, -87.58133967680313 41.77055143614727, -87.58134534442908 41.77076300383473, -87.58134833490656 41.770874167878965, -87.5813489701749 41.77089041716367, -87.58135225548239 41.771003009299356, -87.58135848181402 41.77120124275114, -87.58136893226884 41.77157277017069, -87.58137314350427 41.771722452218405, -87.58137750111027 41.77188606822971, -87.58138457783384 41.77214959383003, -87.5813900273108 41.77235462794742, -87.5813976418004 41.77265377782662, -87.58140233149979 41.772858065960136, -87.58140367088622 41.772916803139374, -87.58141447880888 41.7733904970593, -87.58103932571908 41.773394695609426, -87.5805862499691 41.77340064679186, -87.58037483677647 41.7734034057169, -87.5801804423368 41.77340545740079, -87.57983601632068 41.773409093554314, -87.57958614384467 41.77341206516205, -87.57920237129817 41.77341659911802, -87.5790507998695 41.77341831233818, -87.57894967767575 41.77341952291145, -87.57873900067621 41.773421954129496, -87.578497743015 41.773425061885916, -87.57820203567837 41.773428881777, -87.57790420201884 41.7734326869251, -87.57772608168736 41.773435059351016, -87.57745046554804 41.773438731236986, -87.57717083508143 41.773447072294935, -87.57687298124543 41.773452685251506, -87.57648746620922 41.77345562484117, -87.57628977876091 41.773457132342614, -87.57592730988685 41.77346127353002, -87.57588485911394 41.773461245754724, -87.57566336101165 41.77346109789783, -87.57540974576732 41.773461263541236, -87.57527178935327 41.77346164353528, -87.57502370445826 41.77346231120218, -87.5747591169899 41.77346651941112, -87.57465920013438 41.773468110514465, -87.57447824852585 41.77347097601074, -87.57404772716443 41.773476191439784, -87.57377171161869 41.77347953493339, -87.57344429812946 41.773482941170094, -87.5734356096233 41.7734830286581, -87.57317173507907 41.77348571992643, -87.57282722215494 41.77348748515779, -87.57258030159085 41.77348874858927, -87.57228477502301 41.77349269129748, -87.57221775062894 41.77349359511024, -87.57202818840354 41.77349615120253, -87.57185681051881 41.773498609626415, -87.57161687201408 41.7735015892252, -87.57134532894946 41.77350496104354, -87.57101915109708 41.773509328341845, -87.57076993382633 41.77351266866946, -87.57050502471822 41.773516069029505, -87.57021646766367 41.77351972406332, -87.5699838304806 41.77352223374585, -87.56988457991224 41.77352330471738, -87.5697500952109 41.7735246384204, -87.56946466396255 41.77352748851589, -87.56924984683518 41.77352968302546, -87.56905522768565 41.773532065524805, -87.56881367772597 41.77353490429842, -87.5686586580512 41.77353667179391, -87.5683461294757 41.77353996269258, -87.56813816802338 41.77354215215384, -87.56752023008966 41.77354810605965, -87.56739388572299 41.77354932199974, -87.56727626967019 41.7735502394613, -87.5668108268983 41.773558961988726, -87.5662780515639 41.77356899148137, -87.56627790881389 41.773544127213654, -87.56628069628263 41.77351933743178, -87.56628637768587 41.77349484067965, -87.56629494863064 41.77347080349333, -87.56629357655072 41.77346906565005, -87.56628524467605 41.773460722249425, -87.56626680486856 41.773442185062066, -87.56623551735494 41.773406684924325, -87.56618633767073 41.77335292494225, -87.56614838677073 41.77332289586262, -87.56609030243804 41.77327475761736, -87.56601414851781 41.77320509270556, -87.56593727181169 41.77313432628176, -87.56585086792171 41.77306349435974, -87.5657571239267 41.77299316344842, -87.56565238435444 41.772922758986255, -87.56554746710395 41.77286717129147, -87.5654498825374 41.77281163341245, -87.56535593519298 41.77275831573136, -87.56525476388836 41.772696166708634, -87.56516900860461 41.77263247482494, -87.56508308736032 41.77258250318533, -87.56500085274244 41.772530909386596, -87.56490423854426 41.77251709010398, -87.56480007345415 41.77245986090597, -87.56471637975488 41.772407708825966, -87.56462008033658 41.77236754700705, -87.5644849894937 41.77232163694162, -87.56437192415947 41.772273129859144, -87.56427944036379 41.77222036940809, -87.56416720077993 41.77216418221635, -87.56407321195526 41.772114705023235, -87.56398185240704 41.772090492231435, -87.56386527328858 41.77209080901059, -87.56374648799812 41.77209166010977, -87.56364100293268 41.77208381812569, -87.56358084250952 41.77202578509553, -87.56358051167841 41.77193083047823, -87.56359189036192 41.771837600164794, -87.56356994521664 41.77177213953134, -87.56352084753904 41.771708692022294, -87.56351595354354 41.77162742914364, -87.5635053596568 41.7715324057493, -87.56348594777835 41.77143896911362, -87.56348479695625 41.77135114521113, -87.56346381538205 41.77126647921953, -87.56342091802607 41.771175082053865, -87.56341807162144 41.771106455873124, -87.56346772260927 41.77106232993724, -87.56344590132531 41.77098644218191, -87.56341397578514 41.77089731180152, -87.56338496672049 41.77080930119165, -87.56337291970095 41.77077134968931, -87.56335387992195 41.770711397044074, -87.56333221522328 41.77062233630655, -87.5633054739964 41.770528851403256, -87.56327570004805 41.77044357901828, -87.56324006352004 41.770358267327076, -87.56319556326741 41.77027838387501, -87.56313342737364 41.770201676578246, -87.56305962305937 41.77011994986179, -87.56298723234599 41.77004262451163, -87.5629250193394 41.76997250178572, -87.56286299690449 41.76988646471243, -87.56279292444108 41.76979927517931, -87.56273522916516 41.76971930304326, -87.56269788354267 41.76965428813975, -87.56264164788612 41.76957487496312, -87.56258093447481 41.769502019622166, -87.56251732875992 41.769425849540134, -87.56247139037146 41.76934376108055, -87.56242916890488 41.76925730740702, -87.56240882314344 41.76918088011818, -87.56240297373743 41.769118269726334, -87.56237662510692 41.76905332850618, -87.56233766315347 41.769000925624255, -87.56223428142232 41.76894040673389, -87.56212426853737 41.76888258662173, -87.56201782265124 41.76883302410774, -87.56191648857522 41.76878514076934, -87.56179470157048 41.76873108490189, -87.56168084763743 41.76868805842967, -87.56154000041586 41.76863387156868, -87.56142096822616 41.76859465277147, -87.56128368034541 41.76854927158389, -87.56116390294014 41.768511145946775, -87.56105069541859 41.768475257615854, -87.56092357972972 41.7684376289152, -87.56079628102344 41.768415367021, -87.56078090286458 41.768413946391135, -87.5606417586905 41.768401155647894, -87.56052670490375 41.7683970882729, -87.56041295233477 41.768406752763966, -87.56032238015473 41.76843962312841, -87.56023807925772 41.7684999793746, -87.56016999563103 41.768552759258895, -87.56011038688001 41.76863249247645, -87.56004346572988 41.76871052879152, -87.55997506112743 41.76879020093118, -87.55989554679583 41.76887912952583, -87.5598115978634 41.7689707733913, -87.5597344420431 41.7690465446427, -87.55966330025342 41.76910973245034, -87.55959450290699 41.76916086222946, -87.55953563157928 41.769179127404065, -87.55951668268385 41.76910874500245, -87.55952427591868 41.76902591928252, -87.55952021963438 41.76893642809245, -87.55947973217093 41.768828030735385, -87.55943410932426 41.768720146185814, -87.55941474371195 41.7686234174389, -87.55941307718054 41.76851802494331, -87.55942564990256 41.768386933165566, -87.55943142627044 41.76827226041319, -87.5594364912414 41.76815593701526, -87.55944721416225 41.768056665756355, -87.55948952030626 41.76801359047638, -87.55952001996668 41.76797702266451, -87.55951999749747 41.76791774666819, -87.55951856430161 41.76785406923221, -87.55947513394581 41.767807671264656, -87.55943699978701 41.76774759023002, -87.5594256789364 41.767652560610436, -87.55942410471808 41.767539485980116, -87.55942909048555 41.767429747239454, -87.55942969592424 41.767318333138626, -87.55942907291382 41.76718715244321, -87.5594234508184 41.76710588263141, -87.5594202128365 41.76700926249812, -87.55940582962377 41.76692519027984, -87.5593942900674 41.7668482716381, -87.55939214203865 41.76678294352235, -87.55944460002041 41.76674926702798, -87.559506208423 41.76674693862362, -87.55953887930744 41.76671258049071, -87.55953980260276 41.76663574580013, -87.55952706233748 41.76659778920342, -87.55956263849247 41.7665656475001, -87.5596398273026 41.76654805307382, -87.55974115446311 41.76653501487189, -87.55983589114643 41.7665213820916, -87.55996959755109 41.76649813285384, -87.56007694866162 41.76647196089114, -87.56018070446962 41.76643972774343, -87.56028268243264 41.76637235513515, -87.56036552357645 41.76631144159135, -87.56037281513805 41.76630572296596)))"
[5] "MULTIPOLYGON (((-87.56945682550676 41.729843304626684, -87.56945445592626 41.72964744657837, -87.56944461011577 41.72922212290193, -87.5694355811211 41.72892051801784, -87.56942596586042 41.72860033024125, -87.56941613414918 41.72827366470014, -87.56940995971307 41.72801853744937, -87.56940610058805 41.727859042282304, -87.56939852948162 41.72759509928094, -87.5693851762748 41.727097000128666, -87.5693822188895 41.72698668693989, -87.56937280676348 41.72666693798046, -87.56937239800318 41.726653049868794, -87.56936382669387 41.72636226124723, -87.56935877494904 41.72619296935996, -87.56934623152208 41.72577263800869, -87.56934450568777 41.725719071149825, -87.56933549037568 41.72543929816926, -87.56932361651633 41.725068682054214, -87.5693012703643 41.72437614980482, -87.56932129887541 41.72314773112296, -87.56958672832805 41.72314441039401, -87.57005878222168 41.72313850375159, -87.57048239576278 41.72313321086954, -87.5704847865217 41.723133180822906, -87.57048715685144 41.72313315064056, -87.57048916903744 41.72313312078162, -87.5706889912194 41.723130635047816, -87.57096328646784 41.72312719891177, -87.5713742226525 41.72312205092423, -87.57179928458706 41.72311672317473, -87.57227133940188 41.723110808347286, -87.5728075214692 41.723104087936, -87.573236776184 41.72309866827198, -87.57345299957383 41.72309595398726, -87.57374105261229 41.72309233659114, -87.57396553363883 41.72308951746451, -87.5739664330912 41.72312519940745, -87.57419830528957 41.7231222846126, -87.57442542361902 41.72311942798912, -87.57486839638443 41.72311385603396, -87.57524835121345 41.72310907492305, -87.57524745225346 41.7230733929921, -87.57535910241114 41.72307200107688, -87.57536359423494 41.723071945172165, -87.57536761247619 41.723071895146994, -87.575369810661 41.72307188893856, -87.5754275486763 41.723071120017934, -87.57548918089036 41.72307032272984, -87.57549008055108 41.72310605868557, -87.57572609119919 41.723103080766, -87.57599281507345 41.72309971415475, -87.57630994901552 41.72309572285739, -87.57672771819843 41.72309046658297, -87.5770266178741 41.72308670618487, -87.57724274982874 41.72308398506611, -87.57745314706457 41.72308133746193, -87.5774522468846 41.72304565553789, -87.57760025604973 41.72304379112875, -87.57780193154527 41.72304125119015, -87.57788157099513 41.72608276611008, -87.57788421905067 41.726205745196054, -87.57789351153596 41.72653202310242, -87.57789413675856 41.7265586761555, -87.5778983957146 41.72674051354276, -87.57790500649635 41.727011117856705, -87.57791425425911 41.72737559601662, -87.5779234599824 41.7277593659498, -87.57792627025208 41.727906979990756, -87.57792788290246 41.72799164629839, -87.57793282804126 41.728198023934944, -87.57794553300803 41.72866148360376, -87.57795531854954 41.729070779839695, -87.57796746430799 41.72953500467059, -87.57796520544103 41.72970371054649, -87.57796626389207 41.72972888533657, -87.57797722764947 41.729990021101734, -87.57798268536983 41.73023084269749, -87.57798871385101 41.730482453475695, -87.57800008496713 41.73095660769658, -87.57800276189056 41.73107355624109, -87.57801368549983 41.731550729987, -87.57802184680942 41.731907269424696, -87.57803582175626 41.732468737046034, -87.5780418899928 41.73269194426675, -87.57804751579037 41.732915368258716, -87.57805853450077 41.73337553553987, -87.5776545511051 41.73338085388191, -87.5774518809811 41.73338345088421, -87.57732341202708 41.7333850969866, -87.57684699374164 41.73339202561525, -87.57639845940427 41.733398547123755, -87.57623771691725 41.733400883364865, -87.57609835088729 41.73340290917764, -87.57563064966018 41.733409601192804, -87.5756483414742 41.734100811251615, -87.57565539738066 41.73439504826597, -87.57566360628634 41.7347316089646, -87.57567627688323 41.735232144100856, -87.57568267283342 41.735484772800305, -87.57569092415896 41.735792683312006, -87.57569952327658 41.73612408833042, -87.57570783238789 41.73654961969568, -87.57570880852492 41.736599627699555, -87.5757093577901 41.736627760410315, -87.57571801879641 41.73705598433806, -87.57552087634515 41.73705877282318, -87.57512122742769 41.737064786071954, -87.57495788867949 41.73706724292879, -87.57451495677623 41.73707345097503, -87.5740420870871 41.73708007622905, -87.57361670290328 41.73708648500523, -87.5733018812649 41.73709108907742, -87.5732886008741 41.73663699317259, -87.57328558120463 41.73653362252649, -87.57327404601952 41.736139298706135, -87.57326731596581 41.735874209406404, -87.5732586300805 41.73554388497348, -87.57325131098264 41.73526555373443, -87.57324164116245 41.7348977794216, -87.57323142208554 41.73453398195018, -87.57321750925581 41.73402970539997, -87.57320346724887 41.733443117778016, -87.57319271762833 41.73299405874009, -87.57318238187787 41.732658746024235, -87.573164931648 41.73202892103894, -87.57315498704126 41.7316173312803, -87.57315079953469 41.731444015391354, -87.57313532819757 41.73088259217287, -87.57312268235475 41.73042009238494, -87.57311462299243 41.73014039374875, -87.57310930884347 41.72979413326802, -87.57276930262637 41.72979852880379, -87.5724968535359 41.729801910294306, -87.57249680665343 41.729801910884234, -87.57189538077824 41.729810349272675, -87.57156282441058 41.72981501569604, -87.57128449947403 41.72981885955941, -87.57068300876622 41.72982716511996, -87.57040214483743 41.72983104311491, -87.57030636490332 41.729832364510244, -87.57006631355698 41.72983515404854, -87.56987056686377 41.7298374289441, -87.56945682550676 41.729843304626684)))"
[6] "MULTIPOLYGON (((-87.57185225977305 41.662265164948636, -87.5719800786985 41.66105605830023, -87.57200868830935 41.6609218851595, -87.57219169474264 41.66033224006649, -87.57254366609963 41.65947158437964, -87.57255742144136 41.65919863005215, -87.5752282777246 41.65920506360464, -87.57550440967833 41.65920540349393, -87.57634755792206 41.65919932326075, -87.57655538840898 41.659192523688226, -87.57676651222721 41.6591856157644, -87.57694669800256 41.65918315158275, -87.5774523521531 41.65919391613082, -87.57820714931191 41.6591949798848, -87.57858246941183 41.65919481061967, -87.57866186577097 41.659190867913125, -87.57899352779735 41.659192844347146, -87.57938550576388 41.659192122712454, -87.57978726655651 41.65919355004469, -87.58038518473384 41.65919737493141, -87.58049148592117 41.65919805505606, -87.58066233658435 41.65919900924775, -87.58158858707318 41.65922159211338, -87.58181753608372 41.659239058359596, -87.5821079322714 41.65926548293584, -87.58243450696841 41.659305768496544, -87.58271014977808 41.65935116957573, -87.58300016969831 41.65941029010437, -87.5833372027666 41.65948879109893, -87.58335147520091 41.65949288098816, -87.58364867682569 41.65957802611803, -87.58397471590277 41.659664628924105, -87.58435099613848 41.65980606051832, -87.58482901830831 41.65994815260525, -87.58516218098596 41.66005297967429, -87.58536849670666 41.66011789425918, -87.5860499093247 41.66026948007817, -87.58663413109556 41.660341404710536, -87.58696093329215 41.66036260268213, -87.58744767887806 41.6603793878428, -87.58800365118974 41.660380270000374, -87.58811390148884 41.660383297952706, -87.58852312937208 41.6603945374344, -87.58864994077373 41.660393765470815, -87.5889996819406 41.6603916353336, -87.58917363876387 41.660390575654525, -87.58928030443457 41.66039054231932, -87.5899767277974 41.660390322545645, -87.59010028988509 41.660392086827734, -87.59067431649729 41.66040028210255, -87.59113246381803 41.6603759917109, -87.59141240729979 41.660364173760264, -87.5917361424452 41.66033628690859, -87.5921218657898 41.66028972360412, -87.59259467189919 41.66025462018983, -87.59305688616791 41.66019219680401, -87.59308838640455 41.66018735579295, -87.5934960584942 41.660124700896915, -87.59382465836646 41.66007419777595, -87.59440008419666 41.659962424860424, -87.59444775447825 41.659953165757194, -87.59486993402436 41.65989592675376, -87.5950919690699 41.65986026762192, -87.59531043747144 41.65982517940514, -87.59571833161185 41.65974604570322, -87.59609687508679 41.65969124847038, -87.5966065373255 41.65961003890669, -87.5971924092308 41.65953749060424, -87.59770738921618 41.65945487951671, -87.59782949263501 41.6594352908925, -87.59854284569147 41.65933630159438, -87.59914654155197 41.65929383341262, -87.59963023663636 41.65925877148375, -87.60007750306919 41.65923164871535, -87.60043383785732 41.65921212160594, -87.60076104211036 41.65919785678812, -87.60107734535396 41.65918352248936, -87.6013717862369 41.6591744971566, -87.60174253070392 41.65916595768054, -87.60213141198228 41.659160256923805, -87.60246939448682 41.659156956636686, -87.60288731346444 41.659154163396515, -87.60340594246624 41.65915205597944, -87.60341060468706 41.65915203786787, -87.60388321129305 41.659133237503674, -87.60418842956736 41.65913517417999, -87.60439541714412 41.65914738702759, -87.60463892695302 41.659143481166566, -87.60492231287414 41.65914800290749, -87.60513350038151 41.65914710998831, -87.60518032567474 41.65914691234288, -87.60546016849655 41.6591432349149, -87.60579445551991 41.65914535140955, -87.6062050769559 41.659145224442604, -87.60670274984432 41.659159272642704, -87.6071570043341 41.65915669358309, -87.60754047062339 41.65913995304466, -87.60759327464994 41.65913764837924, -87.60789125573015 41.659136804091396, -87.6080765976174 41.659135248326365, -87.60838544901097 41.65913719678128, -87.60878153560606 41.65913696983128, -87.60916311904352 41.659133924705955, -87.6095882754786 41.65913387722889, -87.6096683946809 41.6591334047979, -87.61003526298279 41.6591312410321, -87.6103623431802 41.659127848922196, -87.6106457601028 41.65912963131271, -87.61072933073311 41.65913015674951, -87.61114722035877 41.65913005871897, -87.61149610231426 41.659126799467536, -87.61187038721717 41.65912642494818, -87.61223377365863 41.65912597993428, -87.61246075198251 41.65912537700345, -87.61253902164177 41.65912517008694, -87.61258689118233 41.65912510382546, -87.61289514004322 41.65912467740201, -87.61322478723318 41.659118463359036, -87.61414767362271 41.65911548743834, -87.61503088713519 41.659112787396495, -87.61587461448568 41.65911020054524, -87.61645850879826 41.659108408289235, -87.61687436268517 41.65910619777154, -87.61698127546691 41.65910448177263, -87.61703357592675 41.65910392446, -87.61730244307789 41.659103608129406, -87.61770957334996 41.65910496244873, -87.61815297313495 41.65910643386957, -87.61811977230839 41.65925205460245, -87.61808448852912 41.659406763342936, -87.61805038068321 41.65955631033775, -87.61794323314038 41.66002611061732, -87.61783178725665 41.660514748636764, -87.61772009605477 41.66100445732236, -87.61760779996972 41.66149680468618, -87.61749913149107 41.66197324057265, -87.61738444043212 41.66247607827575, -87.61727107826482 41.66297541534079, -87.61712888184135 41.66360585154995, -87.61702178877756 41.664080647133304, -87.6168736055352 41.66473759939979, -87.61675001372076 41.66528552364869, -87.61664574616188 41.665747769841865, -87.61652302684472 41.66629180327092, -87.61640347320622 41.66681958471893, -87.61631730258657 41.66719998331121, -87.61617170856701 41.66784270024721, -87.61606462920132 41.66831538868278, -87.61595667192339 41.66879194490159, -87.61584850342732 41.66926942344113, -87.61572966580796 41.66979398953746, -87.6156684499596 41.670064206187064, -87.61559577421512 41.670385000781515, -87.61548257945005 41.67088464162907, -87.61535965945305 41.67142719723956, -87.61531045600859 41.67164437299397, -87.6152579133231 41.67187628945915, -87.61521027501338 41.672086558271886, -87.61517050507459 41.67226209304406, -87.61511877843645 41.672490400424586, -87.61506140019704 41.67274365147663, -87.6149773512999 41.67311461340576, -87.61493431204099 41.673299040411614, -87.6148818107314 41.67352169476603, -87.61483431011348 41.67372313607276, -87.61476049188228 41.67403618588499, -87.61469570086985 41.674310950641114, -87.61463454168022 41.67457031108666, -87.61456849051612 41.67485040886941, -87.61451372421546 41.67508265669412, -87.61446898061341 41.67527452337536, -87.61443535086896 41.6754255286534, -87.61442665392727 41.6754645800973, -87.6143668937929 41.675732914097466, -87.61430810650394 41.675996878333606, -87.61426233030792 41.67620242048877, -87.61421396612442 41.676419582826796, -87.61416335145928 41.67664684672745, -87.61411067712733 41.67688335712735, -87.6140678969614 41.67707544026047, -87.61402425565868 41.67727138687725, -87.61397360421833 41.677498809794415, -87.61392111176687 41.67773449646876, -87.61386337248759 41.6779937417921, -87.6138079416788 41.67824020454982, -87.61375383672349 41.67847649687428, -87.61373503580178 41.6785586046593, -87.61371797062213 41.678633133179005, -87.61369352037663 41.67873990816573, -87.6139005737268 41.67897166618588, -87.61393727407828 41.67901335621051, -87.61397016745659 41.67905072132142, -87.61401154307028 41.67909772216266, -87.61404817703384 41.679137405708786, -87.6140895418846 41.6791821474229, -87.61412700228337 41.679221178844585, -87.614188112947 41.67928424779181, -87.61423577099241 41.67933343254633, -87.61426932569374 41.67936806097833, -87.61431077334437 41.67940668600834, -87.61436297244629 41.67945534088945, -87.61441464302035 41.67950347112557, -87.61445518882653 41.67954123871043, -87.6145104354842 41.67958780751883, -87.61455694759057 41.67962701336134, -87.61461595905499 41.67967675606264, -87.61467287088432 41.67972307769956, -87.61473775558882 41.679772591454544, -87.61479197711354 41.679813966679056, -87.61484886512365 41.6798573771796, -87.61491092181066 41.67990375156995, -87.61496216292831 41.67994186224514, -87.61500997576132 41.67997625274558, -87.61506755503305 41.68001530786121, -87.61511035012242 41.68004376052604, -87.61516881022779 41.680082134112226, -87.61524124245813 41.68012811666993, -87.61531217389015 41.680172985950534, -87.61537762648284 41.68021438964685, -87.61543818578976 41.68025269877729, -87.61549681549806 41.68028978662518, -87.61554823204226 41.68032081581513, -87.61561448881804 41.68035645482126, -87.61567889996549 41.680390881169366, -87.61573820082565 41.68042217469552, -87.61577749201139 41.680421644800276, -87.61582773692048 41.68042096718871, -87.61592992644904 41.680419587395235, -87.61599397673804 41.68041872217393, -87.61601285980355 41.68043239692053, -87.61601418865094 41.6804600348988, -87.61601638401935 41.680505680302495, -87.61601910488335 41.68056229820509, -87.61604428807195 41.680580450196594, -87.6160698751634 41.68059889552316, -87.6161486523792 41.68059782950575, -87.61629217074555 41.68059588885238, -87.61643917981127 41.680593899565196, -87.61653361226143 41.6805926230105, -87.61653554920447 41.68065834146295, -87.6165377279695 41.68073224759554, -87.61654068661457 41.68083263129742, -87.61658104572248 41.68085310083707, -87.61662520633939 41.68087549745369, -87.61664747534456 41.68088679282187, -87.61665956711795 41.68089297724245, -87.61665959874207 41.68089294142481, -87.61670913617691 41.680918065448175, -87.61674340323512 41.68093544468624, -87.61678596695893 41.68095694261794, -87.61688300179303 41.68095562707976, -87.61697940118466 41.68095432010408, -87.6170654485439 41.68095315471512, -87.61711591132183 41.680952469795514, -87.61717585282176 41.680951657543254, -87.61724362861021 41.68095073830995, -87.61724549396887 41.681014204473925, -87.61724739482447 41.68107891066911, -87.6172491389926 41.68113825057705, -87.61725069892533 41.68119135066656, -87.61738634989088 41.681259794743035, -87.61748562846681 41.681309865135866, -87.61758436705057 41.68135968987998, -87.61769102081378 41.68141350745117, -87.61781326726405 41.681475181398575, -87.61787138268079 41.68150449102733, -87.61792089513337 41.681529461308656, -87.61792145403942 41.68152974840464, -87.61792250717913 41.68157964180814, -87.61792253780139 41.681581106001765, -87.6179233921033 41.68162162620697, -87.61792942907104 41.68172100890354, -87.6179408169053 41.681862879190554, -87.6179392852129 41.68191007969864, -87.61793966066841 41.68193386893179, -87.61793879392889 41.68205549192457, -87.61794027597517 41.68212391672324, -87.61794228135611 41.682216551246405, -87.61794524223673 41.68231281300694, -87.61795980720277 41.68253132640262, -87.61794198628495 41.68257672560976, -87.61792447189991 41.68262133979792, -87.61792798081295 41.68266812509319, -87.61793103263656 41.682848665707766, -87.61793497728732 41.683087502768664, -87.61793813201852 41.683235551436866, -87.61793882724123 41.68326679682321, -87.61794328945389 41.68346737043962, -87.61794634070674 41.68363473860473, -87.61794836658883 41.68378895587329, -87.61794865867031 41.68395710998435, -87.61794894073243 41.68412052988034, -87.61795673580812 41.68429585891869, -87.61796029443339 41.684450607024935, -87.61796138801586 41.68453653888026, -87.6179625062652 41.68462436436677, -87.61796476868287 41.68466864425858, -87.61796993674972 41.68476983303811, -87.61798584275626 41.684887279113525, -87.61801585793755 41.685079460005404, -87.61803628226309 41.685208653410434, -87.61804992085733 41.685375217661104, -87.6180607577774 41.68550758101188, -87.61806726602435 41.68563397047273, -87.61807052899087 41.68579244873487, -87.61807471675431 41.68599582970687, -87.61807937219203 41.686130852979346, -87.61808388952869 41.68628376844449, -87.61808925040057 41.686465284009266, -87.61809808552579 41.686748472069674, -87.61810395521144 41.6869291678478, -87.61810941454921 41.68709453496819, -87.61811257748145 41.68719037292731, -87.61811376891396 41.687226495082385, -87.618119343768 41.68740746362297, -87.61812477976999 41.68760747771892, -87.61813137159442 41.68784531453598, -87.61813911498326 41.68806518352582, -87.61814630552288 41.68826545521851, -87.6181526983164 41.688445248430845, -87.61815742860163 41.68860650708393, -87.61815794868775 41.68862657235953, -87.61816234489372 41.68879608892039, -87.61816796542523 41.68901676669961, -87.61817119955697 41.68914815976728, -87.61817956257278 41.68940461458025, -87.61818894087413 41.689701610338716, -87.61819815303389 41.68997728069508, -87.61820685326772 41.69024625180414, -87.61821404720794 41.69049592131046, -87.61821960226455 41.690668738577614, -87.61822459339479 41.69082805129091, -87.61869437304007 41.69082315114142, -87.61892239170294 41.690821316702724, -87.61895024787349 41.690821092803255, -87.6193263661646 41.69081514232104, -87.61958309302717 41.6908129375055, -87.61958589444386 41.69091310749992, -87.61959231088002 41.691130909798865, -87.61959978707861 41.69137531198091, -87.61960688362274 41.69162102813441, -87.61961517500579 41.69187786675659, -87.61962200556009 41.6921213555234, -87.61962321088835 41.69216434303557, -87.6196374018891 41.692629477267026, -87.61946979026854 41.692632145749954, -87.6191101401503 41.69263787309752, -87.61882665013617 41.69264338317505, -87.61858776874229 41.69264777082782, -87.61826172852196 41.69265150944879, -87.61803237198647 41.69265414006837, -87.61759589667196 41.69266067019803, -87.6171159516297 41.6926680811374, -87.61660890259266 41.692676265524426, -87.6164941326968 41.69267814545258, -87.61600445178547 41.69268518939607, -87.61576135794957 41.69268951786759, -87.61575568333645 41.69268961929119, -87.615241682504 41.69269735897481, -87.6148900136108 41.69270311848135, -87.61454898830165 41.692709795232155, -87.61425959201253 41.69271630062733, -87.61391536941993 41.692727346591454, -87.61366641473691 41.69273531014764, -87.61337649326319 41.69273772595566, -87.61309104444145 41.69274010333658, -87.61285133729136 41.69274296486886, -87.61259478160935 41.692746240648724, -87.61216025934591 41.69275064380954, -87.61139366750538 41.69275840606824, -87.61123646528323 41.69275999796892, -87.61110724213198 41.6927610866148, -87.61072535720099 41.69276430431846, -87.61065058248124 41.692763398343736, -87.61056061644449 41.69276230854278, -87.6103948728681 41.69276437048783, -87.61036814499344 41.69276470295228, -87.61036775904873 41.69276634279725, -87.61036741918026 41.69276783707234, -87.61030724111825 41.69303313393733, -87.6102552399007 41.69326235760707, -87.61020813246697 41.69347000408575, -87.61016268001394 41.69367036256215, -87.61011117056722 41.69389741394355, -87.6100689147117 41.694083669300085, -87.61002270826782 41.69428734261264, -87.60994934090381 41.6946107389245, -87.60988271470781 41.69490441502339, -87.60982063860804 41.69517802708966, -87.60976266398215 41.69543356302382, -87.6096990209887 41.69571408266313, -87.60964329866606 41.695959684523565, -87.60960093501785 41.69614641255249, -87.60956679203339 41.6962968957833, -87.60954796063297 41.696379898288846, -87.60953508035021 41.6964366646232, -87.60931524963148 41.69643994466281, -87.6090116022781 41.6964444742562, -87.60607144207387 41.69652741277138, -87.59621012620056 41.696805037247, -87.59589924433158 41.69681377513365, -87.59570182168618 41.696819323894005, -87.59532174410406 41.6968300056278, -87.57781747510474 41.69732057407789, -87.57775092786655 41.697219950864834, -87.57763632658617 41.6970471830047, -87.57754529185307 41.69691005440331, -87.57747782650968 41.69680839946975, -87.57739348771217 41.69668119451769, -87.5773126759251 41.696559253744425, -87.57720481014715 41.69639624471548, -87.577107639603 41.69624856449207, -87.57698701217011 41.69606535525939, -87.57689333447696 41.69592282903166, -87.57682274207119 41.69581643338901, -87.57677550007895 41.69574515450627, -87.57673807273821 41.69568003210837, -87.57670806818811 41.69562209398325, -87.57666299573256 41.69553464522683, -87.57661981801913 41.69545087072355, -87.57659346409108 41.69539070568554, -87.57657605812689 41.695348109015974, -87.57656572360985 41.69531406828607, -87.5765475725428 41.69525428498724, -87.57653853177545 41.69520405966003, -87.57652639431834 41.695139981588376, -87.5765159339503 41.69507026205053, -87.57650905442097 41.69500742689579, -87.57650488544202 41.694944554668474, -87.57650456187879 41.694853495640196, -87.57650640101006 41.69477131857607, -87.57650640700099 41.69477101249047, -87.57651626766778 41.69449214437034, -87.57652393183295 41.694200609800845, -87.57653418142984 41.69381353528957, -87.57653475310192 41.69378823511265, -87.5765360853765 41.69372930579803, -87.57654163844016 41.69348349778307, -87.57654581218245 41.693208707730136, -87.57654434159005 41.69284062936845, -87.57654115279071 41.69263788417962, -87.5765317615692 41.691950250749365, -87.57653117571985 41.691907384859995, -87.57652996092524 41.69181846369207, -87.57652436939448 41.69135534943572, -87.57651559409014 41.690688968605166, -87.57651010025188 41.69029561545527, -87.57650721099266 41.69007972496842, -87.57650217491022 41.689703583537025, -87.57649178192648 41.688922314718525, -87.57648729816587 41.688529186890456, -87.57648594250227 41.68840842770201, -87.57648536479529 41.68835410914878, -87.57648446720243 41.68826979630231, -87.57648085431983 41.6879304694057, -87.57647590326478 41.68740330590915, -87.57647263463505 41.686988698674135, -87.57647048902314 41.68650297324836, -87.57647024965397 41.6864487901602, -87.57647021251248 41.68644099361945, -87.57646822307342 41.686021979330015, -87.57646458208048 41.6856328905105, -87.57646014869954 41.685205239931896, -87.57644960826009 41.68478021059323, -87.57642887209668 41.684622735375704, -87.57640600618309 41.684449095296635, -87.57630034889154 41.68402149008392, -87.57618755315242 41.68360643568669, -87.57605407571894 41.68311953493756, -87.57597732376946 41.68283625187781, -87.57592859444563 41.682656397930124, -87.5757826563192 41.682139803311095, -87.57565464786414 41.681662873616695, -87.57564019136439 41.68161123933745, -87.5756119237009 41.68151511045815, -87.57558648133995 41.68142468153256, -87.57555922399783 41.68132035512857, -87.57554318987536 41.68125169524196, -87.57552914527358 41.68118513552844, -87.57552131185699 41.681144522211675, -87.57551026202584 41.681052221758144, -87.57550110788536 41.680975749700735, -87.57549009540739 41.68081598836998, -87.57548828186012 41.680789682006825, -87.57547306399445 41.68031450953042, -87.57545897371352 41.679721449085974, -87.57544726362161 41.67918840044521, -87.57543785686907 41.67876018895298, -87.5754285785975 41.67837784224056, -87.57541663521135 41.677876373328765, -87.57540897067791 41.67730655575481, -87.57540723055533 41.67717727448385, -87.57539569129561 41.67642612905859, -87.57538783339878 41.67583135179048, -87.5753841560778 41.675553051752956, -87.57538422523037 41.675475713060685, -87.57538455579207 41.6751070998304, -87.57538158479329 41.674870546510675, -87.57538071288639 41.67480023079856, -87.57537985739006 41.674733839010216, -87.5753751179572 41.674410854609135, -87.57537112009452 41.67417758714551, -87.57537019306808 41.673932128192654, -87.57536116787259 41.67365263131588, -87.57533155496876 41.67250822094685, -87.57532883282254 41.67147358721393, -87.57532623351612 41.670425398113444, -87.57531999771737 41.66917855023068, -87.5753265974806 41.667939030228176, -87.57534704647688 41.6668071804612, -87.57538461831395 41.666028419931706, -87.57544474106352 41.66284203172707, -87.57433817660399 41.662664765346086, -87.57313558651262 41.66247146225275, -87.57185225977305 41.662265164948636)))"
shape_leng_sy1213 | character | nonmissing: 115 | distinct nonmissing: 115
[1] "10004.6024321" "10263.4426992" "10263.8013603" "10369.6315936"
[5] "10450.0552946" "10593.8455388"
shape_area_sy1213 | character | nonmissing: 115 | distinct nonmissing: 115
[1] "10087741.7562" "10120558.9759" "10205800.1726" "10233461.3627"
[5] "10284831.9864" "10427407.4741"
welcoming_school_id1 | integer | nonmissing: 47 | distinct nonmissing: 43
   Min. 1st Qu.  Median    Mean 3rd Qu.    Max.    NA's
 609791  609931  610126  610106  610267  610530      82
welcoming_school_name1_sy1314 | character | nonmissing: 47 | distinct nonmissing: 43
[1] "Alex Haley Elementary Academy"
[2] "Benjamin E Mays Elementary Academy"
[3] "Burnham Elementary Inclusive Academy"
[4] "Charles Evans Hughes Elementary School"
[5] "Charles W Earle Elementary School"
[6] "Daniel S Wentworth Elementary School"
welcoming_school_street_address1_sy1314 | character | nonmissing: 47 | distinct nonmissing: 43
[1] "1140 W 66th St"        "11411 S Eggleston Ave" "12302 S State St"
[4] "1310 S Ashland Ave"    "1313 N Claremont Ave"  "1340 W 71st St"
welcoming_school_x_coordinate1_sy1314 | numeric | nonmissing: 47 | distinct nonmissing: 43
   Min. 1st Qu.  Median    Mean 3rd Qu.    Max.    NA's
1138585 1155213 1166113 1165362 1176276 1193433      82
welcoming_school_y_coordinate1_sy1314 | numeric | nonmissing: 47 | distinct nonmissing: 43
   Min. 1st Qu.  Median    Mean 3rd Qu.    Max.    NA's
1823353 1862116 1892327 1882182 1899434 1934467      82
welcoming_school_latitude1_sy1314 | numeric | nonmissing: 47 | distinct nonmissing: 43
   Min. 1st Qu.  Median    Mean 3rd Qu.    Max.    NA's
  41.67   41.78   41.86   41.83   41.88   41.98      82
welcoming_school_longitude1_sy1314 | numeric | nonmissing: 47 | distinct nonmissing: 43
   Min. 1st Qu.  Median    Mean 3rd Qu.    Max.    NA's
 -87.77  -87.71  -87.67  -87.67  -87.63  -87.57      82
welcoming_school_id2 | integer | nonmissing: 4 | distinct nonmissing: 4
   Min. 1st Qu.  Median    Mean 3rd Qu.    Max.    NA's
 609826  609884  609987  610042  610144  610368     125
welcoming_school_name2_sy1314 | character | nonmissing: 4 | distinct nonmissing: 4
[1] "Edward K Ellington Elementary School"
[2] "James B McPherson Elementary School"
[3] "Langston Hughes Elementary School"
[4] "Rosario Castellanos Elementary School"
welcoming_school_street_address2_sy1314 | character | nonmissing: 4 | distinct nonmissing: 4
[1] "240 W 104th St"          "243 N Parkside Ave"
[3] "2524 S Central Park Ave" "4728 N Wolcott Ave"
welcoming_school_x_coordinate2_sy1314 | numeric | nonmissing: 4 | distinct nonmissing: 4
   Min. 1st Qu.  Median    Mean 3rd Qu.    Max.    NA's
1138585 1149199 1157830 1157648 1166279 1176346     125
welcoming_school_y_coordinate2_sy1314 | numeric | nonmissing: 4 | distinct nonmissing: 4
   Min. 1st Qu.  Median    Mean 3rd Qu.    Max.    NA's
1836013 1874160 1894127 1888956 1908923 1931559     125
welcoming_school_latitude2_sy1314 | numeric | nonmissing: 4 | distinct nonmissing: 4
   Min. 1st Qu.  Median    Mean 3rd Qu.    Max.    NA's
  41.71   41.81   41.87   41.85   41.91   41.97     125
welcoming_school_longitude2_sy1314 | numeric | nonmissing: 4 | distinct nonmissing: 4
   Min. 1st Qu.  Median    Mean 3rd Qu.    Max.    NA's
 -87.77  -87.73  -87.70  -87.70  -87.66  -87.63     125
welcoming_school_id3 | integer | nonmissing: 2 | distinct nonmissing: 2
   Min. 1st Qu.  Median    Mean 3rd Qu.    Max.    NA's
 610004  610070  610136  610136  610203  610269     127
welcoming_school_name3_sy1314 | character | nonmissing: 2 | distinct nonmissing: 2
[1] "Countee Cullen Elementary School"    "John T McCutcheon Elementary School"
welcoming_school_street_address3_sy1314 | character | nonmissing: 2 | distinct nonmissing: 2
[1] "10650 S Eberhart Ave" "4865 N Sheridan Rd"
welcoming_school_x_coordinate3_sy1314 | numeric | nonmissing: 2 | distinct nonmissing: 2
   Min. 1st Qu.  Median    Mean 3rd Qu.    Max.    NA's
1168790 1171950 1175110 1175110 1178271 1181431     127
welcoming_school_y_coordinate3_sy1314 | numeric | nonmissing: 2 | distinct nonmissing: 2
   Min. 1st Qu.  Median    Mean 3rd Qu.    Max.    NA's
1834230 1858857 1883484 1883484 1908111 1932738     127
welcoming_school_latitude3_sy1314 | numeric | nonmissing: 2 | distinct nonmissing: 2
   Min. 1st Qu.  Median    Mean 3rd Qu.    Max.    NA's
  41.70   41.77   41.84   41.84   41.90   41.97     127
welcoming_school_longitude3_sy1314 | numeric | nonmissing: 2 | distinct nonmissing: 2
   Min. 1st Qu.  Median    Mean 3rd Qu.    Max.    NA's
 -87.65  -87.64  -87.63  -87.63  -87.62  -87.61     127
report_card_match_sy1213 | logical | nonmissing: 129 | distinct nonmissing: 2
[1] FALSE  TRUE
phone_number_sy1213 | character | nonmissing: 125 | distinct nonmissing: 125
[1] "(773) 534-1480" "(773) 534-1530" "(773) 534-1635" "(773) 534-1665"
[5] "(773) 534-1680" "(773) 534-1720"
website_sy1213 | character | nonmissing: 82 | distinct nonmissing: 82
[1] "http://brentano.cps.k12.il.us/"   "http://Trumbullschool.org"
[3] "http://www.attucks.cps.k12.il.us" "http://www.beidler.cps.k12.il.us"
[5] "http://www.burke.cps.k12.il.us"   "http://www.canter.cps.k12.il.us"
managed_by_network_sy1213 | character | nonmissing: 125 | distinct nonmissing: 14
[1] "AUSL Schools"
[2] "Austin-North Lawndale Elementary Network"
[3] "Burnham Park Elementary Network"
[4] "Englewood-Gresham Elementary Network"
[5] "Fullerton Elementary Network"
[6] "Fulton Elementary Network"
geographic_network_sy1213 | character | nonmissing: 125 | distinct nonmissing: 13
[1] "Austin-North Lawndale Elementary Network"
[2] "Burnham Park Elementary Network"
[3] "Englewood-Gresham Elementary Network"
[4] "Fullerton Elementary Network"
[5] "Fulton Elementary Network"
[6] "Garfield-Humboldt Elementary Network"
school_track_sy1213 | character | nonmissing: 125 | distinct nonmissing: 2
[1] "Standard" "Track E"
overall_rating_sy1213 | character | nonmissing: 125 | distinct nonmissing: 2
[1] "Level 2" "Level 3"
on_probation_sy1213 | character | nonmissing: 125 | distinct nonmissing: 2
[1] "No"  "Yes"
years_on_probation_sy1213 | integer | nonmissing: 125 | distinct nonmissing: 14
   Min. 1st Qu.  Median    Mean 3rd Qu.    Max.    NA's
  0.000   1.000   5.000   4.608   6.000  17.000       4
nwea_or_scantron_sy1213 | character | nonmissing: 125 | distinct nonmissing: 2
[1] "NWEA"     "Scantron"
growth_overall_level_sy1213 | character | nonmissing: 125 | distinct nonmissing: 6
[1] "Above Average"     "Average"           "Below Average"
[4] "Far Above Average" "Far Below Average" "Not Enough Data"
growth_overall_reading_and_math_sy1213 | character | nonmissing: 123 | distinct nonmissing: 106
[1] "26.3%" "28.6%" "33.3%" "35.8%" "35.9%" "36.1%"
reading_growth_grade_3_sy1213 | character | nonmissing: 116 | distinct nonmissing: 86
[1] "11.1%" "11.8%" "15%"   "16.7%" "18.5%" "20.8%"
reading_growth_grade_4_sy1213 | character | nonmissing: 117 | distinct nonmissing: 90
[1] "13.2%" "18.2%" "21.2%" "21.6%" "21.7%" "22.2%"
reading_growth_grade_5_sy1213 | character | nonmissing: 117 | distinct nonmissing: 93
[1] "15.2%" "15%"   "17.2%" "17.8%" "23.5%" "25.8%"
reading_growth_grade_6_sy1213 | character | nonmissing: 117 | distinct nonmissing: 93
[1] "18.9%" "21.1%" "24%"   "25.7%" "27.8%" "30.4%"
reading_growth_grade_7_sy1213 | character | nonmissing: 117 | distinct nonmissing: 93
[1] "100%"  "16.7%" "22.6%" "23.8%" "24.4%" "28.2%"
reading_growth_grade_8_sy1213 | character | nonmissing: 116 | distinct nonmissing: 97
[1] "15%"   "21.1%" "23.1%" "23.8%" "28.6%" "33.3%"
reading_growth_all_grades_sy1213 | character | nonmissing: 123 | distinct nonmissing: 102
[1] "19.4%" "21.7%" "26.7%" "29.8%" "30.8%" "33.2%"
math_growth_grade_3_sy1213 | character | nonmissing: 116 | distinct nonmissing: 90
[1] "11.1%" "11.5%" "13.3%" "18.8%" "20%"   "23.1%"
math_growth_grade_4_sy1213 | character | nonmissing: 116 | distinct nonmissing: 101
[1] "10.3%" "14.8%" "17.9%" "18.8%" "22.6%" "22.7%"
math_growth_grade_5_sy1213 | character | nonmissing: 116 | distinct nonmissing: 97
[1] "10.7%" "17.9%" "18.2%" "21.6%" "22.7%" "24%"
math_growth_grade_6_sy1213 | character | nonmissing: 117 | distinct nonmissing: 92
[1] "20.6%" "24.2%" "25.5%" "25.7%" "26.5%" "27.3%"
math_growth_grade_7_sy1213 | character | nonmissing: 117 | distinct nonmissing: 96
[1] "14.8%" "15.4%" "17.6%" "21.9%" "22.2%" "23.1%"
math_growth_grade_8_sy1213 | character | nonmissing: 116 | distinct nonmissing: 92
[1] "12.5%" "16.7%" "23.1%" "26.3%" "30.8%" "32%"
math_growth_all_grades_sy1213 | character | nonmissing: 123 | distinct nonmissing: 105
[1] "25.9%" "30.6%" "31.1%" "31.5%" "31.6%" "31.8%"
student_performance_level_sy1213 | character | nonmissing: 125 | distinct nonmissing: 4
[1] "Above Average"     "Average"           "Below Average"
[4] "Far Below Average"
student_performance_reading_and_math_sy1213 | character | nonmissing: 125 | distinct nonmissing: 107
[1] "12.7%" "13.1%" "13.3%" "14.7%" "15.2%" "15.3%"
reading_performance_grade_3_sy1213 | character | nonmissing: 120 | distinct nonmissing: 97
[1] "0%"    "10.5%" "11.5%" "12.2%" "13.3%" "14.3%"
reading_performance_grade_4_sy1213 | character | nonmissing: 120 | distinct nonmissing: 86
[1] "10.3%" "10.8%" "10%"   "11.1%" "11.8%" "11.9%"
reading_performance_grade_5_sy1213 | character | nonmissing: 120 | distinct nonmissing: 86
[1] "0%"    "10.7%" "10%"   "11.1%" "11.4%" "11.5%"
reading_performance_grade_6_sy1213 | character | nonmissing: 120 | distinct nonmissing: 94
[1] "0%"    "10.3%" "10.5%" "11.1%" "11.5%" "12.2%"
reading_performance_grade_7_sy1213 | character | nonmissing: 120 | distinct nonmissing: 93
[1] "11.8%" "13.3%" "13.5%" "13.6%" "14.7%" "15.2%"
reading_performance_grade_8_sy1213 | character | nonmissing: 119 | distinct nonmissing: 89
[1] "10.8%" "12.5%" "13.6%" "15.4%" "15.6%" "16.7%"
reading_performance_all_grades_sy1213 | character | nonmissing: 125 | distinct nonmissing: 93
[1] "11.1%" "12.5%" "14%"   "15.1%" "15.4%" "15.6%"
math_performance_grade_3_sy1213 | character | nonmissing: 119 | distinct nonmissing: 98
[1] "0%"    "10.3%" "10.4%" "10.7%" "10.8%" "10%"
math_performance_grade_4_sy1213 | character | nonmissing: 121 | distinct nonmissing: 99
[1] "10.5%" "10.7%" "10%"   "11.8%" "12.1%" "12.9%"
math_performance_grade_5_sy1213 | character | nonmissing: 119 | distinct nonmissing: 92
[1] "0%"    "10%"   "11.1%" "11.5%" "11.8%" "12.1%"
math_performance_grade_6_sy1213 | character | nonmissing: 120 | distinct nonmissing: 101
[1] "0%"    "10.2%" "10.5%" "10%"   "11.1%" "11.4%"
math_performance_grade_7_sy1213 | character | nonmissing: 120 | distinct nonmissing: 96
[1] "0%"    "10.8%" "13.3%" "13.8%" "14.3%" "16.1%"
math_performance_grade_8_sy1213 | character | nonmissing: 119 | distinct nonmissing: 94
[1] "0%"    "12.5%" "13%"   "14.7%" "14.8%" "15.2%"
math_performance_all_grades_sy1213 | character | nonmissing: 125 | distinct nonmissing: 112
[1] "10.7%" "11.1%" "13.8%" "14.1%" "14%"   "15.1%"
reading_growth_african_american_sy1213 | character | nonmissing: 116 | distinct nonmissing: 102
[1] "19.7%" "21.7%" "23.4%" "26.3%" "33.9%" "33%"
reading_growth_hispanic_sy1213 | character | nonmissing: 17 | distinct nonmissing: 16
[1] "35.7%" "41.7%" "42.2%" "44.4%" "45.5%" "46.3%"
reading_growth_white_sy1213 | character | nonmissing: 1 | distinct nonmissing: 1
[1] "61.3%"
reading_growth_students_with_disabilities_sy1213 | character | nonmissing: 47 | distinct nonmissing: 42
[1] "21.6%" "24.3%" "24.4%" "25.6%" "25.7%" "26.8%"
reading_growth_english_language_learners_sy1213 | character | nonmissing: 4 | distinct nonmissing: 4
[1] "44.7%" "46.5%" "54.5%" "59.4%"
reading_growth_free_and_reduced_lunch_sy1213 | character | nonmissing: 122 | distinct nonmissing: 105
[1] "18.9%" "20.3%" "26.7%" "30.2%" "32.3%" "32.8%"
math_growth_african_american_sy1213 | character | nonmissing: 116 | distinct nonmissing: 103
[1] "25.2%" "30.4%" "30.6%" "31.1%" "31.5%" "31.6%"
math_growth_hispanic_sy1213 | character | nonmissing: 17 | distinct nonmissing: 16
[1] "37.8%" "38.4%" "39.1%" "45.3%" "46.7%" "47.3%"
math_growth_white_sy1213 | character | nonmissing: 1 | distinct nonmissing: 1
[1] "56.3%"
math_growth_students_with_disabilities_sy1213 | character | nonmissing: 48 | distinct nonmissing: 44
[1] "24.3%" "25.7%" "25%"   "27.8%" "27%"   "33.3%"
math_growth_english_language_learners_sy1213 | character | nonmissing: 4 | distinct nonmissing: 4
[1] "38.7%" "39.4%" "56.1%" "56.5%"
math_growth_free_and_reduced_lunch_sy1213 | character | nonmissing: 122 | distinct nonmissing: 106
[1] "25.9%" "31.4%" "31.5%" "31.6%" "31%"   "32.1%"
overall_foundation_sy1213 | character | nonmissing: 125 | distinct nonmissing: 6
[1] "Moderately Organized" "Not Enough Data"      "Not Yet Organized"
[4] "Organized"            "Partially Organized"  "Well-organized"
involved_families_sy1213 | character | nonmissing: 125 | distinct nonmissing: 5
[1] "Neutral"         "Not Enough Data" "Strong"          "Very Weak"
[5] "Weak"
supportive_environment_sy1213 | character | nonmissing: 125 | distinct nonmissing: 6
[1] "Neutral"         "Not Enough Data" "Strong"          "Very Strong"
[5] "Very Weak"       "Weak"
ambitious_instruction_sy1213 | character | nonmissing: 125 | distinct nonmissing: 6
[1] "Neutral"         "Not Enough Data" "Strong"          "Very Strong"
[5] "Very Weak"       "Weak"
effective_leaders_sy1213 | character | nonmissing: 125 | distinct nonmissing: 6
[1] "Neutral"         "Not Enough Data" "Strong"          "Very Strong"
[5] "Very Weak"       "Weak"
collaborative_teachers_sy1213 | character | nonmissing: 125 | distinct nonmissing: 5
[1] "Neutral"         "Not Enough Data" "Strong"          "Very Weak"
[5] "Weak"
safety_sy1213 | character | nonmissing: 125 | distinct nonmissing: 6
[1] "Neutral"         "Not Enough Data" "Strong"          "Very Strong"
[5] "Very Weak"       "Weak"
misconducts_resulting_in_suspensions_2011_percent_sy1213 | character | nonmissing: 120 | distinct nonmissing: 114
[1] "100%"  "13.6%" "15.5%" "16.7%" "19.9%" "21.1%"
misconducts_resulting_in_suspensions_2012_percent_sy1213 | character | nonmissing: 119 | distinct nonmissing: 104
[1] "14.2%" "16.4%" "22.8%" "24.6%" "26.8%" "27.3%"
average_days_of_suspension_2011_sy1213 | numeric | nonmissing: 120 | distinct nonmissing: 34
   Min. 1st Qu.  Median    Mean 3rd Qu.    Max.    NA's
  1.100   2.000   2.500   2.597   2.900   6.500       9
average_days_of_suspension_2012_sy1213 | numeric | nonmissing: 119 | distinct nonmissing: 34
   Min. 1st Qu.  Median    Mean 3rd Qu.    Max.    NA's
  1.200   2.000   2.500   2.545   2.900   5.600      10
student_attendance_2011_percent_sy1213 | character | nonmissing: 125 | distinct nonmissing: 65
[1] "87.9%" "87%"   "88.9%" "88%"   "89.2%" "89.3%"
student_attendance_2012_percent_sy1213 | character | nonmissing: 125 | distinct nonmissing: 66
[1] "86.2%" "87.5%" "87.8%" "88.5%" "88.6%" "88.9%"
teacher_attendance_2011_percent_sy1213 | character | nonmissing: 125 | distinct nonmissing: 45
[1] "91.7%" "92.4%" "92.8%" "93.3%" "93.4%" "93.5%"
teacher_attendance_2012_percent_sy1213 | character | nonmissing: 125 | distinct nonmissing: 46
[1] "92.7%" "92.8%" "92.9%" "93.2%" "93.3%" "93.4%"
healthy_school_certified_sy1213 | character | nonmissing: 125 | distinct nonmissing: 3
[1] "No"      "Pending" "Yes"
First six records:
   school_id school_site_id n_candidate_schools_at_site
       <int>          <int>                       <int>
1:    609848         609848                           1
2:    609775         609775                           1
3:    610156         610156                           1
4:    610268         610268                           1
5:    609781         609781                           1
6:    610265         610265                           1
                                 school_name_sy1213 feb2013_candidate_129
                                             <char>                 <int>
1:                 Ira F Aldridge Elementary School                     1
2:                 John P Altgeld Elementary School                     1
3: Louis Armstrong Math & Science Elementary School                     1
4:                  Arthur R Ashe Elementary School                     1
5:                Crispus Attucks Elementary School                     1
6:              Benjamin Banneker Elementary School                     1
   mar2013_candidate_54 may2013_closed_47 may2013_welcoming_18
                  <int>             <int>                <int>
1:                    0                 0                    0
2:                    1                 1                    0
3:                    1                 1                    0
4:                    0                 0                    0
5:                    1                 0                    0
6:                    1                 1                    0
   consortium_treat_47 consortium_control_49 housing_treat_30
                 <int>                 <int>            <int>
1:                   0                     1                0
2:                   1                     0                0
3:                   1                     0                1
4:                   0                     1                0
5:                   0                     0                0
6:                   1                     0                0
   housing_control_49
                <int>
1:                  1
2:                  0
3:                  0
4:                  1
5:                  0
6:                  0
                                                                                                                                                    notes
                                                                                                                                                   <char>
1:                                                                                                                                                   <NA>
2: Closed; designated welcoming school relocated into the building for SY2013-14. Site remained in active school use; exclude from main housing treatment
3:                                                                                                                                                 Closed
4:                                                                                                                                                   <NA>
5:                                                                                                Approved for phase-out; closure effective June 30, 2015
6: Closed; designated welcoming school relocated into the building for SY2013-14. Site remained in active school use; exclude from main housing treatment
   street_address_sy1213 zip_sy1213 x_coordinate_sy1213 y_coordinate_sy1213
                  <char>      <int>               <num>               <num>
1:        630 E 131st St      60827             1182870             1818598
2:        1340 W 71st St      60636             1168430             1857717
3:  5345 W Congress Pkwy      60644             1140614             1897119
4:  8505 S Ingleside Ave      60619             1184079             1848753
5:       5055 S State St      60609             1177176             1871286
6:    6656 S Normal Blvd      60621             1174114             1860551
   latitude_sy1213 longitude_sy1213 report_card_match_sy1314
             <num>            <num>                   <lgcl>
1:        41.65743        -87.60650                     TRUE
2:        41.76510        -87.65821                    FALSE
3:        41.87378        -87.75920                    FALSE
4:        41.74015        -87.60114                     TRUE
5:        41.80214        -87.62575                     TRUE
6:        41.77275        -87.63729                    FALSE
                  school_name_sy1314 street_address_sy1314 zip_sy1314
                              <char>                <char>      <int>
1:  Ira F Aldridge Elementary School        630 E 131st St      60827
2:                              <NA>                  <NA>         NA
3:                              <NA>                  <NA>         NA
4:   Arthur R Ashe Elementary School  8505 S Ingleside Ave      60619
5: Crispus Attucks Elementary School       5055 S State St      60615
6:                              <NA>                  <NA>         NA
   x_coordinate_sy1314 y_coordinate_sy1314 latitude_sy1314 longitude_sy1314
                 <num>               <num>           <num>            <num>
1:             1182870             1818598        41.65743        -87.60650
2:                  NA                  NA              NA               NA
3:                  NA                  NA              NA               NA
4:             1184079             1848753        41.74015        -87.60114
5:             1177176             1871286        41.80214        -87.62575
6:                  NA                  NA              NA               NA
   attendance_boundary_match_sy1213 n_boundary_records_sy1213
                             <lgcl>                     <int>
1:                             TRUE                         1
2:                             TRUE                         1
3:                            FALSE                        NA
4:                             TRUE                         1
5:                             TRUE                         1
6:                             TRUE                         2
                   boundarygr_sy1213
                              <char>
1:         K, 1, 2, 3, 4, 5, 6, 7, 8
2:         K, 1, 2, 3, 4, 5, 6, 7, 8
3:                              <NA>
4:         K, 1, 2, 3, 4, 5, 6, 7, 8
5:         K, 1, 2, 3, 4, 5, 6, 7, 8
6: K, 1, 2, 3, 4, 5, 6, 7, 8 || K, 1
                                                                                                                                                                                                                                                                                                                                                                                                                                                                                                                                                                                                                                                                                                                                                                                                                                                                                                                                                                                                                                                                                                                                                                                                                                                                                                                                                                                                                                                                                                                                                                                                                                                                                                                                                                                                                                                                                                                                                                                                                                                                                                                                                                                                                                                                                                                                                                                                                                                                                                                                                                                                                                                                                                                                                                                                                                                                                                                                                                                                                                                                                                                                                                                                                                                                                                                                                                                                                                                                                                                                                                                                                                                                                                                                                                                                                                                                                                                                                                                                                                                                                                                                                                                                                                                                                                                                                                                                                                                                                                                                                                                                                                                                                                                                                                                                                                                                                                                                                                                                                                                                                                                                                                                                                                                                                                                                                                                                                                                                                                                                                                                                                                                                                                                                                                                                                                                                                                                                                                                                                                                                                                                                                                                                                                                                                                                                                                                                                                                                                                                                                                                                                                                                                                                                                                                                                                                                                                                                                                                                                                                                                                                                                                                                                                                                                                                                                                                                                                                                                                                                                                                                                                                                                                                                                                                                                                                                                                                                                                                                                                                                                                                                                                                                                                                                                                                                                                                                                                                                                                                                                                                                                                                                                                                                                                                                                                                                                                                                                                                                                                                                                                                                                                                                                                                                                                                                                                                                                                                                                                                                                                                                                                                                                                                                                                                                                                                                                                                                                                                                                                                                                                                                                                                                                                                                                                                                                                                                                                                                                                                                                                                                                                                                                                                                                                                                                                                                                                                                                                                                                                                                                                                                                                                                                                                                                                                                                                                                                                                                                                                                                                                                                                                                                                                                                                                                                                                                                                                                                                                                                                                                                                                                                                                                                                                                                                                                                                                                                                                                                                                                                                                                                                                                                                                                                                                                                                                                                                                                                                                                                                                                                                                                                                                                                                                                                                                                                                                                                                                                                                                                                                                                                                                                                                                                                                                                                                                                                                                                                                                                                                                                                                                                                                                                                                                                                                                                                                                                                                                                                                                                                                                                                                                                                                                                                                                                                                                                                                                                                                                                                                                                                                                                                                                                                                                                                                                                                                                                                                                                                                                                                                                                                                                                                                                                                                                                                                                                                                                                                                                                                                                                                                                                                                                                                                                                                                                                                                                                                                                                                                                                                                                                                                                                                                                                                                                                                                                                                                                                                                                                                                                                                                                                                                                                                                                                                                                                                                                                                                                                                                                                                                                                                                                                                                                                                                                                                                                                                                                                                                                                                                                                                                                                                                                                                                                                                                                                                                                                                                                                                                                                                                                                                                                                                                                                                                                                                                                                                                                                                                                                                                                                                                                                                                                                                                                                                                                                                                                                                                                                                                                                                                                                                                                                                                                                                                                                                                                                                                                                                                                                                                                                                                                                                                                                                                                                                                                                                                                                                                                                                                                                                                                                                                                                                                                                                                                                                                                                                                                                                                                                                                                                                                                                                                                                                                                                                                                                                                                                                                                                                                                                                                                                                                                                                                                                                                                                                                                                                                                                                                                                                                                                                                                                                                                                                                                                                                                                                                                                                                                                                                                                                                                                                                                                                                                                                                                                                                                                                                                                                                                                                                                                                                                                                                                                                                                                                                                                                                                                                                                                                                                                                                                                                                                                                                                                                                                                                                                                                                                                                                                                                                                                                                                                                                                                                                                                                                                                                                                                                                                                                                                                                                                                                                                                                                                                                                                                                                                                                                                                                                                                                                                                                                                                                                                                                                                                                                                                                                                                                                                                                                                                                                                                                                                                                                                                                                                                                                                                                                                                                                                                                                                                                                                                                                                                                                                                                                                                                                                                                                                                                                                                                                                                                                                                                                                                                                                                                                                                                                                                                                               the_geom_sy1213
                                                                                                                                                                                                                                                                                                                                                                                                                                                                                                                                                                                                                                                                                                                                                                                                                                                                                                                                                                                                                                                                                                                                                                                                                                                                                                                                                                                                                                                                                                                                                                                                                                                                                                                                                                                                                                                                                                                                                                                                                                                                                                                                                                                                                                                                                                                                                                                                                                                                                                                                                                                                                                                                                                                                                                                                                                                                                                                                                                                                                                                                                                                                                                                                                                                                                                                                                                                                                                                                                                                                                                                                                                                                                                                                                                                                                                                                                                                                                                                                                                                                                                                                                                                                                                                                                                                                                                                                                                                                                                                                                                                                                                                                                                                                                                                                                                                                                                                                                                                                                                                                                                                                                                                                                                                                                                                                                                                                                                                                                                                                                                                                                                                                                                                                                                                                                                                                                                                                                                                                                                                                                                                                                                                                                                                                                                                                                                                                                                                                                                                                                                                                                                                                                                                                                                                                                                                                                                                                                                                                                                                                                                                                                                                                                                                                                                                                                                                                                                                                                                                                                                                                                                                                                                                                                                                                                                                                                                                                                                                                                                                                                                                                                                                                                                                                                                                                                                                                                                                                                                                                                                                                                                                                                                                                                                                                                                                                                                                                                                                                                                                                                                                                                                                                                                                                                                                                                                                                                                                                                                                                                                                                                                                                                                                                                                                                                                                                                                                                                                                                                                                                                                                                                                                                                                                                                                                                                                                                                                                                                                                                                                                                                                                                                                                                                                                                                                                                                                                                                                                                                                                                                                                                                                                                                                                                                                                                                                                                                                                                                                                                                                                                                                                                                                                                                                                                                                                                                                                                                                                                                                                                                                                                                                                                                                                                                                                                                                                                                                                                                                                                                                                                                                                                                                                                                                                                                                                                                                                                                                                                                                                                                                                                                                                                                                                                                                                                                                                                                                                                                                                                                                                                                                                                                                                                                                                                                                                                                                                                                                                                                                                                                                                                                                                                                                                                                                                                                                                                                                                                                                                                                                                                                                                                                                                                                                                                                                                                                                                                                                                                                                                                                                                                                                                                                                                                                                                                                                                                                                                                                                                                                                                                                                                                                                                                                                                                                                                                                                                                                                                                                                                                                                                                                                                                                                                                                                                                                                                                                                                                                                                                                                                                                                                                                                                                                                                                                                                                                                                                                                                                                                                                                                                                                                                                                                                                                                                                                                                                                                                                                                                                                                                                                                                                                                                                                                                                                                                                                                                                                                                                                                                                                                                                                                                                                                                                                                                                                                                                                                                                                                                                                                                                                                                                                                                                                                                                                                                                                                                                                                                                                                                                                                                                                                                                                                                                                                                                                                                                                                                                                                                                                                                                                                                                                                                                                                                                                                                                                                                                                                                                                                                                                                                                                                                                                                                                                                                                                                                                                                                                                                                                                                                                                                                                                                                                                                                                                                                                                                                                                                                                                                                                                                                                                                                                                                                                                                                                                                                                                                                                                                                                                                                                                                                                                                                                                                                                                                                                                                                                                                                                                                                                                                                                                                                                                                                                                                                                                                                                                                                                                                                                                                                                                                                                                                                                                                                                                                                                                                                                                                                                                                                                                                                                                                                                                                                                                                                                                                                                                                                                                                                                                                                                                                                                                                                                                                                                                                                                                                                                                                                                                                                                                                                                                                                                                                                                                                                                                                                                                                                                                                                                                                                                                                                                                                                                                                                                                                                                                                                                                                                                                                                                                                                                                                                                                                                                                                                                                                                                                                                                                                                                                                                                                                                                                                                                                                                                                                                                                                                                                                                                                                                                                                                                                                                                                                                                                                                                                                                                                                                                                                                                                                                                                                                                                                                                                                                                                                                                                                                                                                                        <char>
1:                                                                                                                                                                                                                                                                                                                                                                                                                                                                                                                                                                                                                                                                                                                                                                                                                                                                                                                                                                                                                                                                                                                                                                                                                                                                                                                                                                                                                                                                                                                                                                                                                                                                                                                                                                                                                                                                                                                                                                                                                                                                                                                                                                                                                                                                                                                                                                                                                                                                                                                                                                                                                                                                                                                                                                                                                                                                                                                                                                                                                                                                                                                                                                                                                                                                                                                                                                                                                                                                                                                                                                                                                                                                                                                                                                                                                                                                                                                                                                                                                                                                                                                                                                                                                                                                                                                                                                                                                                                                                                                                                                                                                                                                                                                                                                                                                                                                                                                                                                                                                                                                                                                                                                                                                                                                                                                                                                                                                                                                                                                                                                                                                                                                                                                                                                                                                                                                                                                                                                                                                                                                                                                                                                                                                                                                                                                                                                                                                                                                                                                                                                                                                                                                                                                                                                                                                                                                                                                                                                                                                                                                                                                                                                                                                                                                                                                                                                                                                                                                                                                                                                                                                                                                                                                                                                                                                                                                                                                                                                                                                                                                                                                                                                                                                                                                                                                                                                                                                                                                                                                                                                                                                                                                                                                                                                                                                                                                                                                                                                                                                                                                                                                                                                                                                                                                                                                                                                                                                                                                                                                                                                                                                                                                                                                                                                                                                                                                                                                                                                                                                                                                                                                                                                                                                                                                                                                                                                                                                                                                                                                                                                                                                                                                                                                                                                                                                                                                                                                                                                                                                                                                                                                                                                                                                                                                                                                                                                                                                                                                                                                                                                                                                                                                                                                                                                                                                                                                                                                                                                                                                                                                                                                                                                                                                                                                                                                                                                                                                                                                                                                                                                                                                                                                                                                                                                                                                                                                                                                                                                                                                                                                                                                                                                                                                                                                                                                                                                                                                                                                                                                                                                                                                                                                                                                                                                                                                                                                                                                                                                                                                                                                                                                                                                                                                                                                                                                                                                                                                                                                                                                                                                                                                                                                                                                                                                                                                                                                                                                                                                                                                                                                                                                                                                                                                                                                                                                                                                                                                                                                                                                                                                                                                                                                                                                                                                                                                                                                                                                                                                                                                                                                                                                                                                                                                                                                                                                                                                                                                                                                                                                                                                                                                                                                                                                                                                                                                                                                                                                                                                                                                                                                                                                                                                                                                                                                                                                                                                                                                                                                                                                                                                                                                                                                                                                                                                                                                                                                                                                                                                                                                                                                                                                                                                                                                                                                                                                                                                                                                                                                                                                                                                                                                                                                                                                                                                                                                                                                                                                                                                                                                                                                                                                                                                                                                                                                                                                                                                                                                                                                                                                                                                                                                                                                                                                                                                                                                                                                                                                                                                                                                                                                                                                                                                                                                                                                                                                                                                                                                                                                                                                                                                                                                                                                                                                                                                                                                                                                                                                                                                                                                                                                                                                                                                                                                                                                                                                                                                                                                                                                                                                                                                                                                                                                                                                                                                                                                                                                                                                                                                                                                                                                                                                                                                                                                                                                                                                                                                                                                                                                                                                                                                                                                                                                                                                                                                                                                                                                                                                                                                                                                                                                                                                                                                                                                                                                                                                                                                                                          MULTIPOLYGON (((-87.60340594246624 41.65915205597944, -87.60340560559371 41.65870461207428, -87.60340508011943 41.65800518913182, -87.6034066961372 41.65722689611473, -87.6036015719561 41.6572353851508, -87.60419658576961 41.657271517172795, -87.60469600064707 41.65730896151105, -87.60470264243668 41.657309375470554, -87.60484446791085 41.657318217569134, -87.60497913595208 41.65732126704741, -87.60513510511007 41.657320775997476, -87.60513115862435 41.6565828482879, -87.60513093624779 41.65633294615377, -87.60512887661491 41.655791583839154, -87.60512716740288 41.655342103322305, -87.60511726411015 41.65509408911101, -87.60510642919789 41.654876668219444, -87.60509503186528 41.65474179370999, -87.60508703175613 41.65465938484717, -87.60507383929165 41.65453435085715, -87.60505588310673 41.65440953428218, -87.60505552126098 41.65438368042955, -87.60503741721105 41.654270717245936, -87.60498550134423 41.65394677556672, -87.60493748745391 41.65370990861714, -87.60558435265544 41.65370763868243, -87.6058774816391 41.653706668009214, -87.60596306464099 41.65373823115298, -87.60679869609316 41.65373942044619, -87.60739673823664 41.65374115078617, -87.60758403667579 41.65360595379032, -87.60757928636455 41.653448947025396, -87.60757840760384 41.653178376094274, -87.60757746180573 41.65280961162511, -87.60757543901782 41.65258887100287, -87.60757357017611 41.65238371953886, -87.60757327493 41.652097097653105, -87.60757144372374 41.65185597461933, -87.60767192504233 41.651868759604945, -87.60786407087069 41.65187469230386, -87.60791365253253 41.651874662195965, -87.60827338650755 41.65187384463275, -87.60877495091512 41.65187269919264, -87.60962399547886 41.65187002231719, -87.60985207929706 41.65186930270189, -87.61016506429748 41.65186726566672, -87.61056697425673 41.65186446884256, -87.61107605889758 41.651858338354806, -87.6113506515969 41.65185377888617, -87.61156050319762 41.6518502951521, -87.61193585009501 41.65184392421479, -87.61201087076637 41.65184350727206, -87.61205940945808 41.651843237433795, -87.61211948794768 41.65184290312728, -87.61242835753154 41.651841186151664, -87.61258697356317 41.6591215919823, -87.61258689118233 41.65912510382546, -87.61253902164177 41.65912517008694, -87.61246075198251 41.65912537700345, -87.61223377365863 41.65912597993428, -87.61187038721717 41.65912642494818, -87.61149610231426 41.659126799467536, -87.61114722035877 41.65913005871897, -87.61072933073311 41.65913015674951, -87.6106457601028 41.65912963131271, -87.6103623431802 41.659127848922196, -87.61003526298279 41.6591312410321, -87.6096683946809 41.6591334047979, -87.6095882754786 41.65913387722889, -87.60916311904352 41.659133924705955, -87.60878153560606 41.65913696983128, -87.60838544901097 41.65913719678128, -87.6080765976174 41.659135248326365, -87.60789125573015 41.659136804091396, -87.60759327464994 41.65913764837924, -87.60754047062339 41.65913995304466, -87.6071570043341 41.65915669358309, -87.60670274984432 41.659159272642704, -87.6062050769559 41.659145224442604, -87.60579445551991 41.65914535140955, -87.60546016849655 41.6591432349149, -87.60518032567474 41.65914691234288, -87.60513350038151 41.65914710998831, -87.60492231287414 41.65914800290749, -87.60463892695302 41.659143481166566, -87.60439541714412 41.65914738702759, -87.60418842956736 41.65913517417999, -87.60388321129305 41.659133237503674, -87.60341060468706 41.65915203786787, -87.60340594246624 41.65915205597944)))
2:                                                                                                                                                                                                                                                                                                                                                                                                                                                                                                                                                                                                                                                                                                                                                                                                                                                                                                                                                                                                                                                                                                                                                                                                                                                                                                                                                                                                                                                                                                                                                                                                                                                                                                                                                                                                                                                                                                                                                                                                                                                                                                                                                                                                                                                                                                                                                                                                                                                                                                                                                                                                                                                                                                                                                                                                                                                                                                                                                                                                                                                                                                                                                                                                                                                                                                                                                                                                                                                                                                                                                                                                                                                                                                                                                                                                                                                                                                                                                                                                                                                                                                                                                                                                                                                                                                                                                                                                                                                                                                                                                                                                                                                                                                                                                                                                                                                                                                                                                                                                                                                                                                                                                                                                                                                                                                                                                                                                                                                                                                                                                                                                                                                                                                                                                                                                                                                                                                                                                                                                                                                                                                                                                                                                                                                                                                                                                                                                                                                                                                                                                                                                                                                                                                                                                                                                                                                                                                                                                                                                                                                                                                                                                                                                                                                                                                                                                                                                                                                                                                                                                                                                                                                                                                                                                                                                                                                                                                                                                                                                                                                                                                                                                                                                                                                                                                                                                                                                                                                                                                                                                                                                                                                                                                                                                                                                                                                                                                                                                                                                                                                                                                                                                                                                                                                                                                                                                                                                                                                                                                                                                                                                                                                                                                                                                                                                                                                                                                                                                                                                                                                                                                                                                                                                                                                                                                                                                                                                                                                                                                                                                                                                                                                                                                                                                                                                                                                                                                                                                                                                                                                                                                                                                                                                                                                                                                                                                                                                                                                                                                                                                                                                                                                                                                                                                                                                                                                                                                                                                                                                                                                                                                                                                                                                                                                                                                                                                                                                                                                                                                                                                                                                                                                                                                                                                                                                                                                                                                                                                                                                                                                                                                                                                                                                                                                                                                                                                                                                                                                                                                                                                                                                                                                                                                                                                                                                                                                                                                                                                                                                                                                                                                                                                                                                                                                                                                                                                                                                                                                                                                                                                                                                                                                                                                                                                                                                                                                                                                                                                                                                                                                                                                                                                                                                                                                                                                                                                                                                                                                                                                                                                                                                                                                                                                                                                                                                                                                                                                                                                                                                                                                                                                                                                                                                                                                                                                                                                                                                                                                                                                                                                                                                                                                                                                                                                                                                                                                                                                                                                                                                                                                                                                                                                                                                                                                                                                                                                                                                                                                                                                                                                                                                                                                                                                                                                                                                                                                                                                                                                                                                                                                                                                                                                                                                                                                                                                                                                                                                                                                                                                                                                                                                                                                                                                                                                                                                                                                                                                                                                                     MULTIPOLYGON (((-87.65668940181953 41.770477977605495, -87.65668567211632 41.77036572332023, -87.65666215450769 41.7695270102585, -87.65664180192438 41.76877432153088, -87.65663856677075 41.76865770788876, -87.65663427917431 41.76850311273558, -87.65661471476366 41.76776255904187, -87.65659285822403 41.76696115002573, -87.65658907229572 41.76683768047329, -87.65658573341975 41.76672877595007, -87.65653976771051 41.76501626343489, -87.65671082810327 41.765013557910784, -87.65716165987244 41.765005742743355, -87.65719300521452 41.76500519972865, -87.65735045724882 41.76500349989749, -87.65733923925936 41.76458810376735, -87.65733824859241 41.764551302972706, -87.65733691860191 41.764501918566424, -87.65733327914207 41.76436665874597, -87.65732773144711 41.76416538598326, -87.65732491518457 41.76409628667239, -87.65732158155863 41.764014495557824, -87.65731881076475 41.763866370205356, -87.65731561629639 41.763692389447876, -87.65731469673077 41.763642859790124, -87.65731311038871 41.76355740998703, -87.65731026147908 41.76340275205823, -87.65730764285645 41.763261212811564, -87.65730557825381 41.76318833190247, -87.65730290907963 41.76309411252605, -87.65729741553129 41.762894569626546, -87.65729303462687 41.762733838746406, -87.65729180611534 41.76268876854206, -87.65728734341016 41.76252724035685, -87.65728310298202 41.76237249137903, -87.65728138231187 41.76227910770142, -87.65727978743263 41.7621925287772, -87.65727425053593 41.76198670108312, -87.65726989274793 41.76182549492344, -87.65726920738608 41.76180016918582, -87.65726397929696 41.761606856488456, -87.65725981120262 41.76145232759875, -87.65725701532517 41.76136961584106, -87.6574172464479 41.76136752259369, -87.65763859395506 41.76136402206887, -87.65792061480545 41.76135950476582, -87.65827243311549 41.761353916705254, -87.65864547200181 41.761348478294984, -87.65887167619475 41.76134568548639, -87.65886796829137 41.76123526525052, -87.65886342099674 41.761053537919956, -87.65885937390766 41.76089110822346, -87.6588590851552 41.76087952430413, -87.65885391202985 41.7606735060907, -87.65885002888322 41.76051930933288, -87.65884927552767 41.76043576775222, -87.65884857101827 41.76035755208385, -87.65884147851823 41.76014581430383, -87.65883672849645 41.75997886335049, -87.6588350749291 41.75992077144428, -87.65882963969364 41.75970833029218, -87.65882543355093 41.759523781387514, -87.65882079940747 41.75932050878475, -87.65881414197466 41.759109267817216, -87.65880709034364 41.75885161908401, -87.65879950449067 41.758575058745954, -87.6587907844647 41.758259715036644, -87.65878262236414 41.757952531846215, -87.6587778300237 41.75777219132659, -87.65877517053598 41.75767214482072, -87.65877457315486 41.75764961610774, -87.65877389971743 41.75762355663671, -87.65878651075231 41.75762335966939, -87.65880551313099 41.75762302105226, -87.65885469443133 41.757622142914286, -87.65903580148864 41.75761891844337, -87.6592746011188 41.757614671729876, -87.65950028789383 41.75761065733941, -87.65969712953768 41.75760715585869, -87.65987028796899 41.757604075244494, -87.6600831949939 41.757600287318674, -87.66036919612245 41.75759519936477, -87.66064191964617 41.7575903444847, -87.66087368107677 41.75758621440299, -87.6612147505173 41.75758013661657, -87.66151632027545 41.75757476143089, -87.66174954286045 41.757570604812535, -87.66198252848628 41.75756645263855, -87.66198984366329 41.75756627659528, -87.66200269742247 41.75756609419856, -87.66201980558861 41.757565785398214, -87.66206480045913 41.75756496425785, -87.66213220977997 41.75756373383021, -87.662133225685 41.75760183219804, -87.66213479191364 41.75766062585501, -87.66221624438651 41.75765943960138, -87.66238694845443 41.75765695310222, -87.66258643411142 41.757654047345184, -87.6628066881618 41.75765083838012, -87.66300128506344 41.75764800241099, -87.66319807676447 41.75764513479612, -87.66339365258798 41.757642284064104, -87.66339279305225 41.75761000564548, -87.6633920030406 41.75758029185756, -87.6633909646518 41.75754127770226, -87.66343413927741 41.75754054265056, -87.663491962406 41.757539558952466, -87.66356761030815 41.75753827037192, -87.66360493717407 41.75753743994211, -87.66360595708092 41.757580210290214, -87.6636067679195 41.75763869430401, -87.66360741977611 41.75767788897686, -87.66360827888245 41.757766311143236, -87.66360829383845 41.757767879657614, -87.66361075892009 41.75791186519883, -87.66361552070657 41.75819024195329, -87.66362029559492 41.758429079463575, -87.6636254010976 41.7586818042416, -87.66362978492037 41.7589017039833, -87.66363475164543 41.759150201642434, -87.66363896943959 41.759357969850726, -87.66364022001866 41.759453849252274, -87.6636416203968 41.75956122802009, -87.66365186812986 41.75974592452833, -87.66365941848613 41.75995041952394, -87.66366289597664 41.760222344819226, -87.66366635578859 41.76036007409529, -87.66366880601463 41.76045762073556, -87.66367450746291 41.760677801798, -87.66368070771422 41.76091697704349, -87.66368637452148 41.76113691028725, -87.66368721705751 41.76127100123962, -87.66368725885044 41.761277506580676, -87.66369624040831 41.76147830398248, -87.66370230816312 41.76171253814956, -87.6637081064922 41.76193741240095, -87.66371268847688 41.76211365114426, -87.66371440665499 41.762180759540364, -87.6637168065226 41.762274600877, -87.66372173081506 41.76246730737621, -87.6637266946391 41.7626596836674, -87.66373119552426 41.76283320463126, -87.66373319949453 41.76308958100186, -87.66373361827367 41.763143105296706, -87.66373859335911 41.76319341035079, -87.66374275027329 41.76335757096023, -87.66374774509131 41.76355414667698, -87.66375273388074 41.76375118873776, -87.66375666122042 41.76390574296219, -87.66375552443792 41.76399981215792, -87.66375456528381 41.764079225441925, -87.66375801695199 41.764219616938576, -87.66376430955431 41.764379399814445, -87.66377713718647 41.76453963133434, -87.66377734180588 41.76454319974917, -87.66379598350024 41.764909027001046, -87.6638055630041 41.76509702735183, -87.66381729533066 41.76551277521389, -87.66382043346592 41.76580676246075, -87.66383203485019 41.76651724643738, -87.66383828908968 41.76673095330454, -87.6638780399746 41.768089091316035, -87.66388675350396 41.7683868167941, -87.66389848874249 41.76855168947612, -87.66393079730325 41.76900561061781, -87.66393089177593 41.76900901722377, -87.66395157420479 41.76976189485521, -87.66396332270271 41.7701895253918, -87.66396833575327 41.77037205809024, -87.66397377284966 41.770570028091825, -87.6639945956909 41.7712963997943, -87.66399766277877 41.77140166140482, -87.66401512654053 41.772015607354966, -87.66402112836613 41.77219201701891, -87.66340102693859 41.77220210167862, -87.66335151538783 41.77220290688911, -87.66292872228533 41.77221004553922, -87.66279939635108 41.77221131120746, -87.6626369943808 41.772212898645314, -87.6619183250254 41.77222357479672, -87.661722024401 41.772226050459516, -87.66158803402836 41.77222825718152, -87.66154808326918 41.77222891583626, -87.6614457129358 41.77223063651529, -87.6605550969298 41.77224260423657, -87.66037637852142 41.77224511843538, -87.66017227993744 41.77224799054912, -87.65916633280098 41.772262560686634, -87.65916105507138 41.772112914572595, -87.6591525434341 41.77181519824739, -87.65913990978264 41.77137325730648, -87.65913856785951 41.77132659648924, -87.65911748042706 41.77056778434329, -87.65911355576698 41.77044181383479, -87.65896522251134 41.7704432877746, -87.65850958880493 41.770450774727856, -87.65805836126422 41.77045818673259, -87.65790262244671 41.77046062507354, -87.65774869397453 41.770463035133524, -87.65729585474669 41.77046940735705, -87.65685754497656 41.770475574333105, -87.65668940181953 41.770477977605495)))
3:                                                                                                                                                                                                                                                                                                                                                                                                                                                                                                                                                                                                                                                                                                                                                                                                                                                                                                                                                                                                                                                                                                                                                                                                                                                                                                                                                                                                                                                                                                                                                                                                                                                                                                                                                                                                                                                                                                                                                                                                                                                                                                                                                                                                                                                                                                                                                                                                                                                                                                                                                                                                                                                                                                                                                                                                                                                                                                                                                                                                                                                                                                                                                                                                                                                                                                                                                                                                                                                                                                                                                                                                                                                                                                                                                                                                                                                                                                                                                                                                                                                                                                                                                                                                                                                                                                                                                                                                                                                                                                                                                                                                                                                                                                                                                                                                                                                                                                                                                                                                                                                                                                                                                                                                                                                                                                                                                                                                                                                                                                                                                                                                                                                                                                                                                                                                                                                                                                                                                                                                                                                                                                                                                                                                                                                                                                                                                                                                                                                                                                                                                                                                                                                                                                                                                                                                                                                                                                                                                                                                                                                                                                                                                                                                                                                                                                                                                                                                                                                                                                                                                                                                                                                                                                                                                                                                                                                                                                                                                                                                                                                                                                                                                                                                                                                                                                                                                                                                                                                                                                                                                                                                                                                                                                                                                                                                                                                                                                                                                                                                                                                                                                                                                                                                                                                                                                                                                                                                                                                                                                                                                                                                                                                                                                                                                                                                                                                                                                                                                                                                                                                                                                                                                                                                                                                                                                                                                                                                                                                                                                                                                                                                                                                                                                                                                                                                                                                                                                                                                                                                                                                                                                                                                                                                                                                                                                                                                                                                                                                                                                                                                                                                                                                                                                                                                                                                                                                                                                                                                                                                                                                                                                                                                                                                                                                                                                                                                                                                                                                                                                                                                                                                                                                                                                                                                                                                                                                                                                                                                                                                                                                                                                                                                                                                                                                                                                                                                                                                                                                                                                                                                                                                                                                                                                                                                                                                                                                                                                                                                                                                                                                                                                                                                                                                                                                                                                                                                                                                                                                                                                                                                                                                                                                                                                                                                                                                                                                                                                                                                                                                                                                                                                                                                                                                                                                                                                                                                                                                                                                                                                                                                                                                                                                                                                                                                                                                                                                                                                                                                                                                                                                                                                                                                                                                                                                                                                                                                                                                                                                                                                                                                                                                                                                                                                                                                                                                                                                                                                                                                                                                                                                                                                                                                                                                                                                                                                                                                                                                                                                                                                                                                                                                                                                                                                                                                                                                                                                                                                                                                                                                                                                                                                                                                                                                                                                                                                                                                                                                                                                                                                                                                                                                                                                                                                                                                                                                                                                                                                                                                                                                                                                                                                                                                                                                                                                                                                                                                                                                                                                                                                                                                                                                                                                                                                                                                                                                                                                                                                                                                                                                                                                                                                                                                                                                                                                                                                                                                                                                                                                                                                                                                                                                                                                                                                                                                                                                                                                                                                                                                                                                                                                                                                                                                                                                                                                                                                                                                                                                                                                                                                                                                                                                                                                                                                                                                                                                                                                                                                                                                                                                                                                                                                                                                                                                                                                                                                                                                                                                                                                                                                                                                                                                                                                                                                                                                                                                                                                                                                                                                                                                                                                                                                                                                                                                                                                                                                                                                                                                                                                                                                                                                                                                                                                                                                                                                                                                                                                                                                                                                                                                                                                                                                                                                                                                                                                                                                                                                                                                                                                                                                                                                                                                                                                                                                                                                                                                                                                                                                                                                                                                                                                                                                                                                                                                                                                                                                                                                                                                                                                                                                                                                                                                                                                                                                                                                                                                                                                                                                                                                                                                                                                                                                                                                                                                                                                                                                                                                                                                                                                                                                                                                                                                                                                                                                                                                                                                                                                                                                                                                                                        <NA>
4:                                                                                                                                                                                                                                                                                                                                                                                                                                                                                                                                                                                                                                                                                                                                                                                                                                                                                                                                                                                                                                                                                                                                                                                                                                                                                                                                                                                                                                                                                                                                                                                                                                                                                                                                                                                                                                                                                                                                                                                                                                                                                                                                                                                                                                                                                                                                                                                                                                                                                                                                                                                                                                                                                                                                                                                                                                                                                                                                                                                                                                                                                                                                                                                                                                                                                                                                                                                                                                                                                                                                                                                                                                                                                                                                                                                                                                                                                                                                                                                                                                                                                                                                                                                                                                                                                                                                                                                                                                                                                                                                                                                                                                                                                                                                                                                                                                                                                                                                                                                                                                                                                                                                                                                                                                                                                                                                                                                                                                                                                                                                                                                                                                                                                                                                                                                                                                                                                                                                                                                                                                                                                                                                                                                                                                                                                                                                                                                                                                                                                                                                                                                                                                                                                                                                                                                                                                                                                                                                                                                                                                                                                                                                                                                                                                                                                                                                                                                                                                                                                                                                                                                                                                                                                                                                                                                                                                                                                                                                                                                                                                                                                                                                                                                                                                                                                                                                                                                                                                                                                                                                                                                                                                                                                                                                                                                                                                                                                                                                                                                                                                                                                                                                                                                                                                                                                                                                                                                                                                                                                                                                                                                                                                                                                                                                                                                                                                                                                                                                                                                                                                                                                                                                                                                                                                                                                                                                                                                                                                                                                                                                                                                                                                                                                                                                                                                                                                                                                                                                                                                                                                                                                                                                                                                                                                                                                                                                                                                                                                                                                                                                                                                                                                                                                                                                                                                                                                                                                                                                                                                                                                                                                                                                                                                                                                                                                                                                                                                                                                                                                                                                                                                                                                                                                                                                                                                                                                                                                                                                                                                                                                                                                                                                                                                                                                                                                                                                                                                                                                                                                                                                                                                                                                                                                                                                                                                                                                                                                                                                                                                                                                                                                                                                                                                                                                                                                                                                                                                                                                                                                                                                                                                                                                                                                                                                                                                                                                                                                                                                                                                                                                                                                                                                                                                                                                                                                                                                                                                                                                                                                                                                                                                                                                                                                                                                                                                                                                                                                                                                                                                                                                                                                                                                                                                                                                                                                                                                                                                                                                                                                                                                                                                                                                                                                                                                                                                                                                                                                                                                                                                                                                                                                                                                                                                                                                                                                                                                                                                                                                                                                                                                                                                                                                                                                                                                                                                                                                                                                                                                                                                                                                                                                                                                                                                                                                                                                                                                                                                                                                                                                                                                                                                                                                                                                                                                                                                                                                                                                                                                                                                                                                                                                                                                                                                                                                                                                                                                                                                                                                                                                                                                                                                                                                                                                                                                                                                                                                          MULTIPOLYGON (((-87.60150174777436 41.74965351380268, -87.60149736257034 41.749496989806694, -87.6012694732662 41.749499505012096, -87.60091160885392 41.74950392118337, -87.6008881907171 41.749504207672565, -87.60050800271142 41.749508866528885, -87.60028539249474 41.74951107851894, -87.60007395174564 41.74951317858808, -87.59971750628364 41.74951523845094, -87.59967691222215 41.74951561220157, -87.59934466371396 41.749518675352135, -87.59907419405204 41.749522930084375, -87.5987876502612 41.749527437959166, -87.5985394274141 41.749528895782944, -87.59847057531164 41.749529291866274, -87.5981824697297 41.74953094850731, -87.59792509723076 41.74953462617123, -87.59778639935236 41.74953357086326, -87.59780500865104 41.74945225964816, -87.5978226448921 41.74937487587215, -87.59786751346128 41.74917791674435, -87.59791900180328 41.748950705551714, -87.59797488940514 41.74870385952075, -87.5980278871225 41.748470846095806, -87.59810046304848 41.74815569292065, -87.59814251200977 41.7479730403279, -87.59819205544602 41.747760164657116, -87.59823724131304 41.747572284788035, -87.5982997001609 41.74730849078107, -87.5983492211038 41.74708832375522, -87.59839603598053 41.74687780565795, -87.59844284991543 41.74666734244944, -87.59848966290868 41.74645693412968, -87.59855208062768 41.7461762065903, -87.59862128931567 41.745869530822134, -87.59862215122469 41.74586584845719, -87.59862289121725 41.74586252545681, -87.59863637876083 41.745805085871496, -87.59867923057986 41.74562175566398, -87.59873163910973 41.74539746611027, -87.59879605926922 41.745121758991914, -87.5988679288361 41.7448138935434, -87.59894397882435 41.74448937377024, -87.59904582148883 41.744053946663435, -87.59904708239856 41.74404858316941, -87.59904808992935 41.74404435521169, -87.59907239668853 41.743940894330706, -87.5991272002322 41.7436949148348, -87.59920626458597 41.74334003770854, -87.5993239636227 41.74281174930726, -87.59943912413787 41.74229855347835, -87.59952129821589 41.74193737087053, -87.5996113628599 41.74154150263477, -87.59972348331969 41.74104868467169, -87.59986255454855 41.74043739348779, -87.59996210169359 41.73999982483782, -87.60004925356093 41.739616782983504, -87.60014157513304 41.73921087152881, -87.60026947125014 41.73864867888457, -87.60035372139647 41.738279564793636, -87.60044609078591 41.73787734658346, -87.60052990849502 41.7375129915663, -87.60061403513018 41.73714759941601, -87.60071423766307 41.73671193919524, -87.60071496486859 41.736708770056204, -87.60071564137607 41.73670561950148, -87.6007159462673 41.736704494192345, -87.6007150662041 41.736704507488625, -87.60071610088939 41.736699985265375, -87.60071935943361 41.73668572900296, -87.60072484677464 41.7366617270279, -87.60073565459778 41.73661444230233, -87.60068147620574 41.736615197097315, -87.60057663239378 41.73661665878563, -87.60044737320142 41.736618459849275, -87.60036275733229 41.736619637996384, -87.60037269688652 41.736576109478406, -87.60039106549672 41.73649566586606, -87.60041791111686 41.73637810127663, -87.6004527504968 41.736225523968294, -87.60053627068683 41.735859749771926, -87.60063469674355 41.735428695249, -87.60072326337767 41.735040812236534, -87.60081728602351 41.73462902958153, -87.60092004963634 41.73417895340353, -87.6010227560327 41.733729127932875, -87.60113843149449 41.733222491072446, -87.60123068668258 41.73281842359016, -87.6013218844504 41.73241898613476, -87.6014339161087 41.731928281868846, -87.60153373885338 41.73149105327039, -87.601594590621 41.73122451295838, -87.6015950295075 41.73122259167804, -87.60159535919186 41.731221078466994, -87.60243395161176 41.731209581694344, -87.60233685492389 41.7316318067977, -87.60222403787643 41.732127342831966, -87.60290780678444 41.73211688232113, -87.60308184522778 41.73211421870786, -87.60388095294553 41.73210178607684, -87.60395162014655 41.73210068875489, -87.60471199641024 41.73208887152742, -87.60473440207966 41.733000629892494, -87.6047568289986 41.73391320667562, -87.60476488577699 41.734241041003486, -87.60477840315664 41.73482544387088, -87.60479950164108 41.7357375824657, -87.60480552066271 41.73599782168726, -87.60481017613057 41.73618896476731, -87.60482283391273 41.73664940734582, -87.60482526667482 41.73673792205396, -87.60484314570579 41.73738893048101, -87.60486073307143 41.73791089982904, -87.60487477570541 41.73846264952901, -87.60489501324979 41.73925774947832, -87.6049266075166 41.74026996785371, -87.60493845821733 41.740649607451004, -87.6049454556606 41.74092109186083, -87.60496568865138 41.74170606417236, -87.60497851106568 41.742111447557356, -87.60500515781646 41.74295390339537, -87.6050069594596 41.743027874073576, -87.60501408069945 41.743318651188986, -87.60501800096316 41.74346780102788, -87.60502160260772 41.74359993472231, -87.60502258657723 41.74363594639384, -87.60502804754259 41.74383365345127, -87.60503309373918 41.7439697695863, -87.60503751131347 41.74408896125139, -87.60504241524447 41.74427437033467, -87.60504944113465 41.744541051325825, -87.60505646051662 41.7448084183381, -87.60506324759822 41.74506379196081, -87.60507055449499 41.7453316820796, -87.60507949172754 41.74563350270609, -87.60508438935646 41.74579799542143, -87.60508921503187 41.74596002699039, -87.60509669919878 41.74623798962327, -87.60510592302943 41.74657946749533, -87.60511331950075 41.74686530589518, -87.60512289192953 41.74723743960881, -87.6051351384174 41.747627328244754, -87.60514404679124 41.74791099820226, -87.60515176713822 41.7481779859442, -87.60515986447669 41.74845694004917, -87.60516934013273 41.748782666681734, -87.60517786014584 41.749072849125284, -87.60518569100222 41.749339864523286, -87.6051891322866 41.749456655829086, -87.6051959682465 41.74968862019106, -87.60520348514396 41.74994438177155, -87.60521020837304 41.75019909569391, -87.60521678575032 41.75046193172753, -87.60522529737509 41.75080310321028, -87.6052262215418 41.75082835605714, -87.6052367527981 41.75111572401094, -87.60522053422456 41.75113702728595, -87.60522080044285 41.75121071261719, -87.60521454820213 41.75128615195596, -87.60482707018731 41.75129109491504, -87.60459432589325 41.751294010890966, -87.60457190522467 41.75129428284789, -87.60427383830954 41.751297904772784, -87.60396678974662 41.7513014337941, -87.60362773437328 41.75130532864966, -87.60336158305005 41.75130802905264, -87.60324179354653 41.75130924421189, -87.60275688857723 41.75131461177469, -87.60233473065014 41.75131928348752, -87.60214988489943 41.75132114150398, -87.60213406393223 41.751321300123024, -87.60184242703167 41.751324273286805, -87.60154710537284 41.75132657308203, -87.60154273687637 41.75114897992141, -87.60153633222696 41.75090623365984, -87.6015293460359 41.750640485793966, -87.60152399496336 41.750438470396105, -87.60151615662794 41.750153013605534, -87.60150811508666 41.74987370226326, -87.60150174777436 41.74965351380268)))
5:                                                                                                                                                                                                                                                                                                                                                                                                                                                                                                                                                                                                                                                                                                                                                                                                                                                                                                                                                                                                                                                                                                                                                                                                                                                                                                                                                                                                                                                                                                                                                                                                                                                                                                                                                                                                                                                                                                                                                                                                                                                                                                                                                                                                                                                                                                                                                                                                                                                                                                                                                                                                                                                                                                                                                                                                                                                                                                                                                                                                                                                                                                                                                                                                                                                                                                                                                                                                                                                                                                                                                                                                                                                                                                                                                                                                                                                                                                                                                                                                                                                                                                                                                                                                                                                                                                                                                                                                                                                                                                                                                                                                                                                                                                                                                                                                                                                                                                                                                                                                                                                                                                                                                                                                                                                                                                                                                                                                                                                                                                                                                                                                                                                                                                                                                                                                                                                                                                                                                                                                                                                                                                                                                                                                                                                                                                                                                                                                                                                                                                                                                                                                                                                                                                                                                                                                                                                                                                                                                                                                                                                                                                                                                                                                                                                                                                                                                                                                                                                                                                                                                                                                                                                                                                                                                                                                                                                                                                                                                                                                                                                                                                                                                                                                                                                                                                                                                                                                                                                                                                                                                                                                                                                                                                                                                                                                                                                                                                                                                                                                                                                                                                                                                                                                                                                                                                                                                                                                                                                                                                                                                                                                                                                                                                                                                                                                                                                                                                                                                                                                                                                                                                                                                                                                                                                                                                                                                                                                                                                                                                                                                                                                                                                                                                                                                                                                                                                                                                                                                                                                                                                                                                                                                                                                                                                                                                                                                                                                                                                                                                                                                                                                                                                                                                                                                                                                                                                                                                                                                                                                                                                                                                                                                                                                                                                                                                                                                                                                                                                                                                                                                                                                                                                                                                                                                                                                                                                                                                                                                                                                                                                                                                                                                                                                                                      MULTIPOLYGON (((-87.61989081473153 41.82019171748855, -87.61987214321343 41.81958306700692, -87.61986086257141 41.819160982392596, -87.61985962211283 41.81909165407108, -87.61985267118386 41.81885192612233, -87.61984718588803 41.81866525496946, -87.61984022848202 41.81839022695128, -87.62027076938111 41.81838327662347, -87.62044348108326 41.81838036910412, -87.62061696240077 41.81837752192199, -87.62064785612601 41.81837709596628, -87.62081483676391 41.81837479698034, -87.62107907932412 41.81837188091502, -87.62145753105867 41.81836611212091, -87.62192889770392 41.81835892509711, -87.62219233416437 41.818355753881654, -87.62226424263925 41.818354679257645, -87.6224560005462 41.81835181548652, -87.62274550487692 41.81834685506954, -87.62307604841672 41.81834436615197, -87.62355977142789 41.818340720586264, -87.62384084965063 41.818334745568784, -87.62388716581295 41.8183339152065, -87.62413791401059 41.818329417777946, -87.62438094289249 41.81832727069052, -87.6246967292588 41.81832410710132, -87.62513036506637 41.8183197614599, -87.62551113248834 41.81831437443283, -87.6255748798178 41.81831347253282, -87.6263194086815 41.81830359528692, -87.62631666411052 41.81821652986692, -87.62631062968143 41.81790792660563, -87.6263045248959 41.817659230381025, -87.62629508721132 41.817303213517434, -87.62628738145686 41.81700650974988, -87.62627770501733 41.816642230663184, -87.62627050877146 41.81648982461531, -87.62696301753657 41.81648129669052, -87.62736412696417 41.81647374710473, -87.62741803580685 41.81647273239102, -87.62778714501101 41.816467041965836, -87.62804580113225 41.816464330343805, -87.62822171883089 41.816462485113185, -87.62833842914382 41.81646126122654, -87.62858934745155 41.816457790513, -87.62876722644117 41.81645532983613, -87.62916703552624 41.81644955137178, -87.6291751860966 41.81644943387163, -87.62923143179636 41.816448565883924, -87.62943991582834 41.81644534999504, -87.62944011096862 41.816468196677356, -87.62944202178231 41.816691247640414, -87.62944638445104 41.8167428185218, -87.62945079180678 41.816794925384755, -87.62944703158033 41.8172488876913, -87.6294459828577 41.817558983438914, -87.62945152710088 41.817819860521574, -87.62945762786669 41.81809355748435, -87.62945904100147 41.81814421533096, -87.62946489951692 41.818354197531455, -87.62947336339516 41.81857960877874, -87.62948195084704 41.81881715118761, -87.62948348925686 41.81900838141545, -87.62948149168041 41.81907011516591, -87.62948727124366 41.81915663098062, -87.62949153062283 41.81922039824448, -87.62950591678242 41.81937235469531, -87.62951078120632 41.81964510944415, -87.62951324739241 41.81984208145726, -87.62951734990615 41.81995370403837, -87.6295204254452 41.82003743469479, -87.62953048627678 41.820271254119604, -87.62953746607873 41.820524949681364, -87.62954487511887 41.8207462649892, -87.62955096959925 41.820926820613515, -87.62955098795074 41.82102121427036, -87.6295510285773 41.82122074457358, -87.62955103264079 41.82124268701574, -87.62955593294447 41.821465250114805, -87.62956037649053 41.82168588906101, -87.6295627160917 41.821779898073, -87.62943858927376 41.821781741296725, -87.6294598690842 41.821962498891004, -87.62946035368951 41.82197671927746, -87.62946120794838 41.82200180824552, -87.62946273333311 41.822046617176234, -87.629463962576 41.8220827476252, -87.62946497095253 41.82211233838358, -87.62946636780158 41.82215338756726, -87.6294678430075 41.82219673402195, -87.62946925932724 41.82223831363008, -87.62947093508755 41.82228752708889, -87.62947228175796 41.82232711379651, -87.62947360865554 41.82236608814518, -87.62947486263542 41.82240292821889, -87.62947635731837 41.82244680509671, -87.6294773571888 41.82247618421893, -87.62947870864113 41.82251588439851, -87.62948030800911 41.82256262232657, -87.62948175920204 41.82260508538828, -87.62948335318796 41.82265198534549, -87.6294847276869 41.82269243925737, -87.62948601571969 41.82273034735179, -87.62948683679129 41.82275451145441, -87.62948788437845 41.822785359337, -87.62948893563704 41.822816311682395, -87.62948973576196 41.82283986071778, -87.62949810772284 41.8230872253419, -87.6294985912071 41.82310143941615, -87.6294992304785 41.82312022281673, -87.62950017563105 41.823148005281006, -87.62950111425211 41.823175614838064, -87.62950200400994 41.8232017511243, -87.62950297214554 41.82323018288072, -87.62950365587207 41.82325029276762, -87.62950457097133 41.82327719270487, -87.62950567573385 41.82330963545326, -87.62950663171554 41.82333774841105, -87.62950766264133 41.823368030769046, -87.62950849111658 41.8233923992935, -87.62950911131868 41.823410616256645, -87.62950990001866 41.82343378077037, -87.62951062657363 41.82345514600567, -87.62951128949327 41.82347462822088, -87.62951208816074 41.82349809171137, -87.62951286665952 41.823520978854695, -87.62951352699484 41.823540367417564, -87.6295142737209 41.823562308999456, -87.62951492640983 41.823581516545154, -87.62947700441138 41.82367468909289, -87.6294773007128 41.82368566166236, -87.62947775188023 41.823702386610854, -87.62947934887256 41.82376154212952, -87.62948063713222 41.82380943148839, -87.62948224387902 41.82386912547446, -87.62948376385006 41.82392564249669, -87.62948578608986 41.82400081332676, -87.62948740640242 41.824061027795665, -87.62948901489534 41.82412078301353, -87.62949038870114 41.824171852926305, -87.62949220923132 41.824239504602815, -87.6294941066952 41.82431002346115, -87.62949604977187 41.82438220284164, -87.62949802762694 41.82445571315012, -87.62950010212306 41.824532819143286, -87.62950203904238 41.8246047923033, -87.62950358568303 41.824662283659116, -87.62950495747285 41.824713209498825, -87.62950628840106 41.824762700831826, -87.62950853919577 41.824846351637035, -87.6295104650571 41.82491790696339, -87.62951243947303 41.824991293896026, -87.62951424129811 41.82505823867421, -87.6295162379239 41.82513245586279, -87.62951827670983 41.82520820930388, -87.62951925379916 41.82524450835364, -87.6295207817131 41.82530129371471, -87.62952227042246 41.82535660316323, -87.6295238522519 41.825415610014126, -87.62952576972074 41.825488373549966, -87.6295274808652 41.82555162003404, -87.62952946260174 41.82562511054342, -87.62953145986646 41.82569949159194, -87.62953274572739 41.825747385421415, -87.62953385877567 41.825788856904154, -87.62953565655963 41.82585584396451, -87.62953747603677 41.825923598254136, -87.6295393320201 41.82599274560615, -87.62954140524913 41.82606997401796, -87.62954337436994 41.82614329967948, -87.62954542690238 41.826219780673, -87.62954669847926 41.82626711169261, -87.6295484363817 41.82633187451911, -87.62955027039543 41.82640017180236, -87.62955222553808 41.826473016587734, -87.62955443713685 41.82655541834385, -87.6295565875448 41.8266354941233, -87.62955883015866 41.826719021502846, -87.62956103778286 41.82680123775922, -87.62956268078102 41.82686246793052, -87.62956406656654 41.8269141006098, -87.62956608089462 41.82698912729582, -87.62956787475126 41.82705592794572, -87.62956979469277 41.82712748320782, -87.62957153209666 41.82719218479772, -87.62957305082402 41.827248826027144, -87.62957495680176 41.82732011829946, -87.62957540107028 41.827336707242296, -87.62957623567623 41.827367994965776, -87.62957862931128 41.8274574106388, -87.62958098087957 41.82754506226993, -87.62958290581676 41.82761682283591, -87.62958500669765 41.827695160624266, -87.62958681303836 41.82776247274023, -87.62958856883401 41.827827915422304, -87.62959054680894 41.8279016489731, -87.62959280031491 41.82798561667107, -87.62959500051399 41.82806763748789, -87.62959772140873 41.82816905229746, -87.62960034300912 41.82826678407191, -87.62960318343902 41.82837267344136, -87.6296050357876 41.828441722603124, -87.62960718848078 41.82852192801999, -87.62960958946198 41.82861144816015, -87.6296120118836 41.82870175893607, -87.62961488331095 41.82880877752405, -87.62961757850414 41.82890924589679, -87.62962004933001 41.829001293736354, -87.62962257375962 41.82909526234568, -87.62962493298532 41.8291829923286, -87.6296273856466 41.829274172116705, -87.62963018527297 41.82937829743512, -87.6296327878085 41.829475028784984, -87.6296353171407 41.82956910185685, -87.62963819429854 41.829676042133215, -87.62964017688716 41.82974980179821, -87.62964240618048 41.82983269160365, -87.62964465938148 41.82991647650036, -87.62964729325519 41.83001441630019, -87.62964987347523 41.8301103308867, -87.62965197866069 41.83018861644667, -87.62965398639997 41.83026326940437, -87.62965564320812 41.83032489937731, -87.62965690801636 41.8303718701818, -87.62965959157079 41.83047165148985, -87.6296619422657 41.830559068078024, -87.62966486516586 41.830667773298, -87.62966747117433 41.830764634297175, -87.62967027335509 41.83086886494447, -87.6296729070338 41.830968586515205, -87.62967290785299 41.830968621633815, -87.62959382311992 41.83097019711311, -87.62956105255432 41.83097085075677, -87.62953047826282 41.830970910113734, -87.62938395351814 41.83097119525453, -87.62924490110939 41.83097146478989, -87.62899568237906 41.83097494906171, -87.62864315685539 41.8309798770369, -87.62818774732783 41.83098797722694, -87.62780783140643 41.8309945081665, -87.62776963126835 41.83099485784354, -87.62752104919585 41.83099713726007, -87.62693935246978 41.83100429073786, -87.62664431558191 41.83101370051599, -87.62647901272318 41.83101897138762, -87.62623889807105 41.8310266274956, -87.62601597898767 41.83102432220425, -87.62592108241078 41.83102125012581, -87.62580661012692 41.831017544188406, -87.62579466196091 41.83101766776476, -87.625293196407 41.831022865355045, -87.62529318316577 41.831022865273425, -87.62497612081384 41.83102614947819, -87.62461094910127 41.83102993187667, -87.62425717517326 41.83103164515109, -87.62424076925043 41.83103198414023, -87.62325718578907 41.83104377697054, -87.62307470070812 41.83104596377007, -87.62257580873356 41.831050816973985, -87.62250557092386 41.831051500552476, -87.62196077069041 41.83105679894945, -87.6217636223048 41.83105903780552, -87.6217532763444 41.830611024557605, -87.62174753504083 41.83036235882259, -87.62173555266438 41.82973799052508, -87.6217326983399 41.82962441554931, -87.62254299315931 41.82961579154892, -87.6229878989939 41.82961105388424, -87.62322093465906 41.82961215809989, -87.6232111296836 41.82922538357695, -87.62319920240529 41.82875485992495, -87.62319480900146 41.828581531941644, -87.62319424016333 41.82855795550799, -87.62319298555148 41.828505916627954, -87.62316979980265 41.82754448311116, -87.62316643313494 41.82739469834664, -87.6234555491023 41.82739163804701, -87.62428102788044 41.82738396081109, -87.62450244298677 41.82738188447708, -87.62488669559595 41.82737752500865, -87.62508997132214 41.82737521771472, -87.62531377255941 41.82737300237051, -87.62553742593303 41.82737076767203, -87.62561444984298 41.827369998896636, -87.62570349033483 41.82736906280726, -87.62582977469683 41.82736773482136, -87.62647537715475 41.827360947787035, -87.62647058631775 41.827043597681204, -87.6264654545767 41.82681293822194, -87.62645856753055 41.826628481043194, -87.62645255991073 41.82645797026821, -87.6264434685678 41.82620000765369, -87.62644042568115 41.826062336421614, -87.62643783677981 41.82594489341307, -87.62643389695637 41.82573600267304, -87.62642845365302 41.82553969945187, -87.62642514927701 41.8254205503701, -87.62642029165613 41.825205149842695, -87.62641403995129 41.82494632680681, -87.62641179675079 41.82467655137583, -87.62641656113972 41.82443022813207, -87.62641816371523 41.82417117879377, -87.62641277681202 41.82391373316612, -87.62642224680867 41.82371376360847, -87.62643074627394 41.823534283616155, -87.62642753641123 41.82338914739933, -87.62642137643533 41.82311531422717, -87.62641501802422 41.82289957485024, -87.62641004523199 41.82264125387447, -87.62640650062177 41.822336371112286, -87.62640373135874 41.82212120300825, -87.62640028436378 41.8219532054274, -87.62600784177167 41.82195715584065, -87.6258852909402 41.82195848632695, -87.62575844572255 41.82195990097172, -87.62562734767612 41.82196112360959, -87.6256165786407 41.82196122292289, -87.62559560996148 41.8219614160513, -87.62554448175582 41.821961884317254, -87.62548777401257 41.82196240461055, -87.6254717203858 41.821962551475266, -87.6253890927917 41.82196331173885, -87.6253483459887 41.82196368543925, -87.62522157750173 41.82196490728925, -87.62511616018908 41.82196617871394, -87.6249892005931 41.82196803027397, -87.62479118720177 41.82197102173211, -87.62459444869386 41.821973992804324, -87.62452659957117 41.82197530281092, -87.62439555916515 41.82197784250963, -87.62434066642592 41.82197858952243, -87.62380595228292 41.821987868372766, -87.62317334951983 41.82199896060868, -87.62277600434574 41.82200592545252, -87.62236431454181 41.82201043491698, -87.62232292887343 41.822010888222444, -87.62199050271303 41.82201418079955, -87.62155730303067 41.8220161142144, -87.62155399693835 41.821895770160616, -87.62154978930184 41.821742605489405, -87.62153994656904 41.82138432433809, -87.6215125057619 41.82038057447126, -87.62150651700178 41.820169692622756, -87.62095302630395 41.82017595083338, -87.6206956600769 41.82018014993947, -87.62052643089287 41.82018290927464, -87.61989081473153 41.82019171748855)))
6: MULTIPOLYGON (((-87.63990255709318 41.779826939952244, -87.63990241695397 41.77982074375587, -87.63990226232359 41.77981533438327, -87.6399014277893 41.779786169512114, -87.63990085192965 41.77976604307669, -87.6399004604217 41.77975236340352, -87.6399000836872 41.77973921052781, -87.63992102599539 41.779738844438604, -87.63993654234335 41.779738572546634, -87.63995142223959 41.77973831301763, -87.63995083202755 41.77971784255959, -87.63995021810798 41.77969655803644, -87.6399496777081 41.77967782826732, -87.63994905158603 41.779656113300135, -87.63994829207422 41.77962980841243, -87.6399474906572 41.779602033890434, -87.63994667335152 41.77957372446085, -87.63994604691094 41.77955203920307, -87.63994531670575 41.77952669877325, -87.63994457292057 41.77950094409747, -87.63994387311725 41.77947668968047, -87.63994314346634 41.7794514095775, -87.63994224115947 41.77942015997116, -87.63994148069145 41.77939372092352, -87.63994044933254 41.77935792553986, -87.63993950177563 41.7793250703248, -87.63993868303962 41.77929667084957, -87.639937496517 41.7792555156086, -87.63993679120789 41.779230991050404, -87.63993609069118 41.77920669161012, -87.63993528421865 41.77917871717644, -87.63993450545055 41.779151632461804, -87.63993402047532 41.779134792873116, -87.63998980511913 41.779133820439775, -87.64004917014891 41.779132784952374, -87.6400889922601 41.77913209068925, -87.64011876379911 41.77913157166025, -87.64011822340485 41.77911373054166, -87.64015811516815 41.7791130456784, -87.64023168959145 41.77911178250739, -87.6403160171593 41.77911033385752, -87.6403828547295 41.77910937208579, -87.64043823848435 41.77910865181739, -87.64052682698554 41.779107499718776, -87.64058216021164 41.77910677997662, -87.64063882639863 41.779106042134615, -87.6406962697359 41.77910529454445, -87.64073888094968 41.77910474022035, -87.64073824112829 41.7790786845548, -87.640737453109 41.77904739782617, -87.64073698420555 41.77902882154991, -87.64067955466716 41.7790299699023, -87.64057896455702 41.77903197981705, -87.64048309546499 41.779033895667354, -87.64038701582385 41.77903581556979, -87.64030276429519 41.7790373610688, -87.64026363228945 41.77903798033808, -87.64020416130998 41.77903892166019, -87.64015687493647 41.779039670865735, -87.64012026093678 41.7790402503574, -87.64011978737646 41.77902290483776, -87.6400679685759 41.77902388415962, -87.64001126614326 41.77902497804244, -87.63996132992169 41.77902594706899, -87.63993085998503 41.77902653927262, -87.6399298658549 41.77899197849975, -87.63992878644116 41.77895450365906, -87.63992819314569 41.7789338738165, -87.63992765807134 41.778915320546815, -87.6398976700541 41.77891584542268, -87.63987632017535 41.77891621805147, -87.63987564635826 41.77889301540462, -87.63987488278794 41.778866755506364, -87.63987404625516 41.77883800118069, -87.63987329577105 41.77881220144323, -87.63987250114305 41.778784916751675, -87.63987101726845 41.77873385219095, -87.63986983290926 41.7786929472575, -87.63986869589634 41.77865345346787, -87.63986769195726 41.77861857840873, -87.63986641216412 41.77857413899983, -87.63986525179712 41.778533798733456, -87.63986425590211 41.7784992937686, -87.63986319770589 41.7784629796116, -87.63986243659744 41.778436826868585, -87.63986104039256 41.778388902376506, -87.6398597372591 41.77834417381049, -87.63985846412854 41.77830045652542, -87.6398572918675 41.7782597695481, -87.63985596604034 41.778213686708085, -87.63985465658793 41.77816820540461, -87.63985370107204 41.7781349773866, -87.63985254115369 41.77809470824794, -87.6398516557979 41.77806401155486, -87.63985076658226 41.77803322660336, -87.63985026983852 41.778016030398966, -87.6398501184933 41.77801076330078, -87.63985002296049 41.778007461117156, -87.63984997757535 41.778005868112736, -87.63984995120174 41.77800496669675, -87.63984994291818 41.778004730753366, -87.63984993977544 41.7780045758731, -87.63984896038257 41.77797066163841, -87.63984744659352 41.777918245454735, -87.63984605764175 41.777870207557086, -87.63984459499319 41.77781963200973, -87.63984289364666 41.777760844670624, -87.63984139543318 41.777708993102515, -87.63983979641286 41.777653324314365, -87.63983856767902 41.777610512150176, -87.63983704475616 41.777557493569525, -87.63983588561031 41.77751715420357, -87.63983464718085 41.77747434918268, -87.63983288512868 41.777413494255, -87.63983142447474 41.777363069975465, -87.63982944451637 41.777294641732894, -87.63982785323269 41.77723970767826, -87.63982622102867 41.77718332470241, -87.63982474061503 41.777132167411324, -87.6398231100059 41.77707586007397, -87.63982173885148 41.777028517351816, -87.63982023906367 41.77697670268207, -87.63981825792077 41.77690827442764, -87.63981662931843 41.776852004915135, -87.63981489005704 41.77679193973103, -87.63981361197818 41.7767477929339, -87.63981246094403 41.77670804244434, -87.63981173158449 41.7766828532664, -87.63980496567477 41.77617365893682, -87.63973967137552 41.77617433797914, -87.63964290460956 41.77617534285774, -87.63962041326374 41.776175577096154, -87.63952238581595 41.776176594969, -87.63951230759646 41.77617669976985, -87.63919189834975 41.776182311071075, -87.63894572847725 41.77618469226413, -87.6388317681988 41.77618619937726, -87.63864315366364 41.7761886928482, -87.6383674569074 41.776192337525295, -87.6380784944418 41.7761953097262, -87.63803610898127 41.776195741084074, -87.63788574314728 41.77619727091821, -87.63735865345082 41.77620165550343, -87.63742344170612 41.77626848528985, -87.63743253672101 41.776315604723756, -87.6374373105825 41.77638281464958, -87.63744104402015 41.776519008095875, -87.63744698311054 41.77673600839472, -87.6374509967838 41.776880217603406, -87.63745687592579 41.77709609207962, -87.63745998977912 41.777208270148925, -87.637464549768 41.77737649516124, -87.6374675553537 41.77748845378258, -87.6374720742482 41.77765714492224, -87.63747683846026 41.77783363192796, -87.63748188490362 41.77804009169984, -87.6372835737889 41.778042124438265, -87.63712288861011 41.778044828734025, -87.63700532703912 41.77804680560042, -87.63687289325426 41.77804903342265, -87.63674871603904 41.77805112298075, -87.63660443804932 41.778053557787366, -87.63653460291133 41.778054735975175, -87.6364523357536 41.77805586571969, -87.6362704455114 41.77805836186084, -87.63605823079757 41.778061273304075, -87.6359452373655 41.778062823031604, -87.63572045688761 41.77806637065336, -87.63566736168889 41.778067210589285, -87.63553865269148 41.77806924610852, -87.63522894822329 41.77807411544329, -87.63499885835878 41.77807899162875, -87.6349933455003 41.77787213096892, -87.63498665468158 41.777623732403434, -87.63498147946792 41.77743165493025, -87.63497602792405 41.77723112412508, -87.63496803269825 41.77693422530347, -87.63496327181332 41.776757957884406, -87.63495875209301 41.77658995179661, -87.63495712897979 41.7765202642388, -87.63495237444312 41.77631614251461, -87.63495073625059 41.77622933098012, -87.63494916157181 41.77614586735624, -87.634947599392 41.77609728362168, -87.63494581935933 41.77604172890189, -87.63494223775143 41.77592584293783, -87.63493799449782 41.77576950172599, -87.6349343027632 41.77563328053158, -87.63493102619371 41.77551289553037, -87.63492717156731 41.7753215129857, -87.6349242353475 41.77517574538919, -87.63491998448663 41.77502354845255, -87.6349161860419 41.77488707989372, -87.6349119029955 41.774734415468444, -87.63490704886073 41.77456676472919, -87.63490297091575 41.774417038506165, -87.63489724417545 41.77420676405948, -87.63489359492412 41.77407007580045, -87.63488932789946 41.773909179487006, -87.63488677807928 41.77381305898535, -87.63488398506419 41.77370886800447, -87.63487955150758 41.77354525429128, -87.63487594811562 41.773412326185884, -87.63487338238386 41.7733244375433, -87.63487057910648 41.77322806879295, -87.63486684150276 41.77309942106193, -87.63486283053626 41.772958943675086, -87.6348600943833 41.772863041711524, -87.63485826661108 41.772798484899184, -87.63485392854385 41.77263328441051, -87.63484711141294 41.77237365469176, -87.6348426037549 41.772221429107454, -87.6348381677081 41.772069477662995, -87.63483742660058 41.7720430035553, -87.63482984536223 41.77177211019614, -87.63482193383078 41.77145728008024, -87.63519053499681 41.771450833037036, -87.63581649211703 41.771440035849565, -87.63617174645 41.771433821549344, -87.6368693548489 41.77142114758459, -87.63730677578349 41.77141317786, -87.63730197260807 41.77124302983407, -87.63730023242968 41.77118138262428, -87.637296981189 41.77105814451256, -87.63728952613208 41.770773626008314, -87.63797283890341 41.77076152408246, -87.63820639308118 41.770757386741124, -87.63867824041705 41.77075119120244, -87.63882164570872 41.77074930760885, -87.63937028537602 41.77074033123685, -87.63947955330141 41.77073854313384, -87.63949532591862 41.770738284550056, -87.63949934240144 41.77073822327278, -87.63952214337603 41.770737874778646, -87.63964609259779 41.77073598250116, -87.63966148971409 41.77073574773764, -87.63971826685861 41.77073474450138, -87.63973268758939 41.770734490328124, -87.63970852666536 41.76891616758354, -87.63984174092218 41.76891476049596, -87.64020376448961 41.76890838998864, -87.64022252124178 41.768908060172315, -87.64024002577794 41.768907752510366, -87.64046070784397 41.7689038678515, -87.64084541649186 41.76889801208108, -87.64090855245422 41.76889705108307, -87.64095918343524 41.768896280295124, -87.64118404176587 41.76889266791354, -87.64145404952542 41.76888815023227, -87.6416777955494 41.76888440593616, -87.6419052584548 41.76888059984027, -87.64205642366115 41.76887817997225, -87.64229521343105 41.76887435662327, -87.64243493978378 41.76887207273469, -87.64266889117225 41.768868250124534, -87.64278012973558 41.768866432007734, -87.64293375137113 41.76886395192051, -87.64315857285787 41.768860278729605, -87.64325455640635 41.768858942938174, -87.6432687815324 41.76885872045862, -87.6433703397146 41.76885713444106, -87.64370354530037 41.76885112274825, -87.64387066172037 41.768848106566516, -87.64413035685986 41.76884341986574, -87.64430337598384 41.76884028630361, -87.6445070924721 41.7688375544217, -87.64451352593069 41.76909103023985, -87.64451954557254 41.7693508141738, -87.64452511988418 41.76959039679878, -87.64452839333964 41.76972993676982, -87.6445344742553 41.76994959929977, -87.64453695627564 41.7700396814679, -87.6445495369253 41.770491358311865, -87.64455195010201 41.77065409712044, -87.64455547716817 41.77089214401163, -87.64455982740814 41.77108180070803, -87.64456453190446 41.77128679981388, -87.64456577803901 41.77134108984108, -87.64457558417739 41.77174027891504, -87.64457828460259 41.77183052802983, -87.64458798563055 41.772136794152296, -87.64459287140264 41.77229011919469, -87.64459717958708 41.77247247819577, -87.64460334370885 41.77273330365433, -87.64460788200738 41.772898428480914, -87.64461241892452 41.77306390893553, -87.644621567992 41.77339143992012, -87.6446266000468 41.773571578442564, -87.64463035548964 41.77374827894556, -87.64463338905607 41.7738519210371, -87.64464427073085 41.77429532661547, -87.64465026602308 41.774539578106015, -87.64465308262342 41.774680596304094, -87.64465644496987 41.77484604265488, -87.64465853858424 41.77494952062899, -87.64465860382303 41.774952754201976, -87.64462142220445 41.77514534545804, -87.6446024964128 41.77531397779833, -87.64459302080402 41.77535332961462, -87.64457357340689 41.7754097176244, -87.64454972650412 41.77545932927783, -87.64452308176948 41.775503105144466, -87.64449320837673 41.77554365187354, -87.6444598384485 41.77558217343422, -87.64436439404379 41.77566582317393, -87.6443614702949 41.775668385162476, -87.6442246035985 41.77575497002683, -87.64418892584402 41.775772648808825, -87.64416303061495 41.77578412968364, -87.64409484562451 41.77581442910692, -87.6440273267347 41.775844184168726, -87.64398422933166 41.77586316260156, -87.643953987567 41.77587651079856, -87.64386897207937 41.775913954263814, -87.64380546991768 41.77594183894939, -87.64373880298456 41.775970748116734, -87.64370252255003 41.77598650176761, -87.64366274312518 41.7760037172897, -87.64361128860425 41.7760260487611, -87.64354112223965 41.776056445801785, -87.64350137972394 41.77607368849997, -87.64345574505788 41.77609347532459, -87.64342204166057 41.776108146826374, -87.64337647853056 41.77612798807029, -87.6433492387977 41.77613986944787, -87.64334612824611 41.77614122561103, -87.64328538915274 41.77616770043687, -87.64324575656273 41.776184998628125, -87.64318267491859 41.77621455925644, -87.64317566973344 41.77621826625929, -87.64315472796429 41.77622934809284, -87.64309804213822 41.77626064877174, -87.64306619548427 41.776280051894275, -87.64298495587538 41.77633453232934, -87.64294477831258 41.776364944438335, -87.64290904550668 41.7763945324078, -87.64285739942845 41.77644139710839, -87.64282667355131 41.77647246922015, -87.64280303490752 41.776499139761846, -87.64276587576643 41.776545514366475, -87.64274823461523 41.77657002407672, -87.64272775066783 41.776603216841934, -87.64271298331577 41.776629939791654, -87.64270699774812 41.77664107363466, -87.64269399438021 41.776667284979034, -87.64267858342009 41.77670275912312, -87.64266511602652 41.77673802436198, -87.64265337832298 41.776772723769575, -87.64264168724824 41.77681686459594, -87.64263485986862 41.77684838285039, -87.64262899466007 41.77688248641075, -87.64262416354335 41.77692603642707, -87.64262270975806 41.776942027023956, -87.64262039487768 41.776983452020104, -87.64261911601058 41.77700701746833, -87.64261820123205 41.777041041847156, -87.64261803674803 41.77705289585377, -87.64261750041122 41.77708236580284, -87.6426166007948 41.777135490437324, -87.64261629992718 41.777153216649864, -87.64261540031765 41.777206340383366, -87.64261460099738 41.77725359259373, -87.6426133010919 41.777330233033965, -87.64261210178319 41.77740097314114, -87.64261100337646 41.7774658966504, -87.64260859497669 41.77758429886308, -87.64260722820745 41.77764329280945, -87.6426037503679 41.77779667734246, -87.64260279391534 41.7778379457343, -87.6425997657932 41.777963094185615, -87.64259558833687 41.77813571332003, -87.64259436247684 41.77818639331612, -87.64259105020935 41.77831044251677, -87.64258884381101 41.77839308737139, -87.64258845768998 41.77840754747473, -87.64258413153442 41.77856913273435, -87.64258206764254 41.77875809252052, -87.6425852806323 41.77886870620958, -87.64258763537497 41.778949786650436, -87.64258948127848 41.77898278500377, -87.64259213872216 41.77902220867713, -87.64259214191505 41.779022247411625, -87.64259711997444 41.7790769991977, -87.64259745018626 41.7790806395229, -87.64260144600233 41.77912525819493, -87.64260498649357 41.77916422079177, -87.64260930703037 41.77921265622482, -87.64261396022155 41.779264056729836, -87.6426166694235 41.779332735087586, -87.64261794271236 41.77936787014241, -87.64262001542495 41.77945147347896, -87.6426210820908 41.77949566307374, -87.64262289393733 41.7795692762881, -87.64262396088138 41.77961332812914, -87.64262486326194 41.77965567730719, -87.64261898795893 41.779782833502814, -87.64261149303803 41.77994501011496, -87.64261201762554 41.77996438893364, -87.64261375004459 41.78002847769727, -87.6426147933718 41.78006789255876, -87.6426159680248 41.78011221965231, -87.64262106064653 41.78028957901116, -87.64243521785447 41.780088107968645, -87.64238169076911 41.78004006267092, -87.64236260737285 41.78002469045906, -87.64230951785747 41.77998721253825, -87.6422882465067 41.77997407714338, -87.64224947668521 41.77995177980055, -87.64221227974696 41.779933114039686, -87.64190689608436 41.77979430350352, -87.6417059456111 41.77979743542095, -87.64150946630966 41.77980078028588, -87.641397951635 41.77980268821311, -87.64118203616118 41.779806381837716, -87.64106370403657 41.77980824836626, -87.64087085835345 41.77981105221216, -87.64063393857231 41.77981449485144, -87.64045689974007 41.77981696834215, -87.6402338788849 41.77982009602439, -87.64002033845661 41.77982450677286, -87.63995345110844 41.77982588849824, -87.63990255709318 41.779826939952244))) || MULTIPOLYGON (((-87.63499885835878 41.77807899162875, -87.63522894822329 41.77807411544329, -87.63553865269148 41.77806924610852, -87.63566736168889 41.778067210589285, -87.63572045688761 41.77806637065336, -87.6359452373655 41.778062823031604, -87.63605823079757 41.778061273304075, -87.6362704455114 41.77805836186084, -87.6364523357536 41.77805586571969, -87.63653460291133 41.778054735975175, -87.63660443804932 41.778053557787366, -87.63674871603904 41.77805112298075, -87.63687289325426 41.77804903342265, -87.63700532703912 41.77804680560042, -87.63712288861011 41.778044828734025, -87.6372835737889 41.778042124438265, -87.63748188490362 41.77804009169984, -87.63747683846026 41.77783363192796, -87.6374720742482 41.77765714492224, -87.6374675553537 41.77748845378258, -87.637464549768 41.77737649516124, -87.63745998977912 41.777208270148925, -87.63745687592579 41.77709609207962, -87.6374509967838 41.776880217603406, -87.63744698311054 41.77673600839472, -87.63744104402015 41.776519008095875, -87.6374373105825 41.77638281464958, -87.63743253672101 41.776315604723756, -87.63742344170612 41.77626848528985, -87.63735865345082 41.77620165550343, -87.63788574314728 41.77619727091821, -87.63803610898127 41.776195741084074, -87.6380784944418 41.7761953097262, -87.6383674569074 41.776192337525295, -87.63864315366364 41.7761886928482, -87.6388317681988 41.77618619937726, -87.63894572847725 41.77618469226413, -87.63919189834975 41.776182311071075, -87.63951230759646 41.77617669976985, -87.63952238581595 41.776176594969, -87.63962041326374 41.776175577096154, -87.63964290460956 41.77617534285774, -87.63973967137552 41.77617433797914, -87.63980496567477 41.77617365893682, -87.63981173158449 41.7766828532664, -87.63981246094403 41.77670804244434, -87.63981361197818 41.7767477929339, -87.63981489005704 41.77679193973103, -87.63981662931843 41.776852004915135, -87.63981825792077 41.77690827442764, -87.63982023906367 41.77697670268207, -87.63982173885148 41.777028517351816, -87.6398231100059 41.77707586007397, -87.63982474061503 41.777132167411324, -87.63982622102867 41.77718332470241, -87.63982785323269 41.77723970767826, -87.63982944451637 41.777294641732894, -87.63983142447474 41.777363069975465, -87.63983288512868 41.777413494255, -87.63983464718085 41.77747434918268, -87.63983588561031 41.77751715420357, -87.63983704475616 41.777557493569525, -87.63983856767902 41.777610512150176, -87.63983979641286 41.777653324314365, -87.63984139543318 41.777708993102515, -87.63984289364666 41.777760844670624, -87.63984459499319 41.77781963200973, -87.63984605764175 41.777870207557086, -87.63984744659352 41.777918245454735, -87.63984896038257 41.77797066163841, -87.63984993977544 41.7780045758731, -87.63984994291818 41.778004730753366, -87.63984995120174 41.77800496669675, -87.63984997757535 41.778005868112736, -87.63985002296049 41.778007461117156, -87.6398501184933 41.77801076330078, -87.63985026983852 41.778016030398966, -87.63985076658226 41.77803322660336, -87.6398516557979 41.77806401155486, -87.63985254115369 41.77809470824794, -87.63985370107204 41.7781349773866, -87.63985465658793 41.77816820540461, -87.63985596604034 41.778213686708085, -87.6398572918675 41.7782597695481, -87.63985846412854 41.77830045652542, -87.6398597372591 41.77834417381049, -87.63986104039256 41.778388902376506, -87.63986243659744 41.778436826868585, -87.63986319770589 41.7784629796116, -87.63986425590211 41.7784992937686, -87.63986525179712 41.778533798733456, -87.63986641216412 41.77857413899983, -87.63986769195726 41.77861857840873, -87.63986869589634 41.77865345346787, -87.63986983290926 41.7786929472575, -87.63987101726845 41.77873385219095, -87.63987250114305 41.778784916751675, -87.63987329577105 41.77881220144323, -87.63987404625516 41.77883800118069, -87.63987488278794 41.778866755506364, -87.63987564635826 41.77889301540462, -87.63987632017535 41.77891621805147, -87.6398976700541 41.77891584542268, -87.63992765807134 41.778915320546815, -87.63992819314569 41.7789338738165, -87.63992878644116 41.77895450365906, -87.6399298658549 41.77899197849975, -87.63993085998503 41.77902653927262, -87.63996132992169 41.77902594706899, -87.64001126614326 41.77902497804244, -87.6400679685759 41.77902388415962, -87.64011978737646 41.77902290483776, -87.64012026093678 41.7790402503574, -87.64015687493647 41.779039670865735, -87.64020416130998 41.77903892166019, -87.64026363228945 41.77903798033808, -87.64030276429519 41.7790373610688, -87.64038701582385 41.77903581556979, -87.64048309546499 41.779033895667354, -87.64057896455702 41.77903197981705, -87.64067955466716 41.7790299699023, -87.64073698420555 41.77902882154991, -87.640737453109 41.77904739782617, -87.64073824112829 41.7790786845548, -87.64073888094968 41.77910474022035, -87.6406962697359 41.77910529454445, -87.64063882639863 41.779106042134615, -87.64058216021164 41.77910677997662, -87.64052682698554 41.779107499718776, -87.64043823848435 41.77910865181739, -87.6403828547295 41.77910937208579, -87.6403160171593 41.77911033385752, -87.64023168959145 41.77911178250739, -87.64015811516815 41.7791130456784, -87.64011822340485 41.77911373054166, -87.64011876379911 41.77913157166025, -87.6400889922601 41.77913209068925, -87.64004917014891 41.779132784952374, -87.63998980511913 41.779133820439775, -87.63993402047532 41.779134792873116, -87.63993450545055 41.779151632461804, -87.63993528421865 41.77917871717644, -87.63993609069118 41.77920669161012, -87.63993679120789 41.779230991050404, -87.639937496517 41.7792555156086, -87.63993868303962 41.77929667084957, -87.63993950177563 41.7793250703248, -87.63994044933254 41.77935792553986, -87.63994148069145 41.77939372092352, -87.63994224115947 41.77942015997116, -87.63994314346634 41.7794514095775, -87.63994387311725 41.77947668968047, -87.63994457292057 41.77950094409747, -87.63994531670575 41.77952669877325, -87.63994604691094 41.77955203920307, -87.63994667335152 41.77957372446085, -87.6399474906572 41.779602033890434, -87.63994829207422 41.77962980841243, -87.63994905158603 41.779656113300135, -87.6399496777081 41.77967782826732, -87.63995021810798 41.77969655803644, -87.63995083202755 41.77971784255959, -87.63995142223959 41.77973831301763, -87.63993654234335 41.779738572546634, -87.63992102599539 41.779738844438604, -87.6399000836872 41.77973921052781, -87.6399004604217 41.77975236340352, -87.63990085192965 41.77976604307669, -87.6399014277893 41.779786169512114, -87.63990226232359 41.77981533438327, -87.63990241695397 41.77982074375587, -87.63990255709318 41.779826939952244, -87.63973385341801 41.779830258553744, -87.63965674243842 41.779831678320896, -87.63960689449723 41.77983265672883, -87.63951452926229 41.77983446957796, -87.63936459090458 41.779836621559774, -87.63929649419708 41.7798375985402, -87.63918534627426 41.77983950653488, -87.63904104798016 41.77984200999837, -87.63871728487923 41.77984762128334, -87.63867361003817 41.77984837820822, -87.6384967488783 41.77985131523607, -87.63830661492574 41.77985450122413, -87.63804442303403 41.77985889756621, -87.63786763520012 41.779861834069116, -87.63768424704567 41.77986489509848, -87.63750339702347 41.77986828183101, -87.6374920239539 41.779989996005924, -87.63748690895022 41.780073144417216, -87.63748479587296 41.78015666755083, -87.63748579256861 41.780284886984866, -87.63748719389609 41.78032672421166, -87.63748809338603 41.7803535629695, -87.63749026121002 41.78041751758135, -87.6374916339546 41.78045676971203, -87.63749293361577 41.7804958836453, -87.63749360195197 41.780515509150966, -87.6374984442744 41.78065763805943, -87.63750144643168 41.78080152501799, -87.63750409548481 41.78092856147425, -87.63750631305543 41.781021852676766, -87.63750874489882 41.78112247317203, -87.63751086764273 41.78121096219926, -87.63751227902372 41.78127112082121, -87.6375131776848 41.781309386885894, -87.63751672085637 41.78145642024698, -87.63751903239468 41.781554596440245, -87.63752567929919 41.781733654440686, -87.63704659878161 41.78174196842483, -87.63676753191109 41.781746479247296, -87.63640947427244 41.781752265921284, -87.6362101312078 41.78175544748421, -87.63587829418974 41.78176081538246, -87.63568452345694 41.78176394973125, -87.63566490419288 41.78176426725956, -87.63509667812117 41.78177346687051, -87.63509363848836 41.78167909921923, -87.63509219898 41.78162928099002, -87.63508992758679 41.781548036188916, -87.63508924220648 41.781524504827, -87.63508877698476 41.781508621524594, -87.63508750074499 41.78146415600087, -87.63508583020294 41.781405253576494, -87.63508454650261 41.781361365134686, -87.63508288352776 41.781302763474045, -87.63508231872521 41.781282864879266, -87.63508048315227 41.781218884343566, -87.63507868039459 41.78115520562578, -87.63507641534075 41.78107670514092, -87.63507418459938 41.78099847947205, -87.63506885101228 41.78084125392644, -87.6350646840072 41.78071842185886, -87.63506315735312 41.780649585774334, -87.63506144260597 41.78057103370553, -87.63505902011812 41.780463141036996, -87.63505766059765 41.780399190396196, -87.63505699369477 41.78036930082818, -87.63505527390969 41.78029132495269, -87.63505330397348 41.780202590102675, -87.63505181610763 41.78013361739357, -87.63504929870705 41.7800209486517, -87.63504833993709 41.779908972751585, -87.63504709937125 41.779764097027616, -87.63504600589722 41.779729731894726, -87.63504431790724 41.77967576959986, -87.6350423353629 41.77961181516334, -87.6350372410053 41.779449404982124, -87.63503230843695 41.779292373606594, -87.63503023576516 41.77922564101925, -87.6350285086496 41.77916996510401, -87.635027282136 41.77913045722494, -87.63502115436212 41.77890453772814, -87.63501519165938 41.77868369543392, -87.6350109209601 41.77852631151906, -87.63500508933511 41.77831035533982, -87.63500199015708 41.77819732738471, -87.63499914657835 41.77808978865261, -87.63499885835878 41.77807899162875)))
                shape_leng_sy1213              shape_area_sy1213
                           <char>                         <char>
1:                  10369.6315936                  5222787.13897
2:                  14715.6599831                  8925060.48288
3:                           <NA>                           <NA>
4:                  17800.3414852                  9842224.41428
5:                  18476.5769154                  7957840.88634
6: 15027.2524668 || 7164.78432779 7412515.07008 || 1775550.37711
   welcoming_school_id1        welcoming_school_name1_sy1314
                  <int>                               <char>
1:                   NA                                 <NA>
2:               610223 Daniel S Wentworth Elementary School
3:               610305      George Leland Elementary School
4:                   NA                                 <NA>
5:                   NA                                 <NA>
6:               610290   Benjamin E Mays Elementary Academy
   welcoming_school_street_address1_sy1314
                                    <char>
1:                                    <NA>
2:                          1340 W 71st St
3:                      512 S Lavergne Ave
4:                                    <NA>
5:                                    <NA>
6:                      6656 S Normal Blvd
   welcoming_school_x_coordinate1_sy1314 welcoming_school_y_coordinate1_sy1314
                                   <num>                                 <num>
1:                                    NA                                    NA
2:                               1168430                               1857717
3:                               1143309                               1897065
4:                                    NA                                    NA
5:                                    NA                                    NA
6:                               1174114                               1860551
   welcoming_school_latitude1_sy1314 welcoming_school_longitude1_sy1314
                               <num>                              <num>
1:                                NA                                 NA
2:                          41.76510                          -87.65821
3:                          41.87358                          -87.74931
4:                                NA                                 NA
5:                                NA                                 NA
6:                          41.77275                          -87.63729
   welcoming_school_id2 welcoming_school_name2_sy1314
                  <int>                        <char>
1:                   NA                          <NA>
2:                   NA                          <NA>
3:                   NA                          <NA>
4:                   NA                          <NA>
5:                   NA                          <NA>
6:                   NA                          <NA>
   welcoming_school_street_address2_sy1314
                                    <char>
1:                                    <NA>
2:                                    <NA>
3:                                    <NA>
4:                                    <NA>
5:                                    <NA>
6:                                    <NA>
   welcoming_school_x_coordinate2_sy1314 welcoming_school_y_coordinate2_sy1314
                                   <num>                                 <num>
1:                                    NA                                    NA
2:                                    NA                                    NA
3:                                    NA                                    NA
4:                                    NA                                    NA
5:                                    NA                                    NA
6:                                    NA                                    NA
   welcoming_school_latitude2_sy1314 welcoming_school_longitude2_sy1314
                               <num>                              <num>
1:                                NA                                 NA
2:                                NA                                 NA
3:                                NA                                 NA
4:                                NA                                 NA
5:                                NA                                 NA
6:                                NA                                 NA
   welcoming_school_id3 welcoming_school_name3_sy1314
                  <int>                        <char>
1:                   NA                          <NA>
2:                   NA                          <NA>
3:                   NA                          <NA>
4:                   NA                          <NA>
5:                   NA                          <NA>
6:                   NA                          <NA>
   welcoming_school_street_address3_sy1314
                                    <char>
1:                                    <NA>
2:                                    <NA>
3:                                    <NA>
4:                                    <NA>
5:                                    <NA>
6:                                    <NA>
   welcoming_school_x_coordinate3_sy1314 welcoming_school_y_coordinate3_sy1314
                                   <num>                                 <num>
1:                                    NA                                    NA
2:                                    NA                                    NA
3:                                    NA                                    NA
4:                                    NA                                    NA
5:                                    NA                                    NA
6:                                    NA                                    NA
   welcoming_school_latitude3_sy1314 welcoming_school_longitude3_sy1314
                               <num>                              <num>
1:                                NA                                 NA
2:                                NA                                 NA
3:                                NA                                 NA
4:                                NA                                 NA
5:                                NA                                 NA
6:                                NA                                 NA
   report_card_match_sy1213 phone_number_sy1213
                     <lgcl>              <char>
1:                     TRUE      (773) 535-5614
2:                     TRUE      (773) 535-3250
3:                     TRUE      (773) 534-6365
4:                     TRUE      (773) 535-3550
5:                     TRUE      (773) 535-1270
6:                     TRUE      (773) 535-3020
                        website_sy1213                managed_by_network_sy1213
                                <char>                                   <char>
1:                                <NA>          Lake Calumet Elementary Network
2:                                <NA>     Englewood-Gresham Elementary Network
3: http://www.larmstrong.cps.k12.il.us Austin-North Lawndale Elementary Network
4:                                <NA>                Skyway Elementary Network
5:    http://www.attucks.cps.k12.il.us          Burnham Park Elementary Network
6:                                <NA>     Englewood-Gresham Elementary Network
                  geographic_network_sy1213 school_track_sy1213
                                     <char>              <char>
1:          Lake Calumet Elementary Network             Track E
2:     Englewood-Gresham Elementary Network             Track E
3: Austin-North Lawndale Elementary Network             Track E
4:                Skyway Elementary Network             Track E
5:          Burnham Park Elementary Network            Standard
6:     Englewood-Gresham Elementary Network             Track E
   overall_rating_sy1213 on_probation_sy1213 years_on_probation_sy1213
                  <char>              <char>                     <int>
1:               Level 3                 Yes                         6
2:               Level 3                 Yes                         3
3:               Level 2                 Yes                         6
4:               Level 3                 Yes                         6
5:               Level 3                 Yes                         8
6:               Level 3                 Yes                         6
   nwea_or_scantron_sy1213 growth_overall_level_sy1213
                    <char>                      <char>
1:                Scantron               Below Average
2:                Scantron                     Average
3:                Scantron                     Average
4:                Scantron               Below Average
5:                Scantron               Below Average
6:                Scantron               Below Average
   growth_overall_reading_and_math_sy1213 reading_growth_grade_3_sy1213
                                   <char>                        <char>
1:                                  38.5%                         33.3%
2:                                  48.5%                           34%
3:                                  53.2%                          <NA>
4:                                  41.6%                           32%
5:                                  41.4%                           32%
6:                                    43%                         16.7%
   reading_growth_grade_4_sy1213 reading_growth_grade_5_sy1213
                          <char>                        <char>
1:                           25%                         42.9%
2:                         47.2%                         40.4%
3:                         58.1%                         51.6%
4:                         35.9%                           35%
5:                         43.5%                         26.9%
6:                         22.2%                         43.5%
   reading_growth_grade_6_sy1213 reading_growth_grade_7_sy1213
                          <char>                        <char>
1:                           56%                         61.4%
2:                         39.1%                         49.1%
3:                         47.8%                          <NA>
4:                         37.5%                         44.4%
5:                           60%                         45.5%
6:                           50%                         60.9%
   reading_growth_grade_8_sy1213 reading_growth_all_grades_sy1213
                          <char>                           <char>
1:                         52.2%                            46.3%
2:                         52.2%                            43.8%
3:                          <NA>                            52.7%
4:                         41.7%                            38.3%
5:                           52%                            41.9%
6:                           44%                            39.3%
   math_growth_grade_3_sy1213 math_growth_grade_4_sy1213
                       <char>                     <char>
1:                      23.1%                      17.9%
2:                      59.3%                      64.8%
3:                       <NA>                      35.5%
4:                      11.5%                      41.3%
5:                      42.9%                      32.1%
6:                      43.5%                      40.7%
   math_growth_grade_5_sy1213 math_growth_grade_6_sy1213
                       <char>                     <char>
1:                      17.9%                        56%
2:                        35%                      49.1%
3:                      45.2%                      82.6%
4:                      33.3%                      53.8%
5:                        35%                      61.5%
6:                      39.1%                      62.1%
   math_growth_grade_7_sy1213 math_growth_grade_8_sy1213
                       <char>                     <char>
1:                      34.9%                      34.8%
2:                      49.1%                      57.8%
3:                       <NA>                       <NA>
4:                      60.5%                      58.1%
5:                      36.8%                      45.8%
6:                      39.1%                        52%
   math_growth_all_grades_sy1213 student_performance_level_sy1213
                          <char>                           <char>
1:                         30.6%                Far Below Average
2:                         53.1%                Far Below Average
3:                         53.8%                Far Below Average
4:                         44.9%                Far Below Average
5:                         40.9%                Far Below Average
6:                         46.7%                Far Below Average
   student_performance_reading_and_math_sy1213
                                        <char>
1:                                       19.8%
2:                                       27.3%
3:                                       26.8%
4:                                       25.4%
5:                                       15.9%
6:                                       26.4%
   reading_performance_grade_3_sy1213 reading_performance_grade_4_sy1213
                               <char>                             <char>
1:                              17.2%                               9.4%
2:                               9.8%                              29.6%
3:                              23.1%                              23.5%
4:                              10.5%                                20%
5:                              22.6%                              19.2%
6:                              13.3%                              10.3%
   reading_performance_grade_5_sy1213 reading_performance_grade_6_sy1213
                               <char>                             <char>
1:                                31%                              25.9%
2:                              20.4%                              18.4%
3:                              18.2%                              34.8%
4:                              11.1%                              10.3%
5:                               6.9%                                 5%
6:                                12%                                20%
   reading_performance_grade_7_sy1213 reading_performance_grade_8_sy1213
                               <char>                             <char>
1:                              25.5%                                25%
2:                              36.2%                              33.3%
3:                               <NA>                               <NA>
4:                                39%                              18.4%
5:                                24%                              42.3%
6:                              41.7%                              44.4%
   reading_performance_all_grades_sy1213 math_performance_grade_3_sy1213
                                  <char>                          <char>
1:                                 22.3%                            7.1%
2:                                 24.8%                           25.5%
3:                                 24.3%                           58.3%
4:                                 18.9%                            5.6%
5:                                 20.4%                            6.7%
6:                                   23%                           20.7%
   math_performance_grade_4_sy1213 math_performance_grade_5_sy1213
                            <char>                          <char>
1:                            9.4%                           20.7%
2:                             40%                           22.2%
3:                           17.6%                           24.2%
4:                           26.5%                           11.5%
5:                           21.4%                           12.5%
6:                           27.6%                             28%
   math_performance_grade_6_sy1213 math_performance_grade_7_sy1213
                            <char>                          <char>
1:                           29.6%                           17.4%
2:                             15%                           32.2%
3:                           39.1%                            <NA>
4:                           36.1%                           44.2%
5:                            5.9%                            9.5%
6:                           13.3%                           45.8%
   math_performance_grade_8_sy1213 math_performance_all_grades_sy1213
                            <char>                             <char>
1:                           20.8%                              17.2%
2:                           45.7%                              29.7%
3:                            <NA>                              29.4%
4:                           60.5%                                32%
5:                            8.3%                              11.1%
6:                           48.1%                              29.9%
   reading_growth_african_american_sy1213 reading_growth_hispanic_sy1213
                                   <char>                         <char>
1:                                  46.3%                           <NA>
2:                                  43.7%                           <NA>
3:                                  51.6%                           <NA>
4:                                  38.5%                           <NA>
5:                                  41.9%                           <NA>
6:                                  39.3%                           <NA>
   reading_growth_white_sy1213 reading_growth_students_with_disabilities_sy1213
                        <char>                                           <char>
1:                        <NA>                                             <NA>
2:                        <NA>                                              39%
3:                        <NA>                                             <NA>
4:                        <NA>                                             <NA>
5:                        <NA>                                             <NA>
6:                        <NA>                                             <NA>
   reading_growth_english_language_learners_sy1213
                                            <char>
1:                                            <NA>
2:                                            <NA>
3:                                            <NA>
4:                                            <NA>
5:                                            <NA>
6:                                            <NA>
   reading_growth_free_and_reduced_lunch_sy1213
                                         <char>
1:                                        46.2%
2:                                        43.7%
3:                                        52.7%
4:                                        38.3%
5:                                        41.9%
6:                                        39.3%
   math_growth_african_american_sy1213 math_growth_hispanic_sy1213
                                <char>                      <char>
1:                               30.6%                        <NA>
2:                               52.6%                        <NA>
3:                               53.8%                        <NA>
4:                               44.6%                        <NA>
5:                               40.9%                        <NA>
6:                               46.3%                        <NA>
   math_growth_white_sy1213 math_growth_students_with_disabilities_sy1213
                     <char>                                        <char>
1:                     <NA>                                          <NA>
2:                     <NA>                                         59.1%
3:                     <NA>                                          <NA>
4:                     <NA>                                          <NA>
5:                     <NA>                                          <NA>
6:                     <NA>                                          <NA>
   math_growth_english_language_learners_sy1213
                                         <char>
1:                                         <NA>
2:                                         <NA>
3:                                         <NA>
4:                                         <NA>
5:                                         <NA>
6:                                         <NA>
   math_growth_free_and_reduced_lunch_sy1213 overall_foundation_sy1213
                                      <char>                    <char>
1:                                       31%            Well-organized
2:                                       53%         Not Yet Organized
3:                                     53.8%            Well-organized
4:                                     44.4%                 Organized
5:                                     40.9%                 Organized
6:                                     46.7%                 Organized
   involved_families_sy1213 supportive_environment_sy1213
                     <char>                        <char>
1:                  Neutral                       Neutral
2:                     Weak                       Neutral
3:                   Strong                   Very Strong
4:          Not Enough Data                        Strong
5:                   Strong                          Weak
6:          Not Enough Data                        Strong
   ambitious_instruction_sy1213 effective_leaders_sy1213
                         <char>                   <char>
1:                       Strong                   Strong
2:                      Neutral                     Weak
3:                       Strong                   Strong
4:                  Very Strong          Not Enough Data
5:                      Neutral                   Strong
6:                       Strong          Not Enough Data
   collaborative_teachers_sy1213 safety_sy1213
                          <char>        <char>
1:                        Strong          Weak
2:                          Weak          Weak
3:                        Strong          Weak
4:               Not Enough Data          Weak
5:                       Neutral       Neutral
6:               Not Enough Data       Neutral
   misconducts_resulting_in_suspensions_2011_percent_sy1213
                                                     <char>
1:                                                    90.5%
2:                                                    67.3%
3:                                                    79.4%
4:                                                    81.3%
5:                                                    85.3%
6:                                                    60.2%
   misconducts_resulting_in_suspensions_2012_percent_sy1213
                                                     <char>
1:                                                    98.8%
2:                                                    77.4%
3:                                                    48.1%
4:                                                    67.9%
5:                                                      39%
6:                                                    62.8%
   average_days_of_suspension_2011_sy1213
                                    <num>
1:                                    3.3
2:                                    2.7
3:                                    1.4
4:                                    3.3
5:                                    3.7
6:                                    2.2
   average_days_of_suspension_2012_sy1213
                                    <num>
1:                                    3.4
2:                                    2.9
3:                                    1.2
4:                                    3.2
5:                                    2.6
6:                                    1.8
   student_attendance_2011_percent_sy1213
                                   <char>
1:                                  92.9%
2:                                  91.9%
3:                                  92.6%
4:                                  87.9%
5:                                  95.2%
6:                                  91.3%
   student_attendance_2012_percent_sy1213
                                   <char>
1:                                  91.9%
2:                                    91%
3:                                  95.5%
4:                                  89.7%
5:                                  92.7%
6:                                  91.1%
   teacher_attendance_2011_percent_sy1213
                                   <char>
1:                                  96.3%
2:                                  95.5%
3:                                  97.9%
4:                                  93.4%
5:                                  93.5%
6:                                  93.9%
   teacher_attendance_2012_percent_sy1213 healthy_school_certified_sy1213
                                   <char>                          <char>
1:                                  94.9%                              No
2:                                  96.1%                              No
3:                                  95.9%                              No
4:                                  94.5%                              No
5:                                  95.1%                              No
6:                                  94.5%                              No
