term,estimate,std_error,t_statistic,p_value,conf_low,conf_high,ring,weighting,specification,outcome,estimator,sale_year
treated_post,57235.2286545941,32668.7749394701,1.75198576502001,0.08380995406885,-7830.27558299454,122300.732892183,annulus_0125_025,equal_transaction,site_unadjusted,dollars,did,
sale_year::2008:treated,13724.4182492868,19935.1821888924,0.688452110406786,0.493264298295974,-25979.9380846064,53428.77458318,annulus_0125_025,equal_transaction,site_unadjusted,dollars,event,2008
sale_year::2009:treated,22816.8535773519,23333.19337252,0.977871018898931,0.331240627010441,-23655.2285582386,69288.9357129423,annulus_0125_025,equal_transaction,site_unadjusted,dollars,event,2009
sale_year::2010:treated,-39718.7002004492,18523.0540051436,-2.14428464061163,0.0352069978865732,-76610.5595094626,-2826.84089143584,annulus_0125_025,equal_transaction,site_unadjusted,dollars,event,2010
sale_year::2011:treated,-13220.8265122816,20073.888139293,-0.658608159044333,0.512137798276955,-53201.4396883823,26759.7866638191,annulus_0125_025,equal_transaction,site_unadjusted,dollars,event,2011
sale_year::2013:treated,12452.957902209,21911.5956797929,0.56832729501728,0.571488201048997,-31187.7670468429,56093.6828512609,annulus_0125_025,equal_transaction,site_unadjusted,dollars,event,2013
sale_year::2014:treated,43777.9366475944,32610.3098463377,1.34245693628424,0.183444170819489,-21171.1242653821,108726.997560571,annulus_0125_025,equal_transaction,site_unadjusted,dollars,event,2014
sale_year::2015:treated,49721.7988891579,41644.1859444004,1.19396736330834,0.236204141208212,-33219.7856072536,132663.38338557,annulus_0125_025,equal_transaction,site_unadjusted,dollars,event,2015
sale_year::2016:treated,67516.8276788856,40576.0299647671,1.66395844387713,0.100238996802248,-13297.3398100621,148330.995167833,annulus_0125_025,equal_transaction,site_unadjusted,dollars,event,2016
sale_year::2017:treated,57361.1295470811,43616.5224750334,1.31512386343765,0.192422510825299,-29508.7035943939,144230.962688556,annulus_0125_025,equal_transaction,site_unadjusted,dollars,event,2017
sale_year::2018:treated,52265.1944251779,38667.1352222655,1.35166968343396,0.180490393921663,-24747.0796904347,129277.46854079,annulus_0125_025,equal_transaction,site_unadjusted,dollars,event,2018
treated_post,0.0582481608421038,0.0945626839105758,0.615974065384891,0.539752134899494,-0.130089746597076,0.246586068281284,annulus_0125_025,equal_transaction,site_unadjusted,log,did,
sale_year::2008:treated,-0.0896961221647665,0.100570570606583,-0.891872459545288,0.375276395230354,-0.289999772978233,0.1106075286487,annulus_0125_025,equal_transaction,site_unadjusted,log,event,2008
sale_year::2009:treated,-0.0626503861512735,0.115556256433695,-0.542163514852367,0.589292048883149,-0.292800616963339,0.167499844660792,annulus_0125_025,equal_transaction,site_unadjusted,log,event,2009
sale_year::2010:treated,-0.21458462262112,0.10600427410876,-2.02430160882908,0.0464531735536238,-0.425710431868802,-0.00345881337343879,annulus_0125_025,equal_transaction,site_unadjusted,log,event,2010
sale_year::2011:treated,-0.171180842374612,0.114506197616723,-1.49494827299734,0.13906877147665,-0.399239699802398,0.0568780150531742,annulus_0125_025,equal_transaction,site_unadjusted,log,event,2011
sale_year::2013:treated,-0.0834565898276105,0.0959125294284003,-0.87013229997142,0.386968125312298,-0.274482947611893,0.107569767956672,annulus_0125_025,equal_transaction,site_unadjusted,log,event,2013
sale_year::2014:treated,0.046080690737268,0.100814227797924,0.457085192673736,0.648913681044243,-0.154708245430335,0.246869626904871,annulus_0125_025,equal_transaction,site_unadjusted,log,event,2014
sale_year::2015:treated,-0.0964749366196773,0.130101663830708,-0.741534994857664,0.460654461745595,-0.355594856940495,0.162644983701141,annulus_0125_025,equal_transaction,site_unadjusted,log,event,2015
sale_year::2016:treated,-0.0962334295321459,0.115615952738627,-0.832354249155397,0.407816927516446,-0.326502555839642,0.13403569677535,annulus_0125_025,equal_transaction,site_unadjusted,log,event,2016
sale_year::2017:treated,-0.0495033871283457,0.115790568003972,-0.427525211955499,0.67020575112727,-0.280120289877054,0.181113515620363,annulus_0125_025,equal_transaction,site_unadjusted,log,event,2017
sale_year::2018:treated,-0.0412719157130483,0.104832746400714,-0.39369297409504,0.694910094950281,-0.250064425313176,0.16752059388708,annulus_0125_025,equal_transaction,site_unadjusted,log,event,2018
treated_post,51360.7104321411,30166.4260338849,1.70257856779088,0.0927339475275476,-8720.93403041915,111442.354894701,annulus_0125_025,equal_transaction,site_hedonics,dollars,did,
sale_year::2008:treated,21161.9157908621,18691.7411283625,1.13215326734605,0.26112945792177,-16065.9130410661,58389.7446227903,annulus_0125_025,equal_transaction,site_hedonics,dollars,event,2008
sale_year::2009:treated,18928.0939630651,20514.3977070814,0.922673637965557,0.359097291618922,-21929.8700534862,59786.0579796164,annulus_0125_025,equal_transaction,site_hedonics,dollars,event,2009
sale_year::2010:treated,-19763.5304366337,19333.1415337182,-1.02226171582952,0.309900059980746,-58268.8188877239,18741.7580144565,annulus_0125_025,equal_transaction,site_hedonics,dollars,event,2010
sale_year::2011:treated,3509.58308430878,17237.2223624437,0.203604908639772,0.839206440571985,-30821.3205613248,37840.4867299424,annulus_0125_025,equal_transaction,site_hedonics,dollars,event,2011
sale_year::2013:treated,17484.3045551279,22140.8251386864,0.789686221972719,0.4321679529738,-26612.9704285259,61581.5795387816,annulus_0125_025,equal_transaction,site_hedonics,dollars,event,2013
sale_year::2014:treated,30853.6037510963,31463.7446947862,0.980608126921683,0.329897371123393,-31811.8747543619,93519.0822565545,annulus_0125_025,equal_transaction,site_hedonics,dollars,event,2014
sale_year::2015:treated,44290.0582088992,37996.4514343816,1.16563669861083,0.247406602837353,-31386.4333766523,119966.549794451,annulus_0125_025,equal_transaction,site_hedonics,dollars,event,2015
sale_year::2016:treated,74588.4143004562,38324.7733505822,1.94621931924154,0.0553249773797267,-1741.98705273806,150918.81565365,annulus_0125_025,equal_transaction,site_hedonics,dollars,event,2016
sale_year::2017:treated,64183.0156740067,40668.6483446654,1.57819397217379,0.118674559493036,-16815.6173053343,145181.648653348,annulus_0125_025,equal_transaction,site_hedonics,dollars,event,2017
sale_year::2018:treated,60131.4732441336,35332.0531896185,1.70189580892519,0.0928625187375477,-10238.409336138,130501.355824405,annulus_0125_025,equal_transaction,site_hedonics,dollars,event,2018
treated_post,0.0439862812198678,0.0900472204153282,0.488480166483631,0.62661630264044,-0.135358301255977,0.223330863695713,annulus_0125_025,equal_transaction,site_hedonics,log,did,
sale_year::2008:treated,-0.0500449284166091,0.110026430022877,-0.454844607847438,0.650517648189603,-0.269181555430159,0.169091698596941,annulus_0125_025,equal_transaction,site_hedonics,log,event,2008
sale_year::2009:treated,-0.0558705919823614,0.114058771808411,-0.489840378749732,0.625657876419437,-0.283038323682885,0.171297139718162,annulus_0125_025,equal_transaction,site_hedonics,log,event,2009
sale_year::2010:treated,-0.111004071152003,0.10852750283266,-1.02281973006567,0.309637825102399,-0.327155325936945,0.10514718363294,annulus_0125_025,equal_transaction,site_hedonics,log,event,2010
sale_year::2011:treated,-0.131574727410669,0.103842290929845,-1.26706302636909,0.209001775666572,-0.338394573978393,0.0752451191570556,annulus_0125_025,equal_transaction,site_hedonics,log,event,2011
sale_year::2013:treated,-0.0541824332323324,0.0907448461836661,-0.597085515167088,0.552225007009109,-0.234916457842758,0.126551591378093,annulus_0125_025,equal_transaction,site_hedonics,log,event,2013
sale_year::2014:treated,0.0153673123523632,0.0945606110481235,0.162512828354531,0.871333347857114,-0.172966466623447,0.203701091328173,annulus_0125_025,equal_transaction,site_hedonics,log,event,2014
sale_year::2015:treated,-0.0895726643576635,0.120268926598324,-0.744769799574415,0.458707776355365,-0.329108991254909,0.149963662539582,annulus_0125_025,equal_transaction,site_hedonics,log,event,2015
sale_year::2016:treated,-0.0513647740454615,0.113646377419322,-0.451970183404443,0.652577780955914,-0.277711151136865,0.174981603045942,annulus_0125_025,equal_transaction,site_hedonics,log,event,2016
sale_year::2017:treated,-0.0164220160664292,0.113471640519782,-0.144723527316644,0.885312272070662,-0.242420374461125,0.209576342328267,annulus_0125_025,equal_transaction,site_hedonics,log,event,2017
sale_year::2018:treated,0.00417760038234483,0.109308574496424,0.0382184142606441,0.969613753200802,-0.213529293441487,0.221884494206176,annulus_0125_025,equal_transaction,site_hedonics,log,event,2018
treated_post,53208.3927762518,31042.1258753134,1.71407051791406,0.0905916719803763,-8617.35907475179,115034.144627255,annulus_0125_025,equal_transaction,group_hedonics,dollars,did,
sale_year::2008:treated,1749.86655744584,28258.74589402,0.0619230083319495,0.950786706853198,-54532.3036225824,58032.0367374741,annulus_0125_025,equal_transaction,group_hedonics,dollars,event,2008
sale_year::2009:treated,-37894.6760368935,25790.9018120236,-1.46930403260375,0.145877797359526,-89261.7087539357,13472.3566801487,annulus_0125_025,equal_transaction,group_hedonics,dollars,event,2009
sale_year::2010:treated,-32570.2476612239,23944.6049149573,-1.36023324573121,0.177777196831728,-80260.0614191073,15119.5660966596,annulus_0125_025,equal_transaction,group_hedonics,dollars,event,2010
sale_year::2011:treated,-37101.8245134857,25032.4018212285,-1.48215200356931,0.142434567665695,-86958.1735744457,12754.5245474742,annulus_0125_025,equal_transaction,group_hedonics,dollars,event,2011
sale_year::2013:treated,-18531.653314639,24948.1515941804,-0.742806666244637,0.459888616335656,-68220.203506031,31156.896876753,annulus_0125_025,equal_transaction,group_hedonics,dollars,event,2013
sale_year::2014:treated,11143.0073305545,36521.7399955691,0.305106145871101,0.761119337254439,-61596.3418751845,83882.3565362936,annulus_0125_025,equal_transaction,group_hedonics,dollars,event,2014
sale_year::2015:treated,33753.2486346184,37752.4050673275,0.894068830169175,0.374107702739367,-41437.1824861883,108943.679755425,annulus_0125_025,equal_transaction,group_hedonics,dollars,event,2015
sale_year::2016:treated,62618.8853119409,38789.7496402417,1.61431527382116,0.110603590742542,-14637.5965815025,139875.367205384,annulus_0125_025,equal_transaction,group_hedonics,dollars,event,2016
sale_year::2017:treated,27923.7822736544,41749.7211320456,0.668837575832838,0.505625668912174,-55227.9937653439,111075.558312653,annulus_0125_025,equal_transaction,group_hedonics,dollars,event,2017
sale_year::2018:treated,23629.3180315294,37702.0302077505,0.626738610661658,0.532708759841637,-51460.782861243,98719.4189243018,annulus_0125_025,equal_transaction,group_hedonics,dollars,event,2018
treated_post,0.0529981566505384,0.078874682481331,0.671928621241457,0.503666666297862,-0.104094388041948,0.210090701343025,annulus_0125_025,equal_transaction,group_hedonics,log,did,
sale_year::2008:treated,-0.155728113332875,0.161194544508481,-0.96608798894358,0.337064364005895,-0.476774872454563,0.165318645788814,annulus_0125_025,equal_transaction,group_hedonics,log,event,2008
sale_year::2009:treated,-0.314980626352845,0.147496903359508,-2.13550670677548,0.0359409331937148,-0.608746168781383,-0.0212150839243059,annulus_0125_025,equal_transaction,group_hedonics,log,event,2009
sale_year::2010:treated,-0.15069742619393,0.133031878873023,-1.13279183508916,0.260862822215881,-0.415653375554896,0.114258523167036,annulus_0125_025,equal_transaction,group_hedonics,log,event,2010
sale_year::2011:treated,-0.285877054951,0.124020625556788,-2.30507670532673,0.0238930062170566,-0.532885537903451,-0.0388685719985488,annulus_0125_025,equal_transaction,group_hedonics,log,event,2011
sale_year::2013:treated,-0.226881085551612,0.13370655689464,-1.69685833530507,0.0938156483076587,-0.493180772648563,0.0394186015453383,annulus_0125_025,equal_transaction,group_hedonics,log,event,2013
sale_year::2014:treated,-0.0703281318729132,0.12822350978918,-0.548480789432014,0.584969456135704,-0.325707384232528,0.185051120486702,annulus_0125_025,equal_transaction,group_hedonics,log,event,2014
sale_year::2015:treated,-0.156619084909413,0.126144866325564,-1.24158112392143,0.218209371705764,-0.407858360017328,0.0946201901985009,annulus_0125_025,equal_transaction,group_hedonics,log,event,2015
sale_year::2016:treated,-0.0536504193653258,0.141572122194033,-0.378961751324138,0.705772943804456,-0.335615737428449,0.228314898697798,annulus_0125_025,equal_transaction,group_hedonics,log,event,2016
sale_year::2017:treated,-0.182586428625814,0.138198505566571,-1.32118960242925,0.19040212601154,-0.457832606856579,0.0926597496049504,annulus_0125_025,equal_transaction,group_hedonics,log,event,2017
sale_year::2018:treated,-0.178293701363606,0.154749406947324,-1.15214465037851,0.252872971533823,-0.486503856539347,0.129916453812136,annulus_0125_025,equal_transaction,group_hedonics,log,event,2018
treated_post,20640.4251584493,26405.4821961742,0.781671965128507,0.436835793320579,-31950.6504761306,73231.5007930292,annulus_0125_025,equal_site_year,site_unadjusted,dollars,did,
sale_year::2008:treated,25185.7508960309,24895.4546803122,1.01166061112145,0.314910388170614,-24397.844295397,74769.3460874588,annulus_0125_025,equal_site_year,site_unadjusted,dollars,event,2008
sale_year::2009:treated,-1994.6394706704,30178.6326350426,-0.066094428292761,0.947476205724206,-62100.5954864133,58111.3165450725,annulus_0125_025,equal_site_year,site_unadjusted,dollars,event,2009
sale_year::2010:treated,-36209.0303577167,24264.1252074855,-1.49228665975339,0.139763661067442,-84535.2239304542,12117.1632150209,annulus_0125_025,equal_site_year,site_unadjusted,dollars,event,2010
sale_year::2011:treated,13185.5475217624,28908.7187673448,0.456109716514202,0.649611791505943,-44391.1558270789,70762.2508706037,annulus_0125_025,equal_site_year,site_unadjusted,dollars,event,2011
sale_year::2013:treated,-21979.330713134,23006.4278554892,-0.95535607923113,0.342426654708237,-67800.6029186779,23841.9414924099,annulus_0125_025,equal_site_year,site_unadjusted,dollars,event,2013
sale_year::2014:treated,13573.558644832,27820.2468715239,0.48790216375562,0.627023767007323,-41835.2650427348,68982.3823323989,annulus_0125_025,equal_site_year,site_unadjusted,dollars,event,2014
sale_year::2015:treated,7905.11695542103,30522.1349156573,0.258996199881347,0.796338381407692,-52884.9831439727,68695.2170548148,annulus_0125_025,equal_site_year,site_unadjusted,dollars,event,2015
sale_year::2016:treated,22792.0644637133,34978.634207001,0.651599611603803,0.516625120483504,-46873.9232091504,92458.052136577,annulus_0125_025,equal_site_year,site_unadjusted,dollars,event,2016
sale_year::2017:treated,29005.2151271561,41589.3001057272,0.697420130981281,0.48766798230018,-53827.0547477128,111837.485002025,annulus_0125_025,equal_site_year,site_unadjusted,dollars,event,2017
sale_year::2018:treated,30249.0515446228,38830.841609234,0.778995517249609,0.438401241869663,-47089.2720979388,107587.375187184,annulus_0125_025,equal_site_year,site_unadjusted,dollars,event,2018
treated_post,-0.0322950564136109,0.0795788016044299,-0.405824864945103,0.686011603850798,-0.190789975877501,0.126199863050279,annulus_0125_025,equal_site_year,site_unadjusted,log,did,
sale_year::2008:treated,0.131847905484395,0.125310550673928,1.05216922897001,0.296055832510895,-0.117729685992357,0.381425496961147,annulus_0125_025,equal_site_year,site_unadjusted,log,event,2008
sale_year::2009:treated,-0.0613162229024925,0.148193014178072,-0.41375919939663,0.680215761372226,-0.356468190181642,0.233835744376657,annulus_0125_025,equal_site_year,site_unadjusted,log,event,2009
sale_year::2010:treated,-0.235566528101072,0.151003038559766,-1.56001184047589,0.122911813484145,-0.536315143973674,0.0651820877715304,annulus_0125_025,equal_site_year,site_unadjusted,log,event,2010
sale_year::2011:treated,0.0230404131946798,0.170900708659903,0.134817540403129,0.893112550038531,-0.317337847212112,0.363418673601471,annulus_0125_025,equal_site_year,site_unadjusted,log,event,2011
sale_year::2013:treated,-0.208850773588062,0.124748881001008,-1.67416951488627,0.098208189296504,-0.45730970296159,0.0396081557854665,annulus_0125_025,equal_site_year,site_unadjusted,log,event,2013
sale_year::2014:treated,0.091246427591053,0.130239897900392,0.700602726676264,0.485690379520097,-0.168148809740076,0.350641664922182,annulus_0125_025,equal_site_year,site_unadjusted,log,event,2014
sale_year::2015:treated,-0.0968302947608506,0.131192063937702,-0.738080428453597,0.462738590889735,-0.358121935108323,0.164461345586621,annulus_0125_025,equal_site_year,site_unadjusted,log,event,2015
sale_year::2016:treated,-0.233286475024355,0.144364155442731,-1.6159584372514,0.110247218389013,-0.520812609234128,0.054239659185418,annulus_0125_025,equal_site_year,site_unadjusted,log,event,2016
sale_year::2017:treated,-0.0775753360938182,0.13506814038989,-0.574342223635331,0.567432361864539,-0.346586851744002,0.191436179556365,annulus_0125_025,equal_site_year,site_unadjusted,log,event,2017
sale_year::2018:treated,0.0231956825012871,0.131579739993115,0.176286125071388,0.860538067217949,-0.238868081627167,0.285259446629742,annulus_0125_025,equal_site_year,site_unadjusted,log,event,2018
treated_post,15456.8030912269,24984.6696156154,0.618651490254903,0.537995829656272,-34304.4790432157,65218.0852256694,annulus_0125_025,equal_site_year,site_hedonics,dollars,did,
sale_year::2008:treated,21253.8397055544,25601.2681625585,0.83018698802733,0.409033349417661,-29735.5048659813,72243.1842770902,annulus_0125_025,equal_site_year,site_hedonics,dollars,event,2008
sale_year::2009:treated,-15701.3257719302,30175.5385012915,-0.52033291042207,0.604344090980269,-75801.1192862305,44398.4677423701,annulus_0125_025,equal_site_year,site_hedonics,dollars,event,2009
sale_year::2010:treated,-23023.1381007465,24220.3176975449,-0.950571267819508,0.344835260843734,-71262.0814558387,25215.8052543456,annulus_0125_025,equal_site_year,site_hedonics,dollars,event,2010
sale_year::2011:treated,9045.35307334625,26897.276788778,0.336292523008133,0.737577042712761,-44525.2163808942,62615.9225275867,annulus_0125_025,equal_site_year,site_hedonics,dollars,event,2011
sale_year::2013:treated,-26428.3217763324,23393.971830365,-1.12970648883269,0.26215289577343,-73021.4547016692,20164.8111490044,annulus_0125_025,equal_site_year,site_hedonics,dollars,event,2013
sale_year::2014:treated,-9423.29943975994,29596.4222278696,-0.318393195204739,0.751060007545684,-68369.6829344862,49523.0840549664,annulus_0125_025,equal_site_year,site_hedonics,dollars,event,2014
sale_year::2015:treated,3916.41667217843,29444.3871895249,0.133010636185756,0.894536522874664,-54727.1628009705,62559.9961453274,annulus_0125_025,equal_site_year,site_hedonics,dollars,event,2015
sale_year::2016:treated,17991.6938355146,34078.309055219,0.527951483929606,0.5990711531059,-49881.1408927708,85864.5285638,annulus_0125_025,equal_site_year,site_hedonics,dollars,event,2016
sale_year::2017:treated,26420.3365409611,39325.4899916245,0.671837440463883,0.50372439511887,-51903.1647362129,104743.837818135,annulus_0125_025,equal_site_year,site_hedonics,dollars,event,2017
sale_year::2018:treated,27278.0482543244,34854.2684734836,0.782631495338281,0.436275366719546,-42140.2435935145,96696.3401021633,annulus_0125_025,equal_site_year,site_hedonics,dollars,event,2018
treated_post,-0.0465537899971224,0.0760865837937185,-0.611852808680914,0.542461256442801,-0.198093354900505,0.10498577490626,annulus_0125_025,equal_site_year,site_hedonics,log,did,
sale_year::2008:treated,0.139037972499278,0.135380939199558,1.02701291128088,0.307672052402812,-0.130596535972451,0.408672480971007,annulus_0125_025,equal_site_year,site_hedonics,log,event,2008
sale_year::2009:treated,-0.0863151949093334,0.141958434838989,-0.608031463626895,0.544979392245247,-0.369049921286174,0.196419531467507,annulus_0125_025,equal_site_year,site_hedonics,log,event,2009
sale_year::2010:treated,-0.168466990311576,0.143159046803912,-1.1767820062558,0.242955079771707,-0.453592942653767,0.116658962030615,annulus_0125_025,equal_site_year,site_hedonics,log,event,2010
sale_year::2011:treated,-0.0317644687322881,0.159892056992181,-0.198661955633239,0.843057672901933,-0.350217099143359,0.286688161678783,annulus_0125_025,equal_site_year,site_hedonics,log,event,2011
sale_year::2013:treated,-0.230057847375235,0.117304258960052,-1.96120626322342,0.0535182726028623,-0.463689526940635,0.00357383219016419,annulus_0125_025,equal_site_year,site_hedonics,log,event,2013
sale_year::2014:treated,0.0141996539163783,0.123738172768646,0.114755645720803,0.908941448738234,-0.232246275554414,0.260645583387171,annulus_0125_025,equal_site_year,site_hedonics,log,event,2014
sale_year::2015:treated,-0.105150985965809,0.118447666253582,-0.887742150535019,0.377480361862037,-0.341059958519402,0.130757986587783,annulus_0125_025,equal_site_year,site_hedonics,log,event,2015
sale_year::2016:treated,-0.235997014124614,0.140912742405711,-1.67477411975377,0.0980890022829444,-0.516649063523983,0.044655035274755,annulus_0125_025,equal_site_year,site_hedonics,log,event,2016
sale_year::2017:treated,-0.0808334553777248,0.121939808816152,-0.662896359790077,0.509402474448485,-0.323697632622161,0.162030721866711,annulus_0125_025,equal_site_year,site_hedonics,log,event,2017
sale_year::2018:treated,0.0205735656943791,0.127348683421607,0.161553030165747,0.872086558183487,-0.233063318950745,0.274210450339503,annulus_0125_025,equal_site_year,site_hedonics,log,event,2018
treated_post,26760.6311042661,27548.4230374661,0.971403374627702,0.334428982749044,-28106.8084983592,81628.0707068914,annulus_0125_025,equal_site_year,group_hedonics,dollars,did,
sale_year::2008:treated,51059.2388993041,31453.910187117,1.6233033856699,0.10866552737301,-11586.6524866002,113705.130285208,annulus_0125_025,equal_site_year,group_hedonics,dollars,event,2008
sale_year::2009:treated,-4393.73761629587,25541.3955809773,-0.172024179429265,0.863875770140547,-55263.8356070276,46476.3603744359,annulus_0125_025,equal_site_year,group_hedonics,dollars,event,2009
sale_year::2010:treated,-26391.2799575611,28726.7570983046,-0.918700285843217,0.361158922477121,-83605.5752341699,30823.0153190476,annulus_0125_025,equal_site_year,group_hedonics,dollars,event,2010
sale_year::2011:treated,-4298.47055085778,29399.9067233853,-0.146206945188662,0.884145139216756,-62853.4594979322,54256.5183962167,annulus_0125_025,equal_site_year,group_hedonics,dollars,event,2011
sale_year::2013:treated,-27108.3702204842,26540.4974674749,-1.02139646228204,0.31030697553931,-79968.3520727975,25751.611631829,annulus_0125_025,equal_site_year,group_hedonics,dollars,event,2013
sale_year::2014:treated,6297.27747971559,32276.8942434158,0.195101716795449,0.845833961913856,-57987.7287092933,70582.2836687244,annulus_0125_025,equal_site_year,group_hedonics,dollars,event,2014
sale_year::2015:treated,17328.9216044088,30942.9054262487,0.560028910204042,0.577106744228358,-44299.215595876,78957.0588046936,annulus_0125_025,equal_site_year,group_hedonics,dollars,event,2015
sale_year::2016:treated,43787.9424936851,41918.1963259163,1.04460464265283,0.299516966837153,-39699.38097435,127275.26596172,annulus_0125_025,equal_site_year,group_hedonics,dollars,event,2016
sale_year::2017:treated,37878.3732803584,47886.3391942439,0.791005825830837,0.431402194758828,-57495.5368689707,133252.283429688,annulus_0125_025,equal_site_year,group_hedonics,dollars,event,2017
sale_year::2018:treated,40889.4472765188,39258.0815585642,1.04155490164544,0.300920114819379,-37299.7984708697,119078.693023907,annulus_0125_025,equal_site_year,group_hedonics,dollars,event,2018
treated_post,-0.0238675794587079,0.0793253284214397,-0.300882201607842,0.764325931168191,-0.181857663326757,0.134122504409341,annulus_0125_025,equal_site_year,group_hedonics,log,did,
sale_year::2008:treated,0.18657544516412,0.153604652340925,1.21464709773254,0.228261190545591,-0.119354733617291,0.492505623945532,annulus_0125_025,equal_site_year,group_hedonics,log,event,2008
sale_year::2009:treated,-0.110037103694107,0.151229059426233,-0.727618779827044,0.469082673270327,-0.411235879135662,0.191161671747447,annulus_0125_025,equal_site_year,group_hedonics,log,event,2009
sale_year::2010:treated,-0.203252181356122,0.16451083688873,-1.23549417898588,0.220452171573024,-0.530903909177128,0.124399546464883,annulus_0125_025,equal_site_year,group_hedonics,log,event,2010
sale_year::2011:treated,-0.129480177342539,0.160484180874351,-0.806809597289301,0.422293871818395,-0.449112124671245,0.190151769986167,annulus_0125_025,equal_site_year,group_hedonics,log,event,2011
sale_year::2013:treated,-0.307774069891108,0.139184254914366,-2.21127073662512,0.0300235086791169,-0.584983538097851,-0.0305646016843654,annulus_0125_025,equal_site_year,group_hedonics,log,event,2013
sale_year::2014:treated,-0.00377310127516717,0.140059311212625,-0.0269393105142378,0.978578752435787,-0.28272539514305,0.275179192592716,annulus_0125_025,equal_site_year,group_hedonics,log,event,2014
sale_year::2015:treated,-0.0836841079511854,0.129059436491453,-0.648415259094421,0.518670792297058,-0.340728252627387,0.173360036725016,annulus_0125_025,equal_site_year,group_hedonics,log,event,2015
sale_year::2016:treated,-0.181722832778735,0.14858219640043,-1.2230458102059,0.225091312638444,-0.477649923630315,0.114204258072844,annulus_0125_025,equal_site_year,group_hedonics,log,event,2016
sale_year::2017:treated,-0.109854229357677,0.153951125676406,-0.713565612950323,0.477681407592884,-0.416474469591338,0.196766010875984,annulus_0125_025,equal_site_year,group_hedonics,log,event,2017
sale_year::2018:treated,-0.00617077593575832,0.142266369985802,-0.0433748041534632,0.965516520776237,-0.289518808310055,0.277177256438538,annulus_0125_025,equal_site_year,group_hedonics,log,event,2018
treated_post,49781.7107411363,41046.771467712,1.21280453884894,0.229958113035361,-32324.0568264451,131887.478308718,annulus_025_05,equal_transaction,site_unadjusted,dollars,did,
sale_year::2008:treated,-17379.4965704927,29186.7965970855,-0.595457487521197,0.553740557788537,-75742.1034164749,40983.1102754894,annulus_025_05,equal_transaction,site_unadjusted,dollars,event,2008
sale_year::2009:treated,1435.71430994501,21267.4343042713,0.0675076405270316,0.946398368191112,-41091.1489172064,43962.5775370964,annulus_025_05,equal_transaction,site_unadjusted,dollars,event,2009
sale_year::2010:treated,-27957.1815974246,21727.0082381165,-1.28674787117622,0.203044013043804,-71403.0197017416,15488.6565068925,annulus_025_05,equal_transaction,site_unadjusted,dollars,event,2010
sale_year::2011:treated,-10831.7322414846,25981.1084407298,-0.416908010918581,0.678209225067249,-62784.1694438791,41120.7049609098,annulus_025_05,equal_transaction,site_unadjusted,dollars,event,2011
sale_year::2013:treated,21166.5964021945,19199.7232289339,1.10244278783647,0.27459985669764,-17225.622991757,59558.8157961459,annulus_025_05,equal_transaction,site_unadjusted,dollars,event,2013
sale_year::2014:treated,49486.4279287271,40543.1451038737,1.22058680454958,0.22693987077041,-31584.6012308509,130557.457088305,annulus_025_05,equal_transaction,site_unadjusted,dollars,event,2014
sale_year::2015:treated,37657.1332834607,38038.3127270026,0.989979065415504,0.326095108031998,-38405.1739788669,113719.440545788,annulus_025_05,equal_transaction,site_unadjusted,dollars,event,2015
sale_year::2016:treated,60457.4075250825,48897.0431775556,1.2364225645618,0.221041131305643,-37318.2732492736,158233.088299439,annulus_025_05,equal_transaction,site_unadjusted,dollars,event,2016
sale_year::2017:treated,26342.7808142736,43461.6060576056,0.60611613798528,0.54668659962911,-60564.0717002735,113249.633328821,annulus_025_05,equal_transaction,site_unadjusted,dollars,event,2017
sale_year::2018:treated,26013.2793246675,40887.6739388505,0.63621323540125,0.5270175066727,-55746.677819041,107773.236468376,annulus_025_05,equal_transaction,site_unadjusted,dollars,event,2018
treated_post,0.104170784591931,0.0797031649273367,1.30698429211564,0.196205102683936,-0.0552592826198637,0.263600851803726,annulus_025_05,equal_transaction,site_unadjusted,log,did,
sale_year::2008:treated,-0.148076542809861,0.146645875243091,-1.00975593459004,0.316600914855773,-0.441313093588171,0.145160007968448,annulus_025_05,equal_transaction,site_unadjusted,log,event,2008
sale_year::2009:treated,-0.143752157176484,0.0859996060115862,-1.67154436913486,0.0997370681878058,-0.315718997657524,0.0282146833045566,annulus_025_05,equal_transaction,site_unadjusted,log,event,2009
sale_year::2010:treated,-0.221986185885535,0.0903403856883748,-2.45721981585585,0.01686046417255,-0.402632951785549,-0.0413394199855216,annulus_025_05,equal_transaction,site_unadjusted,log,event,2010
sale_year::2011:treated,-0.206195200663569,0.106880648103983,-1.92920986466104,0.058360251387364,-0.419916265391838,0.00752586406470016,annulus_025_05,equal_transaction,site_unadjusted,log,event,2011
sale_year::2013:treated,0.00869002971441177,0.0787512050459572,0.110347895112722,0.912495725814846,-0.148782737242257,0.16616279667108,annulus_025_05,equal_transaction,site_unadjusted,log,event,2013
sale_year::2014:treated,0.0558304693589089,0.117360048009755,0.47571955112244,0.635973469067217,-0.178845450577537,0.290506389295354,annulus_025_05,equal_transaction,site_unadjusted,log,event,2014
sale_year::2015:treated,0.0198237450044009,0.0782476730384384,0.253346128193009,0.800852660097393,-0.136642147474233,0.176289637483035,annulus_025_05,equal_transaction,site_unadjusted,log,event,2015
sale_year::2016:treated,-0.0760801114585416,0.0842067207836355,-0.903492153007896,0.369818959561801,-0.244461856352583,0.0923016334354995,annulus_025_05,equal_transaction,site_unadjusted,log,event,2016
sale_year::2017:treated,-0.0431295813944101,0.102083674448988,-0.422492446781609,0.674151169900507,-0.247258504465552,0.160999341676732,annulus_025_05,equal_transaction,site_unadjusted,log,event,2017
sale_year::2018:treated,-0.0997440368183055,0.121088536079495,-0.823728158318994,0.413303090541693,-0.341875529435374,0.142387455798763,annulus_025_05,equal_transaction,site_unadjusted,log,event,2018
treated_post,55052.9359986357,32113.3337115169,1.7143326349482,0.0916294393370267,-9183.29548212868,119289.1674794,annulus_025_05,equal_transaction,site_hedonics,dollars,did,
sale_year::2008:treated,-17614.1576223974,26246.2247114608,-0.671112048153193,0.504682569770551,-70096.7275725115,34868.4123277166,annulus_025_05,equal_transaction,site_hedonics,dollars,event,2008
sale_year::2009:treated,14859.9374914127,18014.2125649361,0.824900751994948,0.41264214187331,-21161.7068185458,50881.5818013712,annulus_025_05,equal_transaction,site_hedonics,dollars,event,2009
sale_year::2010:treated,-8426.68427005317,18870.2339077481,-0.44655960870698,0.656774416571554,-46160.0490463575,29306.6805062511,annulus_025_05,equal_transaction,site_hedonics,dollars,event,2010
sale_year::2011:treated,-9330.46480799065,22466.4878104159,-0.415305894126667,0.679375213369988,-54254.9837056997,35594.0540897184,annulus_025_05,equal_transaction,site_hedonics,dollars,event,2011
sale_year::2013:treated,35365.8880092875,19725.082096649,1.79293996526867,0.0779406227389191,-4076.85136713329,74808.6273857082,annulus_025_05,equal_transaction,site_hedonics,dollars,event,2013
sale_year::2014:treated,54438.4525356827,31195.7215324912,1.74506149758337,0.0860101049833116,-7941.24799162107,116818.153062986,annulus_025_05,equal_transaction,site_hedonics,dollars,event,2014
sale_year::2015:treated,43298.6325344956,31135.1682010063,1.39066640831882,0.169379342613442,-18959.984123021,105557.249192012,annulus_025_05,equal_transaction,site_hedonics,dollars,event,2015
sale_year::2016:treated,67856.4123183183,43106.2995004304,1.57416463729717,0.120622134842617,-18339.960824598,154052.785461235,annulus_025_05,equal_transaction,site_hedonics,dollars,event,2016
sale_year::2017:treated,42193.635651683,35505.8714977206,1.18835656954348,0.239299055823541,-28804.7424009588,113192.013704325,annulus_025_05,equal_transaction,site_hedonics,dollars,event,2017
sale_year::2018:treated,46291.9115495556,35808.0845167489,1.2927782140344,0.200962994637289,-25310.7787836276,117894.601882739,annulus_025_05,equal_transaction,site_hedonics,dollars,event,2018
treated_post,0.126639689313824,0.0679436954946703,1.86389168843131,0.0672318658730511,-0.00926793680376514,0.262547315431413,annulus_025_05,equal_transaction,site_hedonics,log,did,
sale_year::2008:treated,-0.165704458347848,0.146499010529304,-1.1310960923842,0.262442050780444,-0.458647334980665,0.12723841828497,annulus_025_05,equal_transaction,site_hedonics,log,event,2008
sale_year::2009:treated,-0.118304295814323,0.0754281709889349,-1.56843649081294,0.121952564343205,-0.269132245496828,0.0325236538681821,annulus_025_05,equal_transaction,site_hedonics,log,event,2009
sale_year::2010:treated,-0.165973153222873,0.0724782833923251,-2.28997080855874,0.0254953836222638,-0.310902438094113,-0.0210438683516322,annulus_025_05,equal_transaction,site_hedonics,log,event,2010
sale_year::2011:treated,-0.162332463433668,0.095075670020612,-1.70740278136851,0.0928327753196034,-0.35244801556608,0.027783088698744,annulus_025_05,equal_transaction,site_hedonics,log,event,2011
sale_year::2013:treated,0.0306587519493085,0.0687598848881236,0.445881373989966,0.65726157053822,-0.106835135574521,0.168152639473137,annulus_025_05,equal_transaction,site_hedonics,log,event,2013
sale_year::2014:treated,0.10008968124975,0.107477012029864,0.931265945706967,0.355387186534614,-0.114823886849951,0.315003249349451,annulus_025_05,equal_transaction,site_hedonics,log,event,2014
sale_year::2015:treated,0.028758450910491,0.0772157954029669,0.372442591058073,0.710854240743761,-0.125644074711425,0.183160976532407,annulus_025_05,equal_transaction,site_hedonics,log,event,2015
sale_year::2016:treated,-0.0417247286247186,0.0766877594186864,-0.544085900292343,0.58836565575083,-0.195071381038742,0.111621923789304,annulus_025_05,equal_transaction,site_hedonics,log,event,2016
sale_year::2017:treated,-0.00770120899519822,0.0956832247911144,-0.0804865117371482,0.936113809838627,-0.199031641975883,0.183629223985487,annulus_025_05,equal_transaction,site_hedonics,log,event,2017
sale_year::2018:treated,-0.0294809787397028,0.109174657043732,-0.270035002059989,0.788044800503817,-0.247789197848083,0.188827240368678,annulus_025_05,equal_transaction,site_hedonics,log,event,2018
treated_post,73730.7970853804,32147.0408126516,2.29354849533657,0.0253345865174808,9427.14136362984,138034.452807131,annulus_025_05,equal_transaction,group_hedonics,dollars,did,
sale_year::2008:treated,-29860.3876139477,35465.1986034386,-0.841963073373357,0.40309753330059,-100777.435187913,41056.6599600178,annulus_025_05,equal_transaction,group_hedonics,dollars,event,2008
sale_year::2009:treated,-8876.92489986838,26468.386981533,-0.335378385772499,0.738490371333994,-61803.7357649148,44049.885965178,annulus_025_05,equal_transaction,group_hedonics,dollars,event,2009
sale_year::2010:treated,-18988.0059104688,32998.5727286649,-0.575419005743071,0.567124602731541,-84972.7302098778,46996.7183889403,annulus_025_05,equal_transaction,group_hedonics,dollars,event,2010
sale_year::2011:treated,-55682.3723603577,38710.1739893068,-1.43844283354912,0.155419595605624,-133088.149248633,21723.4045279177,annulus_025_05,equal_transaction,group_hedonics,dollars,event,2011
sale_year::2013:treated,44468.4534125194,30657.3681768509,1.45049807132816,0.15204256151491,-16834.7430477849,105771.649872824,annulus_025_05,equal_transaction,group_hedonics,dollars,event,2013
sale_year::2014:treated,71509.1800599119,39376.370891854,1.81604293235427,0.0742786945542293,-7228.73986694752,150247.099986771,annulus_025_05,equal_transaction,group_hedonics,dollars,event,2014
sale_year::2015:treated,29041.0443690864,34195.1128701145,0.849274704236096,0.399049250448445,-39336.3098175585,97418.3985557313,annulus_025_05,equal_transaction,group_hedonics,dollars,event,2015
sale_year::2016:treated,76259.4293593812,48871.3286140079,1.56041244472169,0.123835981038397,-21464.8319672269,173983.690685989,annulus_025_05,equal_transaction,group_hedonics,dollars,event,2016
sale_year::2017:treated,52887.423641117,37391.2325431947,1.41443381359576,0.162318728107284,-21880.9668242855,127655.814106519,annulus_025_05,equal_transaction,group_hedonics,dollars,event,2017
sale_year::2018:treated,37531.4040446595,38836.7401385837,0.966389143649382,0.337665380295225,-40127.4575007721,115190.265590091,annulus_025_05,equal_transaction,group_hedonics,dollars,event,2018
treated_post,0.153971139468326,0.0765240146571898,2.01206301261221,0.0487095623478187,0.000900319617761852,0.30704195931889,annulus_025_05,equal_transaction,group_hedonics,log,did,
sale_year::2008:treated,-0.25481729583608,0.171753475054985,-1.48362235904981,0.143057983533996,-0.598259595360867,0.0886250036887075,annulus_025_05,equal_transaction,group_hedonics,log,event,2008
sale_year::2009:treated,-0.248504990268524,0.123901758396176,-2.0056615296284,0.049333544081832,-0.496261868579863,-0.000748111957184911,annulus_025_05,equal_transaction,group_hedonics,log,event,2009
sale_year::2010:treated,-0.227580274779715,0.112443110468024,-2.0239592611095,0.0473603246282479,-0.452424170441767,-0.00273637911766347,annulus_025_05,equal_transaction,group_hedonics,log,event,2010
sale_year::2011:treated,-0.36190705098859,0.150248956175633,-2.40871590858535,0.019044430972995,-0.662348407378257,-0.0614656945989233,annulus_025_05,equal_transaction,group_hedonics,log,event,2011
sale_year::2013:treated,0.0455775740478885,0.123144576779152,0.370114342344344,0.712579283643693,-0.200665226043925,0.291820374139702,annulus_025_05,equal_transaction,group_hedonics,log,event,2013
sale_year::2014:treated,0.0676464726360511,0.146244295883637,0.462558024757941,0.645327004704921,-0.224787070583848,0.36008001585595,annulus_025_05,equal_transaction,group_hedonics,log,event,2014
sale_year::2015:treated,-0.0453759680102031,0.0915557439192763,-0.495610281428225,0.621950252421771,-0.228452992892945,0.137701056872539,annulus_025_05,equal_transaction,group_hedonics,log,event,2015
sale_year::2016:treated,-0.104148066852692,0.107939377553243,-0.96487555527471,0.33841687813533,-0.319986191957829,0.111690058252446,annulus_025_05,equal_transaction,group_hedonics,log,event,2016
sale_year::2017:treated,-0.0254650324086387,0.123032943775235,-0.206977347913906,0.836716917974143,-0.271484608512954,0.220554543695677,annulus_025_05,equal_transaction,group_hedonics,log,event,2017
sale_year::2018:treated,-0.15343097798682,0.152739408567223,-1.00452777332375,0.319092520874156,-0.458852301716018,0.151990345742378,annulus_025_05,equal_transaction,group_hedonics,log,event,2018
treated_post,12482.0629490302,33193.2343053791,0.376042383643449,0.708211766913497,-53914.2913376285,78878.417235689,annulus_025_05,equal_site_year,site_unadjusted,dollars,did,
sale_year::2008:treated,-32289.347325893,54042.5359330803,-0.597480239748117,0.552398383490741,-140354.076770617,75775.3821188309,annulus_025_05,equal_site_year,site_unadjusted,dollars,event,2008
sale_year::2009:treated,-42017.0805684099,32070.1283032165,-1.31016253415474,0.195053110459028,-106145.265497335,22111.1043605155,annulus_025_05,equal_site_year,site_unadjusted,dollars,event,2009
sale_year::2010:treated,-66160.952325107,46352.6067491243,-1.4273404877355,0.158581041454728,-158848.718006651,26526.8133564375,annulus_025_05,equal_site_year,site_unadjusted,dollars,event,2010
sale_year::2011:treated,3282.49030383188,42573.2824394281,0.0771021193515465,0.938794647686105,-81848.0493526994,88413.0299603631,annulus_025_05,equal_site_year,site_unadjusted,dollars,event,2011
sale_year::2013:treated,4585.70738945658,41543.3121880239,0.110383769322527,0.91246739529719,-78485.2794605238,87656.6942394369,annulus_025_05,equal_site_year,site_unadjusted,dollars,event,2013
sale_year::2014:treated,-24957.2899371955,43900.6376987629,-0.568494929582739,0.571785971608629,-112742.04047596,62827.4606015687,annulus_025_05,equal_site_year,site_unadjusted,dollars,event,2014
sale_year::2015:treated,3317.79354963871,36646.7857845345,0.0905343668922493,0.92815921528811,-69961.9836193738,76597.5707186512,annulus_025_05,equal_site_year,site_unadjusted,dollars,event,2015
sale_year::2016:treated,-11357.5124664981,46106.9146155843,-0.246329917349517,0.806253891140142,-103553.986363168,80838.9614301721,annulus_025_05,equal_site_year,site_unadjusted,dollars,event,2016
sale_year::2017:treated,-36364.2328434914,48314.4832419442,-0.752656975784889,0.454550907127065,-132975.013030926,60246.5473439429,annulus_025_05,equal_site_year,site_unadjusted,dollars,event,2017
sale_year::2018:treated,2206.22957596311,51631.9754558904,0.04272990828809,0.966056400179322,-101038.286285515,105450.745437441,annulus_025_05,equal_site_year,site_unadjusted,dollars,event,2018
treated_post,0.109258607542602,0.0897455663726654,1.2174262413021,0.228208604187184,-0.0702592534080766,0.288776468493281,annulus_025_05,equal_site_year,site_unadjusted,log,did,
sale_year::2008:treated,-0.170291291507088,0.153936424208855,-1.10624429781507,0.272964535157289,-0.4781061959449,0.137523612930725,annulus_025_05,equal_site_year,site_unadjusted,log,event,2008
sale_year::2009:treated,-0.257875290247969,0.151936277795066,-1.69725949582492,0.0947447250881135,-0.561690654743326,0.0459400742473877,annulus_025_05,equal_site_year,site_unadjusted,log,event,2009
sale_year::2010:treated,-0.445022649882246,0.146324952730189,-3.04133123967469,0.0034692217161678,-0.737617476434801,-0.152427823329691,annulus_025_05,equal_site_year,site_unadjusted,log,event,2010
sale_year::2011:treated,-0.217363095213824,0.152443382432252,-1.42586114100705,0.159006032833686,-0.522192478101759,0.08746628767411,annulus_025_05,equal_site_year,site_unadjusted,log,event,2011
sale_year::2013:treated,-0.04446810774435,0.127426855525365,-0.348969670176775,0.728313799957228,-0.299273853414612,0.210337637925912,annulus_025_05,equal_site_year,site_unadjusted,log,event,2013
sale_year::2014:treated,0.0627387554499329,0.158065376099715,0.396916497452007,0.69281434844374,-0.253332498570152,0.378810009470017,annulus_025_05,equal_site_year,site_unadjusted,log,event,2014
sale_year::2015:treated,-0.00996806376054823,0.156183730441219,-0.0638226768715823,0.949320108216488,-0.322276734743302,0.302340607222205,annulus_025_05,equal_site_year,site_unadjusted,log,event,2015
sale_year::2016:treated,-0.288597499243763,0.143731862978802,-2.00788811376032,0.0490897129447555,-0.576007122371436,-0.00118787611609067,annulus_025_05,equal_site_year,site_unadjusted,log,event,2016
sale_year::2017:treated,-0.145258764297783,0.170873315770159,-0.850096246117036,0.398595953615355,-0.48694107655808,0.196423547962514,annulus_025_05,equal_site_year,site_unadjusted,log,event,2017
sale_year::2018:treated,-0.149350436881682,0.14301481965222,-1.04430042456347,0.300467293160648,-0.435326243262058,0.136625369498695,annulus_025_05,equal_site_year,site_unadjusted,log,event,2018
treated_post,24579.1274894865,27438.339740392,0.895794997876768,0.373942172299571,-30305.723732907,79463.97871188,annulus_025_05,equal_site_year,site_hedonics,dollars,did,
sale_year::2008:treated,-21195.5737045084,35863.1088520128,-0.591013283091847,0.556695195344147,-92908.291996234,50517.1445872172,annulus_025_05,equal_site_year,site_hedonics,dollars,event,2008
sale_year::2009:treated,-21060.6351490109,26702.9091849757,-0.788701897726583,0.433340885078348,-74456.4021432663,32335.1318452444,annulus_025_05,equal_site_year,site_hedonics,dollars,event,2009
sale_year::2010:treated,-36923.3752441837,28181.158271597,-1.31021496307332,0.195035486661108,-93275.0839765442,19428.3334881768,annulus_025_05,equal_site_year,site_hedonics,dollars,event,2010
sale_year::2011:treated,7171.89671353146,26204.969357898,0.273684605983708,0.785251589991105,-45228.1780585911,59571.971485654,annulus_025_05,equal_site_year,site_hedonics,dollars,event,2011
sale_year::2013:treated,25072.3442906317,28471.6306247678,0.880607950456515,0.381986468970997,-31860.1998099182,82004.8883911816,annulus_025_05,equal_site_year,site_hedonics,dollars,event,2013
sale_year::2014:treated,10262.9633847125,35082.887230569,0.292534742573011,0.770870544114024,-59889.6053512511,80415.5321206761,annulus_025_05,equal_site_year,site_hedonics,dollars,event,2014
sale_year::2015:treated,20384.4245994703,31540.8476371735,0.646286518167178,0.520518010497703,-42685.3982265537,83454.2474254944,annulus_025_05,equal_site_year,site_hedonics,dollars,event,2015
sale_year::2016:treated,2649.87133969227,32335.607666968,0.0819490193901384,0.93495555912266,-62009.1723863201,67308.9150657046,annulus_025_05,equal_site_year,site_hedonics,dollars,event,2016
sale_year::2017:treated,7414.03146010521,33220.4100099591,0.223177000460939,0.824143431537529,-59014.2838990109,73842.3468192213,annulus_025_05,equal_site_year,site_hedonics,dollars,event,2017
sale_year::2018:treated,11387.6266638816,34118.3789319788,0.333768104474861,0.73969923914155,-56836.2885302977,79611.5418580609,annulus_025_05,equal_site_year,site_hedonics,dollars,event,2018
treated_post,0.13706468851188,0.0792041402426317,1.73052428941214,0.0886772245324474,-0.0213671807099684,0.295496557733728,annulus_025_05,equal_site_year,site_hedonics,log,did,
sale_year::2008:treated,-0.135994964299241,0.150354223891828,-0.904497132033232,0.369290329903857,-0.43664681649695,0.164656887898468,annulus_025_05,equal_site_year,site_hedonics,log,event,2008
sale_year::2009:treated,-0.221376536293946,0.142635911535384,-1.55203927195451,0.125826073411974,-0.506594669067351,0.0638415964794602,annulus_025_05,equal_site_year,site_hedonics,log,event,2009
sale_year::2010:treated,-0.378729221995135,0.137472280402663,-2.75494973158094,0.00772733115529759,-0.653622036171337,-0.103836407818934,annulus_025_05,equal_site_year,site_hedonics,log,event,2010
sale_year::2011:treated,-0.121751627378243,0.137402606541624,-0.886094015555381,0.379046832466793,-0.396505120058654,0.153001865302167,annulus_025_05,equal_site_year,site_hedonics,log,event,2011
sale_year::2013:treated,-0.0344474499842642,0.114286344431074,-0.301413525436885,0.764124309060866,-0.262977119751496,0.194082219782967,annulus_025_05,equal_site_year,site_hedonics,log,event,2013
sale_year::2014:treated,0.16373969793046,0.151373239004111,1.08169514643214,0.28364576861989,-0.138949800919237,0.466429196780156,annulus_025_05,equal_site_year,site_hedonics,log,event,2014
sale_year::2015:treated,0.0161680240492759,0.145257387358481,0.111306036431557,0.911739103385742,-0.274292073607489,0.306628121706041,annulus_025_05,equal_site_year,site_hedonics,log,event,2015
sale_year::2016:treated,-0.230971992986289,0.125072339903349,-1.84670721891647,0.0696417915106582,-0.481069593687531,0.0191256077149518,annulus_025_05,equal_site_year,site_hedonics,log,event,2016
sale_year::2017:treated,-0.0508633222263435,0.160553883781608,-0.316799077221513,0.752477738060046,-0.371910654898584,0.270184010445897,annulus_025_05,equal_site_year,site_hedonics,log,event,2017
sale_year::2018:treated,-0.0732259928589245,0.120680156308013,-0.606777411458011,0.54625047166255,-0.314540879653304,0.168088893935455,annulus_025_05,equal_site_year,site_hedonics,log,event,2018
treated_post,16574.3653371008,29578.7312590034,0.560347406113159,0.577328881510273,-42591.9063782289,75740.6370524305,annulus_025_05,equal_site_year,group_hedonics,dollars,did,
sale_year::2008:treated,-27954.3621960988,39467.8687798433,-0.708281522674349,0.48146830773979,-106875.243457759,50966.5190655613,annulus_025_05,equal_site_year,group_hedonics,dollars,event,2008
sale_year::2009:treated,-21394.2322791247,31171.3027578716,-0.686343860739732,0.495096995048885,-83725.1044487826,40936.6398905332,annulus_025_05,equal_site_year,group_hedonics,dollars,event,2009
sale_year::2010:treated,-16119.0170428439,33790.8982598798,-0.477022449029776,0.635050730567666,-83688.0941614639,51450.0600757762,annulus_025_05,equal_site_year,group_hedonics,dollars,event,2010
sale_year::2011:treated,-9568.00499228109,34133.9805093405,-0.280307331565473,0.780190165420004,-77823.1174685159,58687.1074839537,annulus_025_05,equal_site_year,group_hedonics,dollars,event,2011
sale_year::2013:treated,30295.845434349,30441.866261949,0.995203289235178,0.323568891264819,-30576.4283143059,91168.119183004,annulus_025_05,equal_site_year,group_hedonics,dollars,event,2013
sale_year::2014:treated,-5634.30399851827,44963.0231634813,-0.125309723459485,0.90069042680407,-95543.4255688892,84274.8175718526,annulus_025_05,equal_site_year,group_hedonics,dollars,event,2014
sale_year::2015:treated,11539.7053727806,35384.7873878404,0.326120523102141,0.745449372678574,-59216.5500379766,82295.9607835377,annulus_025_05,equal_site_year,group_hedonics,dollars,event,2015
sale_year::2016:treated,-9096.7792402152,40038.7281119518,-0.227199505807972,0.821028351243684,-89159.164286074,70965.6058056436,annulus_025_05,equal_site_year,group_hedonics,dollars,event,2016
sale_year::2017:treated,9819.86486603855,38260.3165289935,0.256659268843139,0.798305502616823,-66686.3664347086,86326.0961667857,annulus_025_05,equal_site_year,group_hedonics,dollars,event,2017
sale_year::2018:treated,2446.41418800526,42329.498482425,0.0577945469640044,0.954101189223255,-82196.6493184593,87089.4776944698,annulus_025_05,equal_site_year,group_hedonics,dollars,event,2018
treated_post,0.14356531125931,0.0752661218934157,1.90743601035553,0.0612540839212291,-0.00698934843554905,0.294119970954169,annulus_025_05,equal_site_year,group_hedonics,log,did,
sale_year::2008:treated,-0.132833886301516,0.174935546712761,-0.759330443684066,0.450579368120357,-0.482639131362337,0.216971358759306,annulus_025_05,equal_site_year,group_hedonics,log,event,2008
sale_year::2009:treated,-0.216040320331268,0.131342849575171,-1.64485787410621,0.105143251979825,-0.478676580062222,0.0465959393996863,annulus_025_05,equal_site_year,group_hedonics,log,event,2009
sale_year::2010:treated,-0.321323621074757,0.153289030469529,-2.09619449017671,0.0402206715542605,-0.627843981722634,-0.0148032604268791,annulus_025_05,equal_site_year,group_hedonics,log,event,2010
sale_year::2011:treated,-0.120198865091913,0.1661647824612,-0.723371482883141,0.472216495834456,-0.452465883096883,0.212068152913057,annulus_025_05,equal_site_year,group_hedonics,log,event,2011
sale_year::2013:treated,0.0608838895906203,0.145679444399421,0.417930544982655,0.677465457747151,-0.230420163279421,0.352187942460661,annulus_025_05,equal_site_year,group_hedonics,log,event,2013
sale_year::2014:treated,0.166337812395304,0.173464679440429,0.958914592480064,0.341387192387022,-0.180526251777365,0.513201876567974,annulus_025_05,equal_site_year,group_hedonics,log,event,2014
sale_year::2015:treated,0.067238645655415,0.164865396711943,0.407839649777424,0.684819329476835,-0.262430089959334,0.396907381270164,annulus_025_05,equal_site_year,group_hedonics,log,event,2015
sale_year::2016:treated,-0.222335001103511,0.124968571615108,-1.77912732961599,0.0802010882770786,-0.47222510428821,0.0275551020811871,annulus_025_05,equal_site_year,group_hedonics,log,event,2016
sale_year::2017:treated,-0.0177062265369159,0.14526289064573,-0.121890914177787,0.903386077286054,-0.308177328696658,0.272764875622826,annulus_025_05,equal_site_year,group_hedonics,log,event,2017
sale_year::2018:treated,-0.067418672387511,0.132146086650364,-0.510182889985153,0.611764522234801,-0.331661103918363,0.196823759143341,annulus_025_05,equal_site_year,group_hedonics,log,event,2018
treated_post,54710.4409622024,29629.0705970443,1.84651222126624,0.0688164357231343,-4326.77092419473,113747.6528486,within_0125,equal_transaction,site_unadjusted,dollars,did,
sale_year::2008:treated,-7498.6868735416,29559.8812931694,-0.253677841232548,0.800438585190406,-66384.9900697149,51387.6163226317,within_0125,equal_transaction,site_unadjusted,dollars,event,2008
sale_year::2009:treated,28286.9319168763,19974.7919099864,1.41613149435285,0.160876835624357,-11504.8940727541,68078.7579065067,within_0125,equal_transaction,site_unadjusted,dollars,event,2009
sale_year::2010:treated,-19492.5833878697,21149.0461021421,-0.921676717414475,0.35965261291863,-61623.6436830397,22638.4769073003,within_0125,equal_transaction,site_unadjusted,dollars,event,2010
sale_year::2011:treated,30330.1981224286,21142.1033479405,1.43458754426073,0.155561434005443,-11787.0314971417,72447.4277419989,within_0125,equal_transaction,site_unadjusted,dollars,event,2011
sale_year::2013:treated,22607.4408947283,21493.5260598075,1.05182559770887,0.296256749504525,-20209.8586661176,65424.7404555741,within_0125,equal_transaction,site_unadjusted,dollars,event,2013
sale_year::2014:treated,38566.4015025575,25157.7242546483,1.53298450655495,0.129487339190976,-11550.3551749219,88683.1581800368,within_0125,equal_transaction,site_unadjusted,dollars,event,2014
sale_year::2015:treated,66930.2170648669,32402.0867733284,2.0656144011058,0.0423198867181098,2381.95020955187,131478.483920182,within_0125,equal_transaction,site_unadjusted,dollars,event,2015
sale_year::2016:treated,79345.4225465677,30113.3393925862,2.63489284639426,0.0102203478470263,19356.5742783962,139334.270814739,within_0125,equal_transaction,site_unadjusted,dollars,event,2016
sale_year::2017:treated,80650.8171025427,39934.5085957034,2.01957705099244,0.0470002842595928,1097.19651002099,160204.437695064,within_0125,equal_transaction,site_unadjusted,dollars,event,2017
sale_year::2018:treated,38384.4948397014,35240.931296844,1.08920205644903,0.279552250928598,-31819.0403057865,108588.029985189,within_0125,equal_transaction,site_unadjusted,dollars,event,2018
treated_post,0.0992808860651679,0.094733429279144,1.04800266200249,0.298048285178785,-0.0894795922211734,0.288041364351509,within_0125,equal_transaction,site_unadjusted,log,did,
sale_year::2008:treated,0.0637066244290628,0.178329662857348,0.357240760781473,0.721914842540577,-0.291544281071555,0.41895752992968,within_0125,equal_transaction,site_unadjusted,log,event,2008
sale_year::2009:treated,0.274852791437723,0.141141411884498,1.94735753148513,0.0552354307879847,-0.00631531919630374,0.55602090207175,within_0125,equal_transaction,site_unadjusted,log,event,2009
sale_year::2010:treated,-0.0983174108073531,0.149133565581095,-0.659257427556715,0.511749650138687,-0.395406708035486,0.19877188642078,within_0125,equal_transaction,site_unadjusted,log,event,2010
sale_year::2011:treated,0.241437244187688,0.151451123827118,1.5941594759197,0.11510616046412,-0.060268865814374,0.54314335418975,within_0125,equal_transaction,site_unadjusted,log,event,2011
sale_year::2013:treated,0.171036288194007,0.117897554686955,1.45071955604293,0.151027639496585,-0.0638276844494734,0.405900260837488,within_0125,equal_transaction,site_unadjusted,log,event,2013
sale_year::2014:treated,0.222807678527704,0.136033730285152,1.63788553074783,0.105634660711317,-0.0481854085903073,0.493800765645715,within_0125,equal_transaction,site_unadjusted,log,event,2014
sale_year::2015:treated,0.249493663248387,0.119261382166547,2.09199037203822,0.0398239705488256,0.0119128069451242,0.48707451955165,within_0125,equal_transaction,site_unadjusted,log,event,2015
sale_year::2016:treated,0.230129268468909,0.140109467127725,1.64249620804796,0.104673793904731,-0.0489831027923387,0.509241639730157,within_0125,equal_transaction,site_unadjusted,log,event,2016
sale_year::2017:treated,0.143523649250992,0.120825643255722,1.18785752248992,0.238637750277486,-0.0971733749374375,0.384220673439422,within_0125,equal_transaction,site_unadjusted,log,event,2017
sale_year::2018:treated,0.169299140995669,0.134915379500497,1.25485427697326,0.213427906133282,-0.0994660771153,0.438064359106638,within_0125,equal_transaction,site_unadjusted,log,event,2018
treated_post,46792.6459838239,28800.7758522306,1.62470088388955,0.108478384751016,-10594.1525967023,104179.44456435,within_0125,equal_transaction,site_hedonics,dollars,did,
sale_year::2008:treated,-16259.2739459064,29163.8167383812,-0.557515296840701,0.578835643340871,-74356.5760893621,41838.0281975494,within_0125,equal_transaction,site_hedonics,dollars,event,2008
sale_year::2009:treated,13242.300115247,22318.6010375486,0.593330204387288,0.554745317253361,-31218.6330859701,57703.2333164642,within_0125,equal_transaction,site_hedonics,dollars,event,2009
sale_year::2010:treated,-20288.8471896988,19878.9358829475,-1.02062038477135,0.310715284382692,-59889.7181813908,19312.0238019933,within_0125,equal_transaction,site_hedonics,dollars,event,2010
sale_year::2011:treated,19062.2993811761,21701.2666533184,0.878395703149487,0.382534464949056,-24168.8406634765,62293.4394258288,within_0125,equal_transaction,site_hedonics,dollars,event,2011
sale_year::2013:treated,8581.44618412078,19580.8128296401,0.438257913947821,0.6624590743848,-30425.5332309199,47588.4255991615,within_0125,equal_transaction,site_hedonics,dollars,event,2013
sale_year::2014:treated,19019.8882798385,24931.6347564376,0.762881714963652,0.447926823091739,-30646.475021258,68686.2515809349,within_0125,equal_transaction,site_hedonics,dollars,event,2014
sale_year::2015:treated,32250.0161708655,30672.7167707398,1.05142353094821,0.296440073434581,-28853.1689772259,93353.201318957,within_0125,equal_transaction,site_hedonics,dollars,event,2015
sale_year::2016:treated,65420.6339549965,29722.9398790435,2.20101491377447,0.0308120004163774,6209.50139867486,124631.766511318,within_0125,equal_transaction,site_hedonics,dollars,event,2016
sale_year::2017:treated,71851.4772996754,36975.9359662877,1.94319563310541,0.0557452856810218,-1808.36438501535,145511.318984366,within_0125,equal_transaction,site_hedonics,dollars,event,2017
sale_year::2018:treated,30027.1926526665,33054.6730587206,0.908409912248234,0.366571506721298,-35821.0927474508,95875.4780527837,within_0125,equal_transaction,site_hedonics,dollars,event,2018
treated_post,0.0650785242689196,0.0893612762239559,0.728263147292355,0.468750831632409,-0.11297770539219,0.243134753930029,within_0125,equal_transaction,site_hedonics,log,did,
sale_year::2008:treated,-0.00600612520817423,0.17179928109421,-0.0349601300419916,0.972204412543032,-0.348247843131986,0.336235592715637,within_0125,equal_transaction,site_hedonics,log,event,2008
sale_year::2009:treated,0.212696818174491,0.131927474396108,1.61222534690443,0.111113371096974,-0.050116187742072,0.475509824091055,within_0125,equal_transaction,site_hedonics,log,event,2009
sale_year::2010:treated,-0.111620405291892,0.138842745075155,-0.803934013487508,0.423975914376972,-0.388209336823693,0.164968526239908,within_0125,equal_transaction,site_hedonics,log,event,2010
sale_year::2011:treated,0.203842796287923,0.143889192507714,1.4166650930159,0.160721216748598,-0.0827991740443362,0.490484766620183,within_0125,equal_transaction,site_hedonics,log,event,2011
sale_year::2013:treated,0.0986905166655005,0.113174935526499,0.87201743218482,0.385981935299916,-0.126765516175904,0.324146549506905,within_0125,equal_transaction,site_hedonics,log,event,2013
sale_year::2014:treated,0.119071405688307,0.131994794161176,0.902091680546973,0.369896154622588,-0.143875708077254,0.382018519453869,within_0125,equal_transaction,site_hedonics,log,event,2014
sale_year::2015:treated,0.0962071545332397,0.105633439489679,0.910764195486033,0.365337560943811,-0.114225447808815,0.306639756875294,within_0125,equal_transaction,site_hedonics,log,event,2015
sale_year::2016:treated,0.152232240022535,0.127458258851175,1.19436936762401,0.236097203007012,-0.101677631980266,0.406142112025336,within_0125,equal_transaction,site_hedonics,log,event,2016
sale_year::2017:treated,0.104846875303258,0.113661788115201,0.922446118804598,0.359253938585218,-0.121579017628781,0.331272768235296,within_0125,equal_transaction,site_hedonics,log,event,2017
sale_year::2018:treated,0.137991401744311,0.130608389343291,1.05652785734625,0.294118480756094,-0.122193851997222,0.398176655485844,within_0125,equal_transaction,site_hedonics,log,event,2018
treated_post,40220.1643322399,33686.5224365094,1.19395418176645,0.236309261329591,-26901.6968238935,107342.025488373,within_0125,equal_transaction,group_hedonics,dollars,did,
sale_year::2008:treated,-11109.4168279685,38509.5857208194,-0.288484454455257,0.773771729057232,-87824.4454921469,65605.6118362098,within_0125,equal_transaction,group_hedonics,dollars,event,2008
sale_year::2009:treated,-12983.988815571,37866.46507741,-0.342888854003877,0.732641281892578,-88417.8554607301,62449.8778295882,within_0125,equal_transaction,group_hedonics,dollars,event,2009
sale_year::2010:treated,-29958.1131398412,39513.4632513908,-0.758174826368498,0.450722205025055,-108672.968395025,48756.7421153428,within_0125,equal_transaction,group_hedonics,dollars,event,2010
sale_year::2011:treated,-13938.9506354865,37442.4738373641,-0.372276433871117,0.710736914786833,-88528.1834180721,60650.2821470991,within_0125,equal_transaction,group_hedonics,dollars,event,2011
sale_year::2013:treated,-7783.35480077169,33347.8330805151,-0.233399117177405,0.816087355937163,-74215.644911773,58648.9353102296,within_0125,equal_transaction,group_hedonics,dollars,event,2013
sale_year::2014:treated,-6420.0985279372,37506.330051516,-0.171173733050368,0.86454814292751,-81136.5394122813,68296.3423564069,within_0125,equal_transaction,group_hedonics,dollars,event,2014
sale_year::2015:treated,49418.2852458435,48321.1459296836,1.02270515930554,0.309734765702437,-46842.3736445359,145678.944136223,within_0125,equal_transaction,group_hedonics,dollars,event,2015
sale_year::2016:treated,78952.0082939284,37913.97588611,2.08239854693933,0.0407164876827009,3423.49526441966,154480.521323437,within_0125,equal_transaction,group_hedonics,dollars,event,2016
sale_year::2017:treated,35486.8678065289,34978.8013535805,1.01452498179719,0.313594070791448,-34194.4777143554,105168.213327413,within_0125,equal_transaction,group_hedonics,dollars,event,2017
sale_year::2018:treated,-19687.6777097797,41663.9882081271,-0.472534640981378,0.637917398079438,-102686.598363514,63311.2429439543,within_0125,equal_transaction,group_hedonics,dollars,event,2018
treated_post,0.0336655440030239,0.0989989119824285,0.340059737313066,0.734774929304306,-0.163594094097554,0.230925182103601,within_0125,equal_transaction,group_hedonics,log,did,
sale_year::2008:treated,0.0774265555078473,0.208384119670668,0.371556890372514,0.711270422631298,-0.337695898147952,0.492549009163646,within_0125,equal_transaction,group_hedonics,log,event,2008
sale_year::2009:treated,0.12609074892409,0.218287643929656,0.577635759194521,0.565240232166283,-0.308760536740253,0.560942034588433,within_0125,equal_transaction,group_hedonics,log,event,2009
sale_year::2010:treated,-0.0913640999564214,0.190277209820323,-0.480163126433774,0.632508910045403,-0.470415739497022,0.28768753958418,within_0125,equal_transaction,group_hedonics,log,event,2010
sale_year::2011:treated,0.140784961584386,0.227479025117307,0.618892056143575,0.537862787108659,-0.312376494342132,0.593946417510904,within_0125,equal_transaction,group_hedonics,log,event,2011
sale_year::2013:treated,0.0573981182517613,0.188860145600883,0.303918638149631,0.762031463290187,-0.318830584604934,0.433626821108457,within_0125,equal_transaction,group_hedonics,log,event,2013
sale_year::2014:treated,0.0292392928488114,0.208338758832429,0.140344950755559,0.88876368871806,-0.385792797383423,0.444271383081046,within_0125,equal_transaction,group_hedonics,log,event,2014
sale_year::2015:treated,0.220383093536074,0.191754023129421,1.14930101564195,0.254083833754151,-0.161610508978641,0.602376696050788,within_0125,equal_transaction,group_hedonics,log,event,2015
sale_year::2016:treated,0.242952072435377,0.174718448904006,1.39053473722663,0.168479070250817,-0.105104925970225,0.591009070840978,within_0125,equal_transaction,group_hedonics,log,event,2016
sale_year::2017:treated,0.00203072632633639,0.160934984434229,0.0126183025615932,0.989965823997187,-0.318568202819408,0.32262965547208,within_0125,equal_transaction,group_hedonics,log,event,2017
sale_year::2018:treated,-0.0301579378163108,0.204549693186775,-0.147435751901977,0.883183721683982,-0.437641822214183,0.377325946581561,within_0125,equal_transaction,group_hedonics,log,event,2018
treated_post,35704.2431704183,24435.4952466624,1.46116306667839,0.148204048422654,-12984.5439348434,84393.0302756801,within_0125,equal_site_year,site_unadjusted,dollars,did,
sale_year::2008:treated,16198.8524752633,31232.2852499082,0.518657291506101,0.605526707411694,-46019.0502454912,78416.7551960179,within_0125,equal_site_year,site_unadjusted,dollars,event,2008
sale_year::2009:treated,25097.850398417,23597.2590867901,1.0635917631835,0.290926179208544,-21910.3002569264,72106.0010537604,within_0125,equal_site_year,site_unadjusted,dollars,event,2009
sale_year::2010:treated,-3925.75687557732,29183.543980423,-0.13451953875824,0.893352106298429,-62062.3577003971,54210.8439492425,within_0125,equal_site_year,site_unadjusted,dollars,event,2010
sale_year::2011:treated,35696.536425962,24541.7310924852,1.45452398168002,0.149973544879252,-13193.0989463216,84586.1717982455,within_0125,equal_site_year,site_unadjusted,dollars,event,2011
sale_year::2013:treated,36090.8246126638,19325.0326157906,1.86756862615454,0.0657292276505224,-2406.61448741632,74588.2637127439,within_0125,equal_site_year,site_unadjusted,dollars,event,2013
sale_year::2014:treated,36344.9154651078,27517.5055938346,1.32079251664624,0.190586558807657,-18472.7667011388,91162.5976313544,within_0125,equal_site_year,site_unadjusted,dollars,event,2014
sale_year::2015:treated,63238.56205688,26254.3276581859,2.40869097393026,0.0184656136949739,10937.2593771273,115539.864736633,within_0125,equal_site_year,site_unadjusted,dollars,event,2015
sale_year::2016:treated,76226.0423957672,33363.1438594728,2.2847379946217,0.025157080726231,9763.25164902478,142688.83314251,within_0125,equal_site_year,site_unadjusted,dollars,event,2016
sale_year::2017:treated,58544.9471183204,31103.3923191846,1.88226887014539,0.0636785991753095,-3416.18771750392,120506.081954145,within_0125,equal_site_year,site_unadjusted,dollars,event,2017
sale_year::2018:treated,18685.8153095516,34113.4985843138,0.547754293314957,0.58548715034727,-49271.7587008124,86643.3893199156,within_0125,equal_site_year,site_unadjusted,dollars,event,2018
treated_post,0.069943476094287,0.0978665506152101,0.714682142719932,0.477054055437395,-0.125059882729845,0.264946834918419,within_0125,equal_site_year,site_unadjusted,log,did,
sale_year::2008:treated,0.289544970375319,0.179686770648895,1.61138724531415,0.111296102925508,-0.068409432480052,0.647499373230691,within_0125,equal_site_year,site_unadjusted,log,event,2008
sale_year::2009:treated,0.372814628581833,0.161156188071728,2.31337457805778,0.0234448728983847,0.0517750391933538,0.693854217970311,within_0125,equal_site_year,site_unadjusted,log,event,2009
sale_year::2010:treated,0.0635772321724082,0.19077369939252,0.333259942931635,0.739867942714226,-0.316463465314408,0.443617929659224,within_0125,equal_site_year,site_unadjusted,log,event,2010
sale_year::2011:treated,0.272914940822811,0.195091044092711,1.39891065780096,0.165961712368716,-0.115726348340826,0.661556229986447,within_0125,equal_site_year,site_unadjusted,log,event,2011
sale_year::2013:treated,0.306758958176271,0.169446840174668,1.81035514064505,0.0742460950815859,-0.0307964571245594,0.6443143734771,within_0125,equal_site_year,site_unadjusted,log,event,2013
sale_year::2014:treated,0.247733885241518,0.190343522728586,1.30150940620536,0.197067915698158,-0.131449856386473,0.626917626869508,within_0125,equal_site_year,site_unadjusted,log,event,2014
sale_year::2015:treated,0.424878000764403,0.154604315834312,2.74816390778987,0.00750283423626047,0.116890410172827,0.732865591355979,within_0125,equal_site_year,site_unadjusted,log,event,2015
sale_year::2016:treated,0.368458814369195,0.191936216771137,1.9196940554921,0.0586999863450852,-0.0138977364916278,0.750815365230017,within_0125,equal_site_year,site_unadjusted,log,event,2016
sale_year::2017:treated,0.18695772391687,0.160384335064611,1.16568568770481,0.247435339443204,-0.132544255433559,0.5064597032673,within_0125,equal_site_year,site_unadjusted,log,event,2017
sale_year::2018:treated,0.143275400456466,0.165137692019729,0.867611740869853,0.388374486941164,-0.185695751522994,0.472246552435927,within_0125,equal_site_year,site_unadjusted,log,event,2018
treated_post,26111.8910479064,23190.3111347588,1.12598278204075,0.263811276192298,-20095.8125548792,72319.5946506921,within_0125,equal_site_year,site_hedonics,dollars,did,
sale_year::2008:treated,-2691.20855790547,28931.7878375838,-0.0930190893495166,0.926136430853314,-60326.2854282921,54943.8683124812,within_0125,equal_site_year,site_hedonics,dollars,event,2008
sale_year::2009:treated,1060.37620016857,23190.0087575152,0.045725562730757,0.963650521793209,-45136.4901970084,47257.2425973455,within_0125,equal_site_year,site_hedonics,dollars,event,2009
sale_year::2010:treated,-20087.1919902431,24572.6525671346,-0.817461278767653,0.416254219078764,-69038.4260987806,28864.0421182944,within_0125,equal_site_year,site_hedonics,dollars,event,2010
sale_year::2011:treated,19025.3355693293,22194.6939761156,0.857201977634972,0.394064107572449,-25188.7621079112,63239.4332465699,within_0125,equal_site_year,site_hedonics,dollars,event,2011
sale_year::2013:treated,4079.57428373396,16287.5249163599,0.250472328035322,0.802906975651967,-28366.8391855117,36525.9877529797,within_0125,equal_site_year,site_hedonics,dollars,event,2013
sale_year::2014:treated,10537.5754922787,22402.592307417,0.470373041997908,0.6394535397597,-34090.6768985608,55165.8278831182,within_0125,equal_site_year,site_hedonics,dollars,event,2014
sale_year::2015:treated,17403.0240784889,23920.5281291121,0.727535110619438,0.46916333493001,-30249.1115323865,65055.1596893643,within_0125,equal_site_year,site_hedonics,dollars,event,2015
sale_year::2016:treated,52190.5340496433,28847.994250868,1.80915642161406,0.0744339469355464,-5277.61743615512,109658.685535442,within_0125,equal_site_year,site_hedonics,dollars,event,2016
sale_year::2017:treated,43260.8497113966,26537.4587533127,1.63018057280999,0.107256296450163,-9604.47903282321,96126.1784556164,within_0125,equal_site_year,site_hedonics,dollars,event,2017
sale_year::2018:treated,3933.15370507762,32681.904308476,0.120346527789617,0.904530464851453,-61172.5382647326,69038.8456748879,within_0125,equal_site_year,site_hedonics,dollars,event,2018
treated_post,0.0405382147566097,0.0870382319129287,0.465751818087979,0.642761106022917,-0.132889248073546,0.213965677586765,within_0125,equal_site_year,site_hedonics,log,did,
sale_year::2008:treated,0.186586466372567,0.163746806439921,1.13948155954434,0.258128595664394,-0.139613899447388,0.512786832192521,within_0125,equal_site_year,site_hedonics,log,event,2008
sale_year::2009:treated,0.242623848632777,0.137044695070954,1.77039941974521,0.0807242928712379,-0.0303831836126511,0.515630880878205,within_0125,equal_site_year,site_hedonics,log,event,2009
sale_year::2010:treated,-0.0143493191172994,0.175398405906441,-0.0818098604895728,0.935015850544637,-0.363760861332081,0.335062223097482,within_0125,equal_site_year,site_hedonics,log,event,2010
sale_year::2011:treated,0.214858364176594,0.169280227104687,1.2692466677973,0.20827775556363,-0.122365140868642,0.55208186922183,within_0125,equal_site_year,site_hedonics,log,event,2011
sale_year::2013:treated,0.156062046089488,0.14425865111436,1.08182105464005,0.282798185864784,-0.131315923528886,0.443440015707862,within_0125,equal_site_year,site_hedonics,log,event,2013
sale_year::2014:treated,0.126300512098265,0.154725936539241,0.816285329552574,0.416922101364441,-0.181929359361571,0.4345303835581,within_0125,equal_site_year,site_hedonics,log,event,2014
sale_year::2015:treated,0.216195634404099,0.132532213514924,1.63126856988437,0.107026097017934,-0.0478220736136648,0.480213342421864,within_0125,equal_site_year,site_hedonics,log,event,2015
sale_year::2016:treated,0.247818541536925,0.165482719051438,1.49754936924801,0.138447380289444,-0.0818399395355915,0.577477022609442,within_0125,equal_site_year,site_hedonics,log,event,2016
sale_year::2017:treated,0.13664833140223,0.146361506519466,0.933635726030573,0.353487959118937,-0.154918740998212,0.428215403802672,within_0125,equal_site_year,site_hedonics,log,event,2017
sale_year::2018:treated,0.0991105361772723,0.143130860846127,0.692447006825602,0.490795104820901,-0.186020760018492,0.384241832373037,within_0125,equal_site_year,site_hedonics,log,event,2018
treated_post,7309.41169057883,26754.4541786365,0.273203543670699,0.785457785341109,-46000.0019501796,60618.8253313373,within_0125,equal_site_year,group_hedonics,dollars,did,
sale_year::2008:treated,9263.27986298781,42153.5731881319,0.219750762803563,0.826662279351971,-74710.9440839808,93237.5038099564,within_0125,equal_site_year,group_hedonics,dollars,event,2008
sale_year::2009:treated,25080.948327485,33234.8641098138,0.754657766754008,0.452817519109034,-41126.2960536468,91288.1927086168,within_0125,equal_site_year,group_hedonics,dollars,event,2009
sale_year::2010:treated,-3426.42337923753,28548.299131282,-0.120021979715177,0.904786673299929,-60297.5515717648,53444.7048132897,within_0125,equal_site_year,group_hedonics,dollars,event,2010
sale_year::2011:treated,4016.86059857579,25418.4209404503,0.158029509700324,0.874858260550732,-46619.2305082309,54652.9517053824,within_0125,equal_site_year,group_hedonics,dollars,event,2011
sale_year::2013:treated,4281.2277291012,23108.6131333178,0.185265455109834,0.853520938026311,-41753.4902697857,50315.9457279881,within_0125,equal_site_year,group_hedonics,dollars,event,2013
sale_year::2014:treated,-4478.28123731702,30449.036919547,-0.147074643088043,0.883467748803439,-65135.8732720403,56179.3107974062,within_0125,equal_site_year,group_hedonics,dollars,event,2014
sale_year::2015:treated,17599.8053266931,28044.7108344269,0.627562374616752,0.53219674187871,-38268.1235349387,73467.734188325,within_0125,equal_site_year,group_hedonics,dollars,event,2015
sale_year::2016:treated,49385.5270738988,32686.1161375583,1.51090227012783,0.135015392801129,-15728.5552896985,114499.609437496,within_0125,equal_site_year,group_hedonics,dollars,event,2016
sale_year::2017:treated,28488.3711257641,31922.2063614779,0.892431143485822,0.375016344612632,-35103.9249274401,92080.6671789683,within_0125,equal_site_year,group_hedonics,dollars,event,2017
sale_year::2018:treated,-17400.5315219084,37631.2519392303,-0.462395764828872,0.645136218241083,-92365.8295678501,57564.7665240334,within_0125,equal_site_year,group_hedonics,dollars,event,2018
treated_post,-0.0213384677255869,0.0997794561197213,-0.213856324291683,0.831247252752648,-0.220153373969629,0.177476438518455,within_0125,equal_site_year,group_hedonics,log,did,
sale_year::2008:treated,0.169687501745566,0.17857988047999,0.950205035917131,0.345060099384323,-0.186061862820085,0.525436866311216,within_0125,equal_site_year,group_hedonics,log,event,2008
sale_year::2009:treated,0.245399813840152,0.170707014305251,1.43754968030393,0.154721137836896,-0.0946659970606307,0.585465624740934,within_0125,equal_site_year,group_hedonics,log,event,2009
sale_year::2010:treated,0.0458847205322961,0.184686844467427,0.248446069153501,0.804468323869117,-0.322030340147142,0.413799781211734,within_0125,equal_site_year,group_hedonics,log,event,2010
sale_year::2011:treated,0.134385401183179,0.191139758218401,0.703074035646871,0.484186383033276,-0.246384522879167,0.515155325245524,within_0125,equal_site_year,group_hedonics,log,event,2011
sale_year::2013:treated,0.11090796968654,0.162649334021521,0.68188394593651,0.497412752239879,-0.213106118964762,0.434922058337842,within_0125,equal_site_year,group_hedonics,log,event,2013
sale_year::2014:treated,0.0372155799876097,0.175602079623442,0.211931316915006,0.832735504075284,-0.312601701077522,0.387032861052741,within_0125,equal_site_year,group_hedonics,log,event,2014
sale_year::2015:treated,0.196256239877175,0.152326991849517,1.28838781291667,0.201571499004643,-0.10719468869893,0.49970716845328,within_0125,equal_site_year,group_hedonics,log,event,2015
sale_year::2016:treated,0.200991449566846,0.175317534448099,1.14644236926768,0.255256677470008,-0.148258988441574,0.550241887575267,within_0125,equal_site_year,group_hedonics,log,event,2016
sale_year::2017:treated,0.0661430355655526,0.164792601607705,0.401371389979075,0.689288050031737,-0.26214066106079,0.394426732191896,within_0125,equal_site_year,group_hedonics,log,event,2017
sale_year::2018:treated,-0.0174688369893898,0.167103881887184,-0.104538786245453,0.917020852609055,-0.350356840038985,0.315419166060206,within_0125,equal_site_year,group_hedonics,log,event,2018
treated_post,60947.0344620778,31654.0631059673,1.9254095203528,0.0579194042006082,-2097.49601004097,123991.564934197,within_025,equal_transaction,site_unadjusted,dollars,did,
sale_year::2008:treated,3141.56949932166,17899.6099990435,0.175510499920922,0.861145303587415,-32508.593459095,38791.7324577384,within_025,equal_transaction,site_unadjusted,dollars,event,2008
sale_year::2009:treated,18949.1809121981,17989.5772073794,1.05334220441962,0.295521598590256,-16880.1672708275,54778.5290952236,within_025,equal_transaction,site_unadjusted,dollars,event,2009
sale_year::2010:treated,-38845.8790602674,15078.9156208361,-2.57617192356923,0.0119296320171562,-68878.1422854297,-8813.6158351051,within_025,equal_transaction,site_unadjusted,dollars,event,2010
sale_year::2011:treated,-5667.5870622446,17131.3859534418,-0.330830621506484,0.741682810270921,-39787.699230966,28452.5251064768,within_025,equal_transaction,site_unadjusted,dollars,event,2011
sale_year::2013:treated,13806.2407511266,14150.4371735334,0.975675916002753,0.332320492720389,-14376.7973818975,41989.2788841507,within_025,equal_transaction,site_unadjusted,dollars,event,2013
sale_year::2014:treated,41922.213791577,27564.2810421983,1.52088907116417,0.132437488690201,-12976.809764717,96821.237347871,within_025,equal_transaction,site_unadjusted,dollars,event,2014
sale_year::2015:treated,52945.7389429358,38006.5044650794,1.39307046749281,0.167659922227511,-22750.7749885003,128642.252874372,within_025,equal_transaction,site_unadjusted,dollars,event,2015
sale_year::2016:treated,72461.3303790381,36075.1445302105,2.00862203943096,0.048129675377167,611.45312924542,144311.207628831,within_025,equal_transaction,site_unadjusted,dollars,event,2016
sale_year::2017:treated,68416.8295432528,40265.9447704213,1.69912391062312,0.0933859981231813,-11779.7497574602,148613.408843966,within_025,equal_transaction,site_unadjusted,dollars,event,2017
sale_year::2018:treated,46147.5455789525,36473.3317430856,1.26524074915917,0.209650553990891,-26495.3902362343,118790.481394139,within_025,equal_transaction,site_unadjusted,dollars,event,2018
treated_post,0.0804499240472573,0.0896088037064674,0.897790403616904,0.372132695125555,-0.0980214758779391,0.258921323972454,within_025,equal_transaction,site_unadjusted,log,did,
sale_year::2008:treated,-0.0676145445725918,0.104033495888856,-0.649930524730491,0.517696832805515,-0.274815208820008,0.139586119674824,within_025,equal_transaction,site_unadjusted,log,event,2008
sale_year::2009:treated,-0.00519250728407445,0.106614013101487,-0.0487037973060037,0.961283115697836,-0.217532716982603,0.207147702414455,within_025,equal_transaction,site_unadjusted,log,event,2009
sale_year::2010:treated,-0.207230836847631,0.0922333008874838,-2.24681145371164,0.0275549164046784,-0.390929375922347,-0.0235322977729145,within_025,equal_transaction,site_unadjusted,log,event,2010
sale_year::2011:treated,-0.0923262202778973,0.101328329744688,-0.911159006671948,0.365092596166991,-0.294139079211434,0.10948663865564,within_025,equal_transaction,site_unadjusted,log,event,2011
sale_year::2013:treated,-0.00961660126980491,0.0769717512582722,-0.124936760728455,0.900903498297667,-0.162919129967288,0.143685927427678,within_025,equal_transaction,site_unadjusted,log,event,2013
sale_year::2014:treated,0.0935559623695571,0.0850392830896032,1.1001499421271,0.274739312475573,-0.0758144485038243,0.262926373242938,within_025,equal_transaction,site_unadjusted,log,event,2014
sale_year::2015:treated,-0.0185944121274215,0.113966467850579,-0.163156869543422,0.870827997361105,-0.245578304563368,0.208389480308525,within_025,equal_transaction,site_unadjusted,log,event,2015
sale_year::2016:treated,-0.00876767061616644,0.101941638055681,-0.0860067660613566,0.931687223416401,-0.211802038913976,0.194266697681644,within_025,equal_transaction,site_unadjusted,log,event,2016
sale_year::2017:treated,0.000957529574491302,0.102537348701627,0.00933834926118107,0.99257365330517,-0.203263299300122,0.205178358449105,within_025,equal_transaction,site_unadjusted,log,event,2017
sale_year::2018:treated,-0.0212914632941436,0.0975226911263736,-0.218323172261042,0.827762497718154,-0.215524736029379,0.172941809441091,within_025,equal_transaction,site_unadjusted,log,event,2018
treated_post,53014.3700473404,29655.7591374869,1.7876585051005,0.0778175054539586,-6050.19314501178,112078.933239692,within_025,equal_transaction,site_hedonics,dollars,did,
sale_year::2008:treated,6646.17219537019,17780.5099611814,0.373789739995095,0.709601491112915,-28766.7824798289,42059.1268705693,within_025,equal_transaction,site_hedonics,dollars,event,2008
sale_year::2009:treated,11418.1392691863,17480.6666332715,0.653186718145735,0.515607135940401,-23397.62566263,46233.9042010026,within_025,equal_transaction,site_hedonics,dollars,event,2009
sale_year::2010:treated,-23560.2807258929,15012.0333018151,-1.56942635632471,0.120702999386104,-53459.3362681916,6338.77481640584,within_025,equal_transaction,site_hedonics,dollars,event,2010
sale_year::2011:treated,4366.57567178994,15588.2118821826,0.280120369468481,0.780146200830877,-26680.0389672905,35413.1903108704,within_025,equal_transaction,site_hedonics,dollars,event,2011
sale_year::2013:treated,12350.9464200416,16653.4086533289,0.741646750953459,0.460587129142482,-20817.191452013,45519.0842920963,within_025,equal_transaction,site_hedonics,dollars,event,2013
sale_year::2014:treated,26537.202953473,26652.0412775667,0.99569119967594,0.322559863841453,-26544.9376501755,79619.3435571216,within_025,equal_transaction,site_hedonics,dollars,event,2014
sale_year::2015:treated,39554.8227925201,34948.4349570359,1.13180526799404,0.261274846883718,-30051.0178613563,109160.663446397,within_025,equal_transaction,site_hedonics,dollars,event,2015
sale_year::2016:treated,70189.2946321481,34629.9163278705,2.02683985625628,0.0461865465036523,1217.83880764182,139160.750456654,within_025,equal_transaction,site_hedonics,dollars,event,2016
sale_year::2017:treated,69140.9357666651,37724.7440811775,1.83277414998191,0.0707527005508539,-5994.4037256709,144276.275259001,within_025,equal_transaction,site_hedonics,dollars,event,2017
sale_year::2018:treated,50259.6287572171,33174.3529736175,1.51501458964963,0.133916887339033,-15812.8214030209,116332.078917455,within_025,equal_transaction,site_hedonics,dollars,event,2018
treated_post,0.0547649470012809,0.0858798907383764,0.637692322736137,0.525590612361811,-0.11627967910162,0.225809573104182,within_025,equal_transaction,site_hedonics,log,did,
sale_year::2008:treated,-0.0598841615202219,0.113701758747417,-0.526677530584658,0.599951395086794,-0.286340840085877,0.166572517045433,within_025,equal_transaction,site_hedonics,log,event,2008
sale_year::2009:treated,-0.0202656015999375,0.10464051997292,-0.193668777689389,0.846951927054587,-0.228675259088977,0.188144055889102,within_025,equal_transaction,site_hedonics,log,event,2009
sale_year::2010:treated,-0.128903655551426,0.0909156490513723,-1.41783792885412,0.160325255920171,-0.309977863555111,0.0521705524522593,within_025,equal_transaction,site_hedonics,log,event,2010
sale_year::2011:treated,-0.0709092474081939,0.0939889279497014,-0.754442559937925,0.452914911314332,-0.25810442081548,0.116285925999092,within_025,equal_transaction,site_hedonics,log,event,2011
sale_year::2013:treated,-0.00876455640243556,0.0774991035345519,-0.113092358526806,0.91025553408675,-0.163117398184218,0.145588285379347,within_025,equal_transaction,site_hedonics,log,event,2013
sale_year::2014:treated,0.0406015572777971,0.0803418380249867,0.505360074848796,0.614768435771866,-0.119413080925077,0.200616195480671,within_025,equal_transaction,site_hedonics,log,event,2014
sale_year::2015:treated,-0.0570445407502668,0.10303327349908,-0.553651639057901,0.581442528292425,-0.262253089460412,0.148164007959879,within_025,equal_transaction,site_hedonics,log,event,2015
sale_year::2016:treated,-0.0173477258284551,0.0972771529459229,-0.178332992928965,0.858935980516655,-0.211091966895064,0.176396515238154,within_025,equal_transaction,site_hedonics,log,event,2016
sale_year::2017:treated,0.00772832191623146,0.0995893432835851,0.0776018965626144,0.938348676866588,-0.190621045314185,0.206077689146648,within_025,equal_transaction,site_hedonics,log,event,2017
sale_year::2018:treated,0.00548246492404159,0.10043048473191,0.0545896491356836,0.956608635029959,-0.19454218068984,0.205507110537923,within_025,equal_transaction,site_hedonics,log,event,2018
treated_post,49927.4785857563,31094.1524497498,1.60568707143384,0.112490143910993,-12001.893168526,111856.850340039,within_025,equal_transaction,group_hedonics,dollars,did,
sale_year::2008:treated,-9028.63706569199,26422.5135313939,-0.341702429443914,0.733517873776173,-61653.6335441348,43596.3594127508,within_025,equal_transaction,group_hedonics,dollars,event,2008
sale_year::2009:treated,-42792.2904967692,24656.2692892971,-1.73555415033306,0.0866957305289175,-91899.5066962852,6314.92570274675,within_025,equal_transaction,group_hedonics,dollars,event,2009
sale_year::2010:treated,-39781.3393082093,23811.0113265106,-1.67071187202862,0.098892069825244,-87205.0783751594,7642.39975874079,within_025,equal_transaction,group_hedonics,dollars,event,2010
sale_year::2011:treated,-44625.222155818,26312.6013805666,-1.69596390377336,0.0939857154004688,-97031.3096139907,7780.86530235483,within_025,equal_transaction,group_hedonics,dollars,event,2011
sale_year::2013:treated,-23437.3962213205,22735.134200851,-1.03088884429999,0.305862513908998,-68718.340285751,21843.54784311,within_025,equal_transaction,group_hedonics,dollars,event,2013
sale_year::2014:treated,-2586.53236975009,33570.9982615454,-0.0770466326201829,0.938788923055489,-69448.9700856987,64275.9053461985,within_025,equal_transaction,group_hedonics,dollars,event,2014
sale_year::2015:treated,33887.5328051843,35556.1842748272,0.953070007266662,0.343576059122897,-36928.7455184673,104703.811128836,within_025,equal_transaction,group_hedonics,dollars,event,2015
sale_year::2016:treated,54297.3410380348,34696.7872389939,1.56490976135718,0.121758688117316,-14807.2997485379,123401.981824607,within_025,equal_transaction,group_hedonics,dollars,event,2016
sale_year::2017:treated,24630.5167013396,35936.3893518001,0.685392081553286,0.495181845876357,-46943.0056601668,96204.039062846,within_025,equal_transaction,group_hedonics,dollars,event,2017
sale_year::2018:treated,4097.40266228589,35299.8506031788,0.116074221059647,0.907899884442612,-66208.3429086141,74403.1482331859,within_025,equal_transaction,group_hedonics,dollars,event,2018
treated_post,0.0373199715844288,0.0773933489751478,0.482211612220228,0.631041514958913,-0.116822241738044,0.191462184906902,within_025,equal_transaction,group_hedonics,log,did,
sale_year::2008:treated,-0.133656015471453,0.149041717359054,-0.896769158593793,0.37267400392864,-0.430498321629882,0.163186290686977,within_025,equal_transaction,group_hedonics,log,event,2008
sale_year::2009:treated,-0.273013695712342,0.142256213212024,-1.91916886825486,0.0587172686898889,-0.556341499118502,0.010314107693818,within_025,equal_transaction,group_hedonics,log,event,2009
sale_year::2010:treated,-0.166277046805786,0.114909463176173,-1.44702657387633,0.152001693051827,-0.395139077202743,0.0625849835911702,within_025,equal_transaction,group_hedonics,log,event,2010
sale_year::2011:treated,-0.242287528245308,0.131399833743066,-1.84389524205234,0.0690960880638813,-0.503992978023235,0.0194179215326193,within_025,equal_transaction,group_hedonics,log,event,2011
sale_year::2013:treated,-0.1749294870728,0.110522590500035,-1.58274870577473,0.11763160330691,-0.395054303318693,0.0451953291730922,within_025,equal_transaction,group_hedonics,log,event,2013
sale_year::2014:treated,-0.0936919159175213,0.121661422361947,-0.770103736242578,0.443625580166618,-0.336001638486221,0.148617806651178,within_025,equal_transaction,group_hedonics,log,event,2014
sale_year::2015:treated,-0.0944721417580114,0.10581970880263,-0.892765089102793,0.374801148340425,-0.305230357340784,0.116286073824761,within_025,equal_transaction,group_hedonics,log,event,2015
sale_year::2016:treated,-0.0552503696055671,0.118458079860954,-0.466412841322599,0.642254198326414,-0.29118008265573,0.180679343444596,within_025,equal_transaction,group_hedonics,log,event,2016
sale_year::2017:treated,-0.170681301628819,0.124651425274328,-1.36926875286978,0.174948166047051,-0.418946131100867,0.0775835278432284,within_025,equal_transaction,group_hedonics,log,event,2017
sale_year::2018:treated,-0.206770752108185,0.138476159027853,-1.49318665075478,0.139528388607249,-0.482569925132758,0.0690284209163879,within_025,equal_transaction,group_hedonics,log,event,2018
treated_post,18700.3947871397,24890.0857915461,0.751319016887087,0.454780932905114,-30872.5073355886,68273.296909868,within_025,equal_site_year,site_unadjusted,dollars,did,
sale_year::2008:treated,9101.08291540178,24060.8850409111,0.378252208924445,0.706297731204371,-38820.32278439,57022.4886151935,within_025,equal_site_year,site_unadjusted,dollars,event,2008
sale_year::2009:treated,-10407.0322193543,23586.3850418048,-0.441230489577301,0.660298876260681,-57383.3892676496,36569.324828941,within_025,equal_site_year,site_unadjusted,dollars,event,2009
sale_year::2010:treated,-36022.8571939643,23589.2403980491,-1.52708847703903,0.130890293772943,-83004.9011770822,10959.1867891535,within_025,equal_site_year,site_unadjusted,dollars,event,2010
sale_year::2011:treated,-899.8368636638,23651.5371494602,-0.0380455975430898,0.96975108697627,-48005.9555802369,46206.2818529093,within_025,equal_site_year,site_unadjusted,dollars,event,2011
sale_year::2013:treated,-7928.21544208332,18702.585310465,-0.423910133838401,0.672828784630436,-45177.642334479,29321.2114503124,within_025,equal_site_year,site_unadjusted,dollars,event,2013
sale_year::2014:treated,1482.54517488593,24559.2411510112,0.0603660823952164,0.95202253166737,-47431.4227392411,50396.5130890129,within_025,equal_site_year,site_unadjusted,dollars,event,2014
sale_year::2015:treated,7785.05528418227,27453.6344485948,0.283571025860321,0.777510199333532,-46893.5964822811,62463.7070506457,within_025,equal_site_year,site_unadjusted,dollars,event,2015
sale_year::2016:treated,19715.6821675962,31967.8136424019,0.616735394798644,0.539252429413714,-43953.7366542007,83385.1009893931,within_025,equal_site_year,site_unadjusted,dollars,event,2016
sale_year::2017:treated,30005.6066321656,37386.1372308753,0.802586435899172,0.424716524280292,-44455.3388709854,104466.552135317,within_025,equal_site_year,site_unadjusted,dollars,event,2017
sale_year::2018:treated,-2465.41267237787,35721.7019732008,-0.0690172230379023,0.945157179602528,-73611.3480622916,68680.5227175359,within_025,equal_site_year,site_unadjusted,dollars,event,2018
treated_post,-0.00860037609049309,0.0743448238044369,-0.115682244578537,0.908209496312639,-0.156670925330649,0.139470173149662,within_025,equal_site_year,site_unadjusted,log,did,
sale_year::2008:treated,0.111280112491541,0.137739453010994,0.807902965047048,0.421668000548903,-0.163051783337894,0.385612008320976,within_025,equal_site_year,site_unadjusted,log,event,2008
sale_year::2009:treated,-0.0424998911956232,0.121166513454856,-0.350756079248394,0.7267417443565,-0.283823917249802,0.198824134858556,within_025,equal_site_year,site_unadjusted,log,event,2009
sale_year::2010:treated,-0.168853991864543,0.149059782268064,-1.13279376432257,0.260862016950275,-0.465732277407443,0.128024293678358,within_025,equal_site_year,site_unadjusted,log,event,2010
sale_year::2011:treated,-0.0480467330106457,0.165028494971603,-0.291142041978345,0.771735784538425,-0.37672946625647,0.280636000235179,within_025,equal_site_year,site_unadjusted,log,event,2011
sale_year::2013:treated,-0.0839557666568388,0.117518314767937,-0.714405808342523,0.4771648564104,-0.318013775311738,0.150102241998061,within_025,equal_site_year,site_unadjusted,log,event,2013
sale_year::2014:treated,0.0945148772028395,0.111677930477302,0.846316517497156,0.400033142030275,-0.127910998030603,0.316940752436282,within_025,equal_site_year,site_unadjusted,log,event,2014
sale_year::2015:treated,-0.0170198251983872,0.120440721324062,-0.141312879990091,0.887996681137336,-0.256898310945368,0.222858660548594,within_025,equal_site_year,site_unadjusted,log,event,2015
sale_year::2016:treated,-0.117173440881089,0.153905542313977,-0.761333471942471,0.448813874054596,-0.423702893980345,0.189356012218167,within_025,equal_site_year,site_unadjusted,log,event,2016
sale_year::2017:treated,-0.0953187333506165,0.131560493844982,-0.724523985619353,0.470968760354513,-0.357344165452992,0.166706698751759,within_025,equal_site_year,site_unadjusted,log,event,2017
sale_year::2018:treated,-0.0426012578853653,0.124578636501913,-0.341962788176055,0.73332271145468,-0.290721115953104,0.205518600182373,within_025,equal_site_year,site_unadjusted,log,event,2018
treated_post,10055.3726322097,23995.8046854984,0.419047111109656,0.676363712322913,-37736.4143062806,57847.1595706999,within_025,equal_site_year,site_hedonics,dollars,did,
sale_year::2008:treated,13394.5903340403,22970.2121847478,0.583128715847663,0.561533056537131,-32354.552112048,59143.7327801287,within_025,equal_site_year,site_hedonics,dollars,event,2008
sale_year::2009:treated,-23940.6591810963,24563.306547441,-0.974651321264825,0.332825328071126,-72862.72403394,24981.4056717474,within_025,equal_site_year,site_hedonics,dollars,event,2009
sale_year::2010:treated,-21440.9239213016,21768.0403627617,-0.984972627944055,0.327762911929899,-64795.7336774535,21913.8858348503,within_025,equal_site_year,site_hedonics,dollars,event,2010
sale_year::2011:treated,-779.629590187891,22381.068024243,-0.0348343336137222,0.972303172239537,-45355.3897486667,43796.1305682909,within_025,equal_site_year,site_hedonics,dollars,event,2011
sale_year::2013:treated,-22985.2340521696,20661.4295201191,-1.11247065600121,0.26944237477523,-64136.0373034945,18165.5691991553,within_025,equal_site_year,site_hedonics,dollars,event,2013
sale_year::2014:treated,-19104.6372409839,26371.4491350445,-0.724443967532908,0.471017583000322,-71627.9301598895,33418.6556779217,within_025,equal_site_year,site_hedonics,dollars,event,2014
sale_year::2015:treated,-7768.67835602959,27320.6321287211,-0.284352072068738,0.776913909024555,-62182.4330449814,46645.0763329222,within_025,equal_site_year,site_hedonics,dollars,event,2015
sale_year::2016:treated,9557.25916983932,31105.4413023024,0.307253611255851,0.759490694821675,-52394.5962828663,71509.1146225449,within_025,equal_site_year,site_hedonics,dollars,event,2016
sale_year::2017:treated,30533.1086862007,35674.1065004193,0.855889934786223,0.394749095096444,-40518.0321042311,101584.249476632,within_025,equal_site_year,site_hedonics,dollars,event,2017
sale_year::2018:treated,2696.90426305452,32766.6292989777,0.0823064294604956,0.934619428974205,-62563.4938220997,67957.3023482087,within_025,equal_site_year,site_hedonics,dollars,event,2018
treated_post,-0.0437399839714237,0.0724958467466049,-0.603344687100604,0.548075879335971,-0.188127976249634,0.100648008306787,within_025,equal_site_year,site_hedonics,log,did,
sale_year::2008:treated,0.137161440907389,0.133227498763047,1.02952800420984,0.306497021431704,-0.128184119230441,0.402507001045218,within_025,equal_site_year,site_hedonics,log,event,2008
sale_year::2009:treated,-0.075662725495006,0.123400956400384,-0.613145373440321,0.541610841193001,-0.321437030361605,0.170111579371593,within_025,equal_site_year,site_hedonics,log,event,2009
sale_year::2010:treated,-0.093075312728856,0.13770487783367,-0.675904254032884,0.50115306137278,-0.367338346124641,0.181187720666929,within_025,equal_site_year,site_hedonics,log,event,2010
sale_year::2011:treated,-0.067510557700854,0.155514626371326,-0.434110663904097,0.665438011807657,-0.377244779443748,0.24222366404204,within_025,equal_site_year,site_hedonics,log,event,2011
sale_year::2013:treated,-0.139903484342206,0.113544517499803,-1.23214653972569,0.22169280888215,-0.366046989821884,0.0862400211374713,within_025,equal_site_year,site_hedonics,log,event,2013
sale_year::2014:treated,0.0178659237840562,0.110172281127876,0.162163509742703,0.871607465067828,-0.201561190880406,0.237293038448519,within_025,equal_site_year,site_hedonics,log,event,2014
sale_year::2015:treated,-0.0820968509687842,0.119854601228157,-0.684970373498662,0.495446424582778,-0.320807977374789,0.156614275437221,within_025,equal_site_year,site_hedonics,log,event,2015
sale_year::2016:treated,-0.159175207111766,0.150954426088993,-1.0544586948244,0.295013702800946,-0.459827002857843,0.141476588634311,within_025,equal_site_year,site_hedonics,log,event,2016
sale_year::2017:treated,-0.0904679071976273,0.120079208115268,-0.753401930422328,0.45353609878384,-0.329626376988628,0.148690562593373,within_025,equal_site_year,site_hedonics,log,event,2017
sale_year::2018:treated,-0.0091726382922741,0.116540449585158,-0.078707764771162,0.937471936341598,-0.241283059646709,0.222937783062161,within_025,equal_site_year,site_hedonics,log,event,2018
treated_post,15765.1391051601,25752.528277307,0.612178304801718,0.542247039317467,-35525.4660938519,67055.744304172,within_025,equal_site_year,group_hedonics,dollars,did,
sale_year::2008:treated,30362.0906187176,29711.0006339569,1.0219141049062,0.31006349289119,-28812.4955490696,89536.6767865048,within_025,equal_site_year,group_hedonics,dollars,event,2008
sale_year::2009:treated,-19490.1909923938,22972.9303897163,-0.848398121691886,0.398880525603547,-65244.7472128653,26264.3652280777,within_025,equal_site_year,group_hedonics,dollars,event,2009
sale_year::2010:treated,-11144.5384200618,22962.4380104558,-0.485337768358361,0.628832941947353,-56878.1972561502,34589.1204160265,within_025,equal_site_year,group_hedonics,dollars,event,2010
sale_year::2011:treated,-11802.9342316347,25337.1214269633,-0.465835642208124,0.64266544707396,-62266.1849849584,38660.316521689,within_025,equal_site_year,group_hedonics,dollars,event,2011
sale_year::2013:treated,-28914.7732482211,23560.2856114062,-1.22726751810779,0.223510101170892,-75839.1487758641,18009.6022794219,within_025,equal_site_year,group_hedonics,dollars,event,2013
sale_year::2014:treated,-2672.23447087244,29491.2201067525,-0.0906111873703248,0.928039931191237,-61409.0897824934,56064.6208407485,within_025,equal_site_year,group_hedonics,dollars,event,2014
sale_year::2015:treated,-7362.24406834363,29434.323462399,-0.250124453437789,0.803165993740392,-65985.779891825,51261.2917551378,within_025,equal_site_year,group_hedonics,dollars,event,2015
sale_year::2016:treated,26626.2105764751,39682.0960973769,0.670988007063346,0.504262363676819,-52407.5333139579,105659.954466908,within_025,equal_site_year,group_hedonics,dollars,event,2016
sale_year::2017:treated,37394.7047629092,44115.586516959,0.847652898109694,0.399292932921114,-50469.1005613274,125258.510087146,within_025,equal_site_year,group_hedonics,dollars,event,2017
sale_year::2018:treated,9556.14567784932,37837.2415525794,0.252559258702036,0.801290640318648,-65803.251946932,84915.5433026307,within_025,equal_site_year,group_hedonics,dollars,event,2018
treated_post,-0.0407595342923901,0.0769657057446998,-0.529580465715369,0.597946473644816,-0.19405002230608,0.112530953721299,within_025,equal_site_year,group_hedonics,log,did,
sale_year::2008:treated,0.155490176447207,0.14319567951123,1.0858580159537,0.280974039276201,-0.129708736254765,0.440689089149179,within_025,equal_site_year,group_hedonics,log,event,2008
sale_year::2009:treated,-0.109895116054567,0.134475158135768,-0.817214997759031,0.416360079738343,-0.377725605191212,0.157935373082077,within_025,equal_site_year,group_hedonics,log,event,2009
sale_year::2010:treated,-0.0438264568586062,0.139372022538028,-0.314456632403738,0.754035885015284,-0.321409896698376,0.233756982981163,within_025,equal_site_year,group_hedonics,log,event,2010
sale_year::2011:treated,-0.121228054246864,0.164624503947388,-0.736391310771128,0.463759579371385,-0.449106169635216,0.206650061141489,within_025,equal_site_year,group_hedonics,log,event,2011
sale_year::2013:treated,-0.212673600350518,0.128519038543887,-1.65480229824388,0.102088909234607,-0.468641449236245,0.0432942485352084,within_025,equal_site_year,group_hedonics,log,event,2013
sale_year::2014:treated,0.036183858078608,0.12318439442333,0.293737354053632,0.769759285712276,-0.209159126230004,0.28152684238722,within_025,equal_site_year,group_hedonics,log,event,2014
sale_year::2015:treated,-0.105054860703918,0.131786452467727,-0.797159789468081,0.427841695667292,-0.367530328406128,0.157420606998291,within_025,equal_site_year,group_hedonics,log,event,2015
sale_year::2016:treated,-0.13223917032574,0.154013189574661,-0.858622373128857,0.393248858100665,-0.438983021525603,0.174504680874123,within_025,equal_site_year,group_hedonics,log,event,2016
sale_year::2017:treated,-0.100524093838653,0.143831178989483,-0.698903357011372,0.486745783577437,-0.386988713444906,0.185940525767599,within_025,equal_site_year,group_hedonics,log,event,2017
sale_year::2018:treated,-0.0288000162232215,0.13058298215804,-0.220549536756373,0.82603460284759,-0.288878565073108,0.231278532626665,within_025,equal_site_year,group_hedonics,log,event,2018
treated_post,58995.8724680427,40260.2836032965,1.46536157194909,0.147875434730433,-21483.2877226328,139475.032658718,within_05,equal_transaction,site_unadjusted,dollars,did,
sale_year::2008:treated,-9709.611799508,18974.303113728,-0.511724290547621,0.610633072087444,-47626.7309777483,28207.5073787323,within_05,equal_transaction,site_unadjusted,dollars,event,2008
sale_year::2009:treated,17257.1652478161,21452.5989634398,0.804432380301628,0.424172588136192,-25612.4330032641,60126.7634988964,within_05,equal_transaction,site_unadjusted,dollars,event,2009
sale_year::2010:treated,-31828.7747049817,20643.0763080072,-1.54186198946694,0.128115521757625,-73080.6710136218,9423.12160365839,within_05,equal_transaction,site_unadjusted,dollars,event,2010
sale_year::2011:treated,-17284.2230066361,20659.2178478813,-0.836634916863934,0.405960129173414,-58568.3756088254,23999.9295955532,within_05,equal_transaction,site_unadjusted,dollars,event,2011
sale_year::2013:treated,27822.132686865,21294.5264229828,1.30653916101356,0.196118944006183,-14731.5827979607,70375.8481716907,within_05,equal_transaction,site_unadjusted,dollars,event,2013
sale_year::2014:treated,46650.8654293928,33932.9047397509,1.37479728856644,0.174064447321568,-21158.6338375456,114460.364696331,within_05,equal_transaction,site_unadjusted,dollars,event,2014
sale_year::2015:treated,53220.3690501232,36122.0741059462,1.47334754073168,0.145636463481535,-18963.8361157278,125404.574215974,within_05,equal_transaction,site_unadjusted,dollars,event,2015
sale_year::2016:treated,71895.0720290104,49641.7895066149,1.44827720240484,0.152498378289604,-27306.1285453389,171096.27260336,within_05,equal_transaction,site_unadjusted,dollars,event,2016
sale_year::2017:treated,46913.3110820726,41108.9748629771,1.14119389350968,0.258108625795352,-35236.4200480807,129063.042212226,within_05,equal_transaction,site_unadjusted,dollars,event,2017
sale_year::2018:treated,39427.108293367,39256.8247799504,1.00433767922829,0.319057916002222,-39021.3962350408,117875.612821775,within_05,equal_transaction,site_unadjusted,dollars,event,2018
treated_post,0.0974862063375939,0.0827065168435617,1.17870042238616,0.24302138884207,-0.0678417651057273,0.262814177780915,within_05,equal_transaction,site_unadjusted,log,did,
sale_year::2008:treated,-0.117784533619597,0.130547036448253,-0.902238279964981,0.370366942024359,-0.378661969260074,0.143092902020879,within_05,equal_transaction,site_unadjusted,log,event,2008
sale_year::2009:treated,-0.0806556934228833,0.085962440301124,-0.938266679498031,0.351690679730025,-0.252437923010638,0.0911265361648716,within_05,equal_transaction,site_unadjusted,log,event,2009
sale_year::2010:treated,-0.206566726503499,0.0829631474638227,-2.48986125548787,0.015430349415593,-0.372355347615583,-0.0407781053914152,within_05,equal_transaction,site_unadjusted,log,event,2010
sale_year::2011:treated,-0.202216279450987,0.0902217848646337,-2.24132430714364,0.0285368710415248,-0.382510129964569,-0.0219224289374056,within_05,equal_transaction,site_unadjusted,log,event,2011
sale_year::2013:treated,0.000199424613195473,0.0659033486865711,0.00302601638869542,0.997595153584713,-0.131497908955061,0.131896758181451,within_05,equal_transaction,site_unadjusted,log,event,2013
sale_year::2014:treated,0.0653249632417237,0.105059088977023,0.621792591938532,0.536322001717021,-0.144618873621354,0.275268800104802,within_05,equal_transaction,site_unadjusted,log,event,2014
sale_year::2015:treated,0.0371100525075309,0.0748758212473976,0.495621308578578,0.621886122138308,-0.11251733674568,0.186737441760741,within_05,equal_transaction,site_unadjusted,log,event,2015
sale_year::2016:treated,-0.0604867276895986,0.0814197322309265,-0.74290010581272,0.460303444303049,-0.223191079567842,0.102217624188645,within_05,equal_transaction,site_unadjusted,log,event,2016
sale_year::2017:treated,-0.0123122935393407,0.0859401785933076,-0.143265859355562,0.886537471629386,-0.18405003665382,0.159425449575139,within_05,equal_transaction,site_unadjusted,log,event,2017
sale_year::2018:treated,-0.0900380844674471,0.105753663884782,-0.851394468616642,0.39777495118116,-0.301369918528519,0.121293749593625,within_05,equal_transaction,site_unadjusted,log,event,2018
treated_post,55088.8168562263,32293.7474636507,1.705866342029,0.0930383388197334,-9465.46450188041,119643.098214333,within_05,equal_transaction,site_hedonics,dollars,did,
sale_year::2008:treated,-16120.6883963294,22630.4600238098,-0.712344706177807,0.478881274951514,-61344.0541578035,29102.6773651447,within_05,equal_transaction,site_hedonics,dollars,event,2008
sale_year::2009:treated,14384.6652976257,16940.5108878619,0.849128187033162,0.399025099314488,-19468.2444206028,48237.5750158542,within_05,equal_transaction,site_hedonics,dollars,event,2009
sale_year::2010:treated,-15596.9804420647,17328.8976392296,-0.90005612398309,0.371518034616862,-50226.0191517292,19032.0582675998,within_05,equal_transaction,site_hedonics,dollars,event,2010
sale_year::2011:treated,-9211.18278507935,18136.4198590749,-0.507883190654652,0.613308897221159,-45453.925885647,27031.5603154883,within_05,equal_transaction,site_hedonics,dollars,event,2011
sale_year::2013:treated,31516.3596753128,20682.6024075416,1.52381015958712,0.132560529229979,-9814.52324051465,72847.2425911402,within_05,equal_transaction,site_hedonics,dollars,event,2013
sale_year::2014:treated,38538.4274954825,28405.2507535862,1.35673604256484,0.17970686833846,-18224.9367058767,95301.7916968417,within_05,equal_transaction,site_hedonics,dollars,event,2014
sale_year::2015:treated,45306.7056173625,31183.1030125586,1.45292486123385,0.151207600352295,-17007.7533742339,107621.164608959,within_05,equal_transaction,site_hedonics,dollars,event,2015
sale_year::2016:treated,66989.5661726881,41664.5508295387,1.607831233961,0.112872759695166,-16270.3949358953,150249.527281272,within_05,equal_transaction,site_hedonics,dollars,event,2016
sale_year::2017:treated,51415.9916840021,34553.3506195109,1.48801753700174,0.141734874307297,-17633.3697389007,120465.353106905,within_05,equal_transaction,site_hedonics,dollars,event,2017
sale_year::2018:treated,45298.1339275393,36080.5145062361,1.25547361359579,0.213943577558794,-26803.0210052799,117399.288860359,within_05,equal_transaction,site_hedonics,dollars,event,2018
treated_post,0.0910096764475132,0.0760640707072316,1.19648706151695,0.23606197554214,-0.0610402343658557,0.243059587260882,within_05,equal_transaction,site_hedonics,log,did,
sale_year::2008:treated,-0.143826862512589,0.141311993458034,-1.01779657191873,0.312667450171809,-0.426216348184204,0.138562623159026,within_05,equal_transaction,site_hedonics,log,event,2008
sale_year::2009:treated,-0.093798352641378,0.0762147131371839,-1.23071187675461,0.223005873712679,-0.246101303840001,0.0585045985572447,within_05,equal_transaction,site_hedonics,log,event,2009
sale_year::2010:treated,-0.166890229167739,0.069497856632775,-2.40137231928724,0.0192964382866006,-0.305770613695307,-0.0280098446401707,within_05,equal_transaction,site_hedonics,log,event,2010
sale_year::2011:treated,-0.182296485215666,0.0785605248459858,-2.32045910555014,0.0235674254493056,-0.339287167057107,-0.0253058033742245,within_05,equal_transaction,site_hedonics,log,event,2011
sale_year::2013:treated,0.00374676385379263,0.0612969995680874,0.0611247512960371,0.951453358308258,-0.118745515517993,0.126239043225578,within_05,equal_transaction,site_hedonics,log,event,2013
sale_year::2014:treated,0.0500738187438596,0.101674284426889,0.492492462829835,0.624083271207791,-0.153106025958178,0.253253663445897,within_05,equal_transaction,site_hedonics,log,event,2014
sale_year::2015:treated,0.00453250758775914,0.0771992724121253,0.058711791525217,0.953367503002124,-0.149737928326494,0.158802943502012,within_05,equal_transaction,site_hedonics,log,event,2015
sale_year::2016:treated,-0.0751290941430506,0.0809117373746592,-0.928531466271299,0.35667596299316,-0.236818299304623,0.0865601110185217,within_05,equal_transaction,site_hedonics,log,event,2016
sale_year::2017:treated,-0.0121504198062454,0.0904875550252589,-0.134277247328141,0.893611397000273,-0.192975369606797,0.168674529994306,within_05,equal_transaction,site_hedonics,log,event,2017
sale_year::2018:treated,-0.0616311715068043,0.113811729938914,-0.541518625012408,0.590060160079074,-0.289065765658158,0.165803422644549,within_05,equal_transaction,site_hedonics,log,event,2018
treated_post,60261.4405282347,32592.156734798,1.84895528757367,0.0692332886706261,-4889.3524633141,125412.233519783,within_05,equal_transaction,group_hedonics,dollars,did,
sale_year::2008:treated,-38643.0178407168,30490.9854059348,-1.2673587726422,0.209691708425088,-99574.3901588045,22288.354477371,within_05,equal_transaction,group_hedonics,dollars,event,2008
sale_year::2009:treated,-11964.8212705723,21865.8927734215,-0.547191070337442,0.58618068473737,-55660.3212981117,31730.6787569672,within_05,equal_transaction,group_hedonics,dollars,event,2009
sale_year::2010:treated,-17995.0148769176,25489.9401691503,-0.705965363492551,0.482812209694301,-68932.5957433587,32942.5659895235,within_05,equal_transaction,group_hedonics,dollars,event,2010
sale_year::2011:treated,-44543.8005101269,30847.4782610032,-1.44400135833593,0.153693461872697,-106187.566953617,17099.9659333631,within_05,equal_transaction,group_hedonics,dollars,event,2011
sale_year::2013:treated,15841.9413611864,24836.1047637575,0.63785933872787,0.525876943587466,-33789.0537065226,65472.9364288955,within_05,equal_transaction,group_hedonics,dollars,event,2013
sale_year::2014:treated,39527.8118441331,32457.3854250124,1.21783721413592,0.227827450465229,-25333.0973548911,104388.721043157,within_05,equal_transaction,group_hedonics,dollars,event,2014
sale_year::2015:treated,35083.3716632653,29695.2900149094,1.18144566514254,0.241866402620525,-24257.9302954395,94424.6736219701,within_05,equal_transaction,group_hedonics,dollars,event,2015
sale_year::2016:treated,63148.1933478583,44055.5168685506,1.4333776524805,0.156694307120386,-24889.7321322728,151186.118827989,within_05,equal_transaction,group_hedonics,dollars,event,2016
sale_year::2017:treated,36768.4784333546,33215.0012587035,1.10698410477164,0.272509688614354,-29606.4052017899,103143.362068499,within_05,equal_transaction,group_hedonics,dollars,event,2017
sale_year::2018:treated,21889.5540829328,33962.4178329919,0.644522842589515,0.52157641707403,-45978.9223947644,89758.0305606299,within_05,equal_transaction,group_hedonics,dollars,event,2018
treated_post,0.0773202915516548,0.0780711603082727,0.990382251862878,0.325836829952866,-0.0787417342063291,0.233382317309639,within_05,equal_transaction,group_hedonics,log,did,
sale_year::2008:treated,-0.260991963700735,0.17067634651131,-1.52916305648387,0.131229877192724,-0.602061426583603,0.0800774991821335,within_05,equal_transaction,group_hedonics,log,event,2008
sale_year::2009:treated,-0.213299717843154,0.11452879886664,-1.86241120097247,0.0672096326815959,-0.442167259904564,0.0155678242182565,within_05,equal_transaction,group_hedonics,log,event,2009
sale_year::2010:treated,-0.211346270143018,0.0909626012265089,-2.32344136264022,0.0233961869226171,-0.393120524027098,-0.0295720162589388,within_05,equal_transaction,group_hedonics,log,event,2010
sale_year::2011:treated,-0.334124277693762,0.122649730738595,-2.72421533811505,0.00833125177584056,-0.57922020715795,-0.0890283482295751,within_05,equal_transaction,group_hedonics,log,event,2011
sale_year::2013:treated,-0.0621781576814822,0.107227471978649,-0.579871524844519,0.564069386850507,-0.276455162208423,0.152098846845459,within_05,equal_transaction,group_hedonics,log,event,2013
sale_year::2014:treated,-0.0159361437843319,0.120653716636545,-0.132081665021043,0.895340633143473,-0.257043357344949,0.225171069776285,within_05,equal_transaction,group_hedonics,log,event,2014
sale_year::2015:treated,-0.0585146042335798,0.0807706401415754,-0.724453887340931,0.471469093589994,-0.219921849073843,0.102892640606684,within_05,equal_transaction,group_hedonics,log,event,2015
sale_year::2016:treated,-0.142235637227481,0.0970289169546084,-1.46590976887871,0.14764650391642,-0.336132455774754,0.0516611813197908,within_05,equal_transaction,group_hedonics,log,event,2016
sale_year::2017:treated,-0.116097109111637,0.111691295693206,-1.03944634531355,0.302570110489439,-0.339294353542043,0.107100135318768,within_05,equal_transaction,group_hedonics,log,event,2017
sale_year::2018:treated,-0.233618259498021,0.140446622309226,-1.66339535730276,0.101200653296095,-0.514278438918645,0.0470419199226032,within_05,equal_transaction,group_hedonics,log,event,2018
treated_post,21943.7101304116,29400.0139937824,0.746384343050053,0.458256171827247,-36826.080443542,80713.5007043653,within_05,equal_site_year,site_unadjusted,dollars,did,
sale_year::2008:treated,-23562.3951436958,29959.9218516443,-0.786463838603193,0.434544185941016,-83432.5216305896,36307.731343198,within_05,equal_site_year,site_unadjusted,dollars,event,2008
sale_year::2009:treated,-14428.7965332672,20936.8701057686,-0.689157283795333,0.493254733098771,-56267.792899115,27410.1998325807,within_05,equal_site_year,site_unadjusted,dollars,event,2009
sale_year::2010:treated,-58460.5929241063,23072.1312427534,-2.53381849769375,0.0137823005178597,-104566.56818886,-12354.6176593528,within_05,equal_site_year,site_unadjusted,dollars,event,2010
sale_year::2011:treated,-14212.6147506387,23780.4757878652,-0.597658973580804,0.552209826052958,-61734.1036379626,33308.8741366852,within_05,equal_site_year,site_unadjusted,dollars,event,2011
sale_year::2013:treated,11393.4475529169,20669.5053273538,0.551220136741197,0.583432520582782,-29911.2629365827,52698.1580424165,within_05,equal_site_year,site_unadjusted,dollars,event,2013
sale_year::2014:treated,-3940.93341664337,31903.6402639459,-0.123526136329245,0.902083733031678,-67695.2712100835,59813.4043767968,within_05,equal_site_year,site_unadjusted,dollars,event,2014
sale_year::2015:treated,12527.889467722,32965.9253021,0.380025415725974,0.705204729701847,-53349.2555851749,78405.0345206188,within_05,equal_site_year,site_unadjusted,dollars,event,2015
sale_year::2016:treated,4986.35414433024,31517.2720935467,0.158210207074083,0.87479719643583,-57995.8884698618,67968.5967585223,within_05,equal_site_year,site_unadjusted,dollars,event,2016
sale_year::2017:treated,-26425.8622972463,40770.141009495,-0.648167056647951,0.519232355933258,-107898.488000808,55046.763406315,within_05,equal_site_year,site_unadjusted,dollars,event,2017
sale_year::2018:treated,12038.3146107561,36307.5082479219,0.331565430724515,0.741317896625545,-60516.4511189724,84593.0803404847,within_05,equal_site_year,site_unadjusted,dollars,event,2018
treated_post,0.11787814414366,0.0807862745760072,1.45913578466544,0.149575831286877,-0.0436113177010161,0.279367605988336,within_05,equal_site_year,site_unadjusted,log,did,
sale_year::2008:treated,-0.114111153736456,0.144374396753416,-0.790383588104974,0.432268967233429,-0.402620364070781,0.174398056597869,within_05,equal_site_year,site_unadjusted,log,event,2008
sale_year::2009:treated,-0.179477778730369,0.129022107211298,-1.39106221879046,0.169100063145172,-0.437307886452163,0.0783523289914254,within_05,equal_site_year,site_unadjusted,log,event,2009
sale_year::2010:treated,-0.380620108011781,0.127393692096173,-2.9877468950695,0.00400182220465716,-0.635196087788968,-0.126044128234595,within_05,equal_site_year,site_unadjusted,log,event,2010
sale_year::2011:treated,-0.183551608877795,0.135233682600105,-1.35729209874858,0.179531101048753,-0.453794559531966,0.0866913417763761,within_05,equal_site_year,site_unadjusted,log,event,2011
sale_year::2013:treated,0.00124191464755387,0.111723298237033,0.0111159862548902,0.991166035324754,-0.222019281763646,0.224503111058754,within_05,equal_site_year,site_unadjusted,log,event,2013
sale_year::2014:treated,0.044022680050384,0.146154322912671,0.301206828324114,0.764248706583807,-0.248043428890674,0.336088788991442,within_05,equal_site_year,site_unadjusted,log,event,2014
sale_year::2015:treated,0.0423611196609069,0.142574632111274,0.297115405690444,0.767355856671849,-0.242551548022031,0.327273787343845,within_05,equal_site_year,site_unadjusted,log,event,2015
sale_year::2016:treated,-0.172026090850795,0.117212638768561,-1.4676411405639,0.147176676699633,-0.406256858997848,0.0622046772962587,within_05,equal_site_year,site_unadjusted,log,event,2016
sale_year::2017:treated,-0.118836815690685,0.160951629871589,-0.738338690856968,0.463050328059129,-0.440472983047874,0.202799351666505,within_05,equal_site_year,site_unadjusted,log,event,2017
sale_year::2018:treated,-0.0790027927560582,0.125946576505819,-0.627272252631718,0.532747671462168,-0.330686942779327,0.172681357267211,within_05,equal_site_year,site_unadjusted,log,event,2018
treated_post,30960.712500346,25644.8169953512,1.20728927431841,0.231906478483649,-20302.5462328946,82223.9712335866,within_05,equal_site_year,site_hedonics,dollars,did,
sale_year::2008:treated,-14539.0627075412,26552.9782057214,-0.547549227619538,0.585936142367011,-67600.9555807038,38522.8301656215,within_05,equal_site_year,site_hedonics,dollars,event,2008
sale_year::2009:treated,4068.06006368971,23007.2232866567,0.176816646363798,0.860219624817004,-41908.2070008637,50044.3271282431,within_05,equal_site_year,site_hedonics,dollars,event,2009
sale_year::2010:treated,-35284.9064455645,28287.8740673201,-1.24735094484629,0.21688584757071,-91813.7120560112,21243.8991648823,within_05,equal_site_year,site_hedonics,dollars,event,2010
sale_year::2011:treated,1659.33968486812,22352.3670830953,0.074235524081163,0.941058191252904,-43008.3016785872,46326.9810483235,within_05,equal_site_year,site_hedonics,dollars,event,2011
sale_year::2013:treated,17688.7655998099,20726.4531239329,0.853439104801998,0.396649145928449,-23729.7459804009,59107.2771800207,within_05,equal_site_year,site_hedonics,dollars,event,2013
sale_year::2014:treated,18783.8090076952,28013.8598799694,0.670518417960891,0.504978064839446,-37197.4229429429,74765.0409583333,within_05,equal_site_year,site_hedonics,dollars,event,2014
sale_year::2015:treated,22127.9962980021,30232.3141767655,0.731931937747861,0.466924229154535,-38286.4628156529,82542.4554116571,within_05,equal_site_year,site_hedonics,dollars,event,2015
sale_year::2016:treated,21819.9800328587,29266.2219150974,0.745568734364122,0.458700733717495,-36663.8977464894,80303.8578122067,within_05,equal_site_year,site_hedonics,dollars,event,2016
sale_year::2017:treated,13110.8262895189,32809.2883040257,0.399607152950957,0.690797460867062,-52453.3046996673,78674.957278705,within_05,equal_site_year,site_hedonics,dollars,event,2017
sale_year::2018:treated,31517.3573603857,33980.1758256506,0.927521903420942,0.357195544862821,-36386.6056339951,99421.3203547665,within_05,equal_site_year,site_hedonics,dollars,event,2018
treated_post,0.132862873123973,0.0767222500969073,1.73173848467889,0.0882933266521316,-0.0205027195424559,0.286228465790402,within_05,equal_site_year,site_hedonics,log,did,
sale_year::2008:treated,-0.104718727756016,0.147257225436359,-0.711127942589637,0.479629657754234,-0.398988811524609,0.189551356012576,within_05,equal_site_year,site_hedonics,log,event,2008
sale_year::2009:treated,-0.170876373596535,0.127390221185276,-1.34136177805997,0.18461863577151,-0.425445417311756,0.0836926701186864,within_05,equal_site_year,site_hedonics,log,event,2009
sale_year::2010:treated,-0.367210162335641,0.13346264793353,-2.75140773857962,0.00773907927237387,-0.633913982613387,-0.100506342057896,within_05,equal_site_year,site_hedonics,log,event,2010
sale_year::2011:treated,-0.17693194468395,0.12293662850411,-1.43921259950638,0.155040544262643,-0.422601193584524,0.0687373042166238,within_05,equal_site_year,site_hedonics,log,event,2011
sale_year::2013:treated,-0.0119191641594538,0.10663554422194,-0.111774776847826,0.911357353290133,-0.225013295451919,0.201174967133011,within_05,equal_site_year,site_hedonics,log,event,2013
sale_year::2014:treated,0.0602197777305467,0.137010693226907,0.439526115168363,0.661784384977571,-0.213574245303653,0.334013800764747,within_05,equal_site_year,site_hedonics,log,event,2014
sale_year::2015:treated,0.0326450699622662,0.136332615125886,0.239451652358628,0.811532709436588,-0.239793922111668,0.3050840620362,within_05,equal_site_year,site_hedonics,log,event,2015
sale_year::2016:treated,-0.167062928960185,0.108009190709634,-1.54674734494871,0.126933195985954,-0.3829020737201,0.0487762157997305,within_05,equal_site_year,site_hedonics,log,event,2016
sale_year::2017:treated,-0.0690854206333738,0.15886216563668,-0.434876487781067,0.665138152648045,-0.386546126897798,0.24837528563105,within_05,equal_site_year,site_hedonics,log,event,2017
sale_year::2018:treated,-0.0379171886622065,0.122109318842176,-0.310518386489516,0.757191773855189,-0.28193319112412,0.206098813799707,within_05,equal_site_year,site_hedonics,log,event,2018
treated_post,18094.7647005322,26957.8025135861,0.671225508511417,0.504570052959513,-35793.1146859372,71982.6440870016,within_05,equal_site_year,group_hedonics,dollars,did,
sale_year::2008:treated,-30218.1086712463,31981.7265756137,-0.944855450496156,0.348342417248973,-94128.4895071082,33692.2721646155,within_05,equal_site_year,group_hedonics,dollars,event,2008
sale_year::2009:treated,-9196.67904916476,19377.8338961566,-0.474597888414599,0.636714650102127,-47920.1901500871,29526.8320517576,within_05,equal_site_year,group_hedonics,dollars,event,2009
sale_year::2010:treated,-48002.3872915281,37851.9004014231,-1.26816320402564,0.209406205833622,-123643.374475149,27638.5998920929,within_05,equal_site_year,group_hedonics,dollars,event,2010
sale_year::2011:treated,-19567.3332140637,29273.4142349652,-0.668433584719739,0.506298655530793,-78065.5836977985,38930.9172696712,within_05,equal_site_year,group_hedonics,dollars,event,2011
sale_year::2013:treated,-1802.49970207847,27507.7298034342,-0.0655270251292578,0.947961884000016,-56772.3114009871,53167.3119968301,within_05,equal_site_year,group_hedonics,dollars,event,2013
sale_year::2014:treated,-10336.755762713,35140.1299898558,-0.294158153817218,0.769604073078428,-80558.7021908909,59885.1906654649,within_05,equal_site_year,group_hedonics,dollars,event,2014
sale_year::2015:treated,5201.81126435706,33257.1448147965,0.156411841525335,0.876208552989488,-61257.2895475342,71660.9120762483,within_05,equal_site_year,group_hedonics,dollars,event,2015
sale_year::2016:treated,-5482.41473830072,34302.1021816822,-0.159827368866868,0.873528396546732,-74029.6962216454,63064.8667450439,within_05,equal_site_year,group_hedonics,dollars,event,2016
sale_year::2017:treated,-12880.8194616898,38244.3717171496,-0.336803008739551,0.737384815784892,-89306.0979873035,63544.4590639239,within_05,equal_site_year,group_hedonics,dollars,event,2017
sale_year::2018:treated,5094.43913946161,37138.0284274521,0.137175810218721,0.891329288973241,-69119.9887364037,79308.8670153269,within_05,equal_site_year,group_hedonics,dollars,event,2018
treated_post,0.118782989335945,0.0747906219161809,1.58820700099362,0.11732666500957,-0.0307213336157127,0.268287312287603,within_05,equal_site_year,group_hedonics,log,did,
sale_year::2008:treated,-0.171698237633857,0.172846210192307,-0.993358416379662,0.324335418054476,-0.517103827082206,0.173707351814493,within_05,equal_site_year,group_hedonics,log,event,2008
sale_year::2009:treated,-0.214619415256302,0.114842286826041,-1.86881871815563,0.0662984929513534,-0.444113413016575,0.0148745825039704,within_05,equal_site_year,group_hedonics,log,event,2009
sale_year::2010:treated,-0.420222544625378,0.145944483282819,-2.87933147710043,0.00543799931598146,-0.711869322526675,-0.12857576672408,within_05,equal_site_year,group_hedonics,log,event,2010
sale_year::2011:treated,-0.214348317331679,0.148984133925786,-1.43873251254025,0.155176097942241,-0.512069352347917,0.0833727176845583,within_05,equal_site_year,group_hedonics,log,event,2011
sale_year::2013:treated,-0.0151486657810018,0.139538543691979,-0.108562590522955,0.913894468344346,-0.293994194884986,0.263696863322983,within_05,equal_site_year,group_hedonics,log,event,2013
sale_year::2014:treated,-0.00550934818727455,0.158290361051511,-0.0348053295897259,0.972345015152155,-0.321827394166755,0.310808697792206,within_05,equal_site_year,group_hedonics,log,event,2014
sale_year::2015:treated,0.0125256700426561,0.14505359064607,0.0863520164296981,0.931460453956527,-0.277340800983593,0.302392141068905,within_05,equal_site_year,group_hedonics,log,event,2015
sale_year::2016:treated,-0.231247469556255,0.115140775294107,-2.00838902609067,0.048893293400784,-0.461337948923739,-0.0011569901887713,within_05,equal_site_year,group_hedonics,log,event,2016
sale_year::2017:treated,-0.12661265698408,0.148726778742374,-0.851310423413392,0.39782126980486,-0.423819408703478,0.170594094735317,within_05,equal_site_year,group_hedonics,log,event,2017
sale_year::2018:treated,-0.0954045389828266,0.130701039368121,-0.729944761296955,0.468129523494828,-0.356589724901741,0.165780646936088,within_05,equal_site_year,group_hedonics,log,event,2018
