term,estimate,std_error,t_statistic,p_value,conf_low,conf_high,ring,weighting,specification,outcome,estimator,sale_year
treated_post,98344.9143031656,66206.5159471259,1.48542651574818,0.147530227268973,-36684.1652100558,233373.993816387,annulus_0125_025,equal_transaction,site_unadjusted,dollars,did,
sale_year::2008:treated,51627.0202566001,24220.9068357986,2.13150649587963,0.0410809589223894,2228.15508107411,101025.885432126,annulus_0125_025,equal_transaction,site_unadjusted,dollars,event,2008
sale_year::2009:treated,100134.733604893,49088.534156606,2.03988029639336,0.0499612866945382,18.0081286054919,200251.45908118,annulus_0125_025,equal_transaction,site_unadjusted,dollars,event,2009
sale_year::2010:treated,-35338.5531294037,22523.8830027872,-1.56893698679889,0.126814884988148,-81276.3153786477,10599.2091198404,annulus_0125_025,equal_transaction,site_unadjusted,dollars,event,2010
sale_year::2011:treated,430.593420554271,22053.2788085855,0.0195251429182784,0.984547312176472,-44547.3652466848,45408.5520877934,annulus_0125_025,equal_transaction,site_unadjusted,dollars,event,2011
sale_year::2013:treated,101407.412130133,62418.0937674265,1.62464769443269,0.114363399645834,-25895.1294069653,228709.953667231,annulus_0125_025,equal_transaction,site_unadjusted,dollars,event,2013
sale_year::2014:treated,69505.3867686793,55780.7099808312,1.24604700787359,0.222082012515911,-44260.1212867643,183270.894824123,annulus_0125_025,equal_transaction,site_unadjusted,dollars,event,2014
sale_year::2015:treated,109464.096114426,49534.5347605407,2.20985412790484,0.034630361794322,8437.74640931339,210490.445819539,annulus_0125_025,equal_transaction,site_unadjusted,dollars,event,2015
sale_year::2016:treated,154946.616719841,93953.1565878196,1.64919011076556,0.109207440321576,-36672.1094724048,346565.342912086,annulus_0125_025,equal_transaction,site_unadjusted,dollars,event,2016
sale_year::2017:treated,155594.246077568,85177.2296191799,1.82671174882321,0.0773866210259703,-18125.8590575433,329314.35121268,annulus_0125_025,equal_transaction,site_unadjusted,dollars,event,2017
sale_year::2018:treated,95126.8497986437,74713.5249420292,1.27322127917875,0.212404796457434,-57252.3889482982,247506.088545586,annulus_0125_025,equal_transaction,site_unadjusted,dollars,event,2018
treated_post,0.0156120951279082,0.111032016173245,0.140608949256117,0.889088566347776,-0.210839194837928,0.242063385093745,annulus_0125_025,equal_transaction,site_unadjusted,log,did,
sale_year::2008:treated,0.0787447159015715,0.200020036585026,0.393684139079226,0.696509104144939,-0.329198838262291,0.486688270065434,annulus_0125_025,equal_transaction,site_unadjusted,log,event,2008
sale_year::2009:treated,0.118190854732758,0.187388253562319,0.63072712662564,0.532841727584353,-0.263990008104331,0.500371717569848,annulus_0125_025,equal_transaction,site_unadjusted,log,event,2009
sale_year::2010:treated,-0.0011276034734922,0.153764688912558,-0.00733330572491481,0.994195910960079,-0.314732754091614,0.31247754714463,annulus_0125_025,equal_transaction,site_unadjusted,log,event,2010
sale_year::2011:treated,-0.00720849918822022,0.156921164111543,-0.045937074384028,0.9636550578095,-0.32725132341789,0.31283432504145,annulus_0125_025,equal_transaction,site_unadjusted,log,event,2011
sale_year::2013:treated,0.187073235458269,0.0894932646795756,2.09036105821004,0.0448792971184891,0.00455051878236151,0.369595952134176,annulus_0125_025,equal_transaction,site_unadjusted,log,event,2013
sale_year::2014:treated,0.132799386262763,0.137688340857998,0.964492602897462,0.342263144924777,-0.148017836329135,0.413616608854662,annulus_0125_025,equal_transaction,site_unadjusted,log,event,2014
sale_year::2015:treated,0.0659412288222305,0.131524065391799,0.501362458845818,0.619657976351355,-0.202303871069064,0.334186328713526,annulus_0125_025,equal_transaction,site_unadjusted,log,event,2015
sale_year::2016:treated,0.104230629991626,0.175959363657013,0.592356256725256,0.557908378638779,-0.254640858206207,0.463102118189459,annulus_0125_025,equal_transaction,site_unadjusted,log,event,2016
sale_year::2017:treated,0.0853003449460142,0.113272108436861,0.753056918628484,0.457096925515609,-0.145719643312636,0.316320333204664,annulus_0125_025,equal_transaction,site_unadjusted,log,event,2017
sale_year::2018:treated,-0.103704491108035,0.114087499933243,-0.908990828694794,0.370368162430594,-0.336387481287633,0.128978499071562,annulus_0125_025,equal_transaction,site_unadjusted,log,event,2018
treated_post,70505.2807360101,48755.1283121195,1.44611004374044,0.158181836677375,-28931.4590373398,169942.02050936,annulus_0125_025,equal_transaction,site_hedonics,dollars,did,
sale_year::2008:treated,7847.81690437329,33999.3749145409,0.230822387885047,0.818969412899913,-61494.3654029057,77189.9992116523,annulus_0125_025,equal_transaction,site_hedonics,dollars,event,2008
sale_year::2009:treated,17318.1776872112,30265.4065842158,0.572210310111714,0.571306202026394,-44408.5260019512,79044.8813763736,annulus_0125_025,equal_transaction,site_hedonics,dollars,event,2009
sale_year::2010:treated,-28132.086709794,28628.7877343935,-0.982650294898695,0.333387053175267,-86520.8842481181,30256.7108285302,annulus_0125_025,equal_transaction,site_hedonics,dollars,event,2010
sale_year::2011:treated,11501.1530325512,19465.3059968627,0.590853954949636,0.558901912286892,-28198.6002862709,51200.9063513732,annulus_0125_025,equal_transaction,site_hedonics,dollars,event,2011
sale_year::2013:treated,68024.6591273082,45317.4422742741,1.50107013356146,0.143455238722471,-24400.8737473669,160450.192001983,annulus_0125_025,equal_transaction,site_hedonics,dollars,event,2013
sale_year::2014:treated,30665.972113768,40042.332027337,0.765838815102784,0.44956444076755,-51000.9024810553,112332.846708591,annulus_0125_025,equal_transaction,site_hedonics,dollars,event,2014
sale_year::2015:treated,49968.1561773268,52436.2963217552,0.952930692715526,0.347996893386555,-56976.3752501195,156912.687604773,annulus_0125_025,equal_transaction,site_hedonics,dollars,event,2015
sale_year::2016:treated,115069.2610484,67237.0758406915,1.71139597624739,0.09699772826359,-22061.6592250652,252200.181321866,annulus_0125_025,equal_transaction,site_hedonics,dollars,event,2016
sale_year::2017:treated,110968.052810856,60293.3950837233,1.84046781006055,0.0752902817644748,-12001.137191289,233937.242813001,annulus_0125_025,equal_transaction,site_hedonics,dollars,event,2017
sale_year::2018:treated,48484.6585613283,48947.04168294,0.990553400048017,0.329572833430884,-51343.4911123534,148312.80823501,annulus_0125_025,equal_transaction,site_hedonics,dollars,event,2018
treated_post,-0.0294488818850575,0.103127359043048,-0.285558382938564,0.777115785325691,-0.239778517344704,0.180880753574589,annulus_0125_025,equal_transaction,site_hedonics,log,did,
sale_year::2008:treated,-0.0474601902617244,0.232157866121628,-0.204430679238153,0.83935322721364,-0.520949279903481,0.426028899380032,annulus_0125_025,equal_transaction,site_hedonics,log,event,2008
sale_year::2009:treated,-0.0820599612205157,0.173026474868723,-0.474262457712184,0.638636471071875,-0.434949783297846,0.270829860856814,annulus_0125_025,equal_transaction,site_hedonics,log,event,2009
sale_year::2010:treated,0.0321218180942635,0.182636858178241,0.175878069819372,0.861533616884042,-0.340368509967853,0.40461214615638,annulus_0125_025,equal_transaction,site_hedonics,log,event,2010
sale_year::2011:treated,-0.0181824141044871,0.144438652914487,-0.125883298809576,0.900637190221157,-0.312766988902968,0.276402160693994,annulus_0125_025,equal_transaction,site_hedonics,log,event,2011
sale_year::2013:treated,0.106308212937871,0.0810287974096837,1.31198063326022,0.199159501783743,-0.0589511089245092,0.271567534800252,annulus_0125_025,equal_transaction,site_hedonics,log,event,2013
sale_year::2014:treated,0.0266595211715968,0.140495557330635,0.189753481733644,0.850739347984883,-0.25988305716319,0.313202099506384,annulus_0125_025,equal_transaction,site_hedonics,log,event,2014
sale_year::2015:treated,-0.0520049084176604,0.19033518489378,-0.273228034252745,0.786490015705414,-0.440196077330872,0.336186260495551,annulus_0125_025,equal_transaction,site_hedonics,log,event,2015
sale_year::2016:treated,0.0112307567346789,0.184655699527934,0.0608199842376375,0.951892998072979,-0.365377025406278,0.387838538875635,annulus_0125_025,equal_transaction,site_hedonics,log,event,2016
sale_year::2017:treated,-0.00620587674968798,0.150337684119298,-0.0412795819361126,0.967337736210225,-0.312821605011092,0.300409851511716,annulus_0125_025,equal_transaction,site_hedonics,log,event,2017
sale_year::2018:treated,-0.194534938129916,0.157160502592705,-1.23781061348518,0.225079606045256,-0.515065896410155,0.125996020150324,annulus_0125_025,equal_transaction,site_hedonics,log,event,2018
treated_post,12222.0017159517,47657.4351974903,0.256455297380235,0.799293638693129,-84975.9781900953,109419.981621999,annulus_0125_025,equal_transaction,group_hedonics,dollars,did,
sale_year::2008:treated,-53050.157462351,54378.8968020921,-0.975565165571915,0.336831805190308,-163956.64869042,57856.3337657184,annulus_0125_025,equal_transaction,group_hedonics,dollars,event,2008
sale_year::2009:treated,18239.1743968967,35616.3790257233,0.512100749593995,0.612209766180555,-54400.9095380169,90879.2583318104,annulus_0125_025,equal_transaction,group_hedonics,dollars,event,2009
sale_year::2010:treated,15883.22739358,50162.3493349894,0.316636433583087,0.753641954251964,-86423.5585779649,118190.013365125,annulus_0125_025,equal_transaction,group_hedonics,dollars,event,2010
sale_year::2011:treated,-4387.61901324894,52466.7714656063,-0.0836266248272047,0.933890995116434,-111394.30490636,102619.066879862,annulus_0125_025,equal_transaction,group_hedonics,dollars,event,2011
sale_year::2013:treated,-57550.7730713985,58090.2651433978,-0.990712866077172,0.329496177806017,-176026.649936091,60925.1037932939,annulus_0125_025,equal_transaction,group_hedonics,dollars,event,2013
sale_year::2014:treated,-47601.6447926171,57605.9491961556,-0.82633209689033,0.414930661974959,-165089.752770605,69886.4631853706,annulus_0125_025,equal_transaction,group_hedonics,dollars,event,2014
sale_year::2015:treated,33352.1286067781,54149.6156546725,0.615925490948525,0.542440061870784,-77086.7406381239,143790.99785168,annulus_0125_025,equal_transaction,group_hedonics,dollars,event,2015
sale_year::2016:treated,57137.8146107307,67510.9515470619,0.846348826395966,0.403844386011619,-80551.6788485184,194827.30806998,annulus_0125_025,equal_transaction,group_hedonics,dollars,event,2016
sale_year::2017:treated,46157.1043954973,90784.9624455425,0.508422354893683,0.614756469873931,-139000.04724278,231314.256033774,annulus_0125_025,equal_transaction,group_hedonics,dollars,event,2017
sale_year::2018:treated,-44147.3552540159,60154.4807867388,-0.733899697522587,0.468524590992108,-166833.227679564,78538.5171715322,annulus_0125_025,equal_transaction,group_hedonics,dollars,event,2018
treated_post,-0.286030778274819,0.110086067468303,-2.59824685223838,0.0142122464887395,-0.510552793137324,-0.0615087634123135,annulus_0125_025,equal_transaction,group_hedonics,log,did,
sale_year::2008:treated,-0.316216061282709,0.246059652331151,-1.28511951588528,0.208269563118166,-0.818058030827717,0.185625908262298,annulus_0125_025,equal_transaction,group_hedonics,log,event,2008
sale_year::2009:treated,-0.151790593051991,0.266039916607131,-0.570555708285477,0.572413676218498,-0.694382580250413,0.390801394146431,annulus_0125_025,equal_transaction,group_hedonics,log,event,2009
sale_year::2010:treated,0.121026128737221,0.16873194672164,0.717268609108624,0.478578566381398,-0.223104945438206,0.465157202912648,annulus_0125_025,equal_transaction,group_hedonics,log,event,2010
sale_year::2011:treated,-0.053167940785761,0.203176075168312,-0.261684062661987,0.795295951588506,-0.46754827807758,0.361212396506058,annulus_0125_025,equal_transaction,group_hedonics,log,event,2011
sale_year::2013:treated,-0.401743056614146,0.261940489899934,-1.53371881058793,0.135242470854271,-0.935974207920725,0.132488094692433,annulus_0125_025,equal_transaction,group_hedonics,log,event,2013
sale_year::2014:treated,-0.308880607257775,0.197093879470154,-1.56717503398957,0.127226085877244,-0.710856224639587,0.0930950101240375,annulus_0125_025,equal_transaction,group_hedonics,log,event,2014
sale_year::2015:treated,-0.148324802707632,0.198870092676721,-0.745837650655422,0.46138397319744,-0.553923030807904,0.257273425392641,annulus_0125_025,equal_transaction,group_hedonics,log,event,2015
sale_year::2016:treated,-0.225362896885851,0.216993566505315,-1.03856948625401,0.307038263231712,-0.667924193554954,0.217198399783252,annulus_0125_025,equal_transaction,group_hedonics,log,event,2016
sale_year::2017:treated,-0.359450086201876,0.310635174828019,-1.15714547266221,0.256051761734145,-0.992994702187321,0.274094529783569,annulus_0125_025,equal_transaction,group_hedonics,log,event,2017
sale_year::2018:treated,-0.649392825752177,0.213682822730635,-3.03905020278954,0.00478911560772425,-1.08520181597525,-0.213583835529107,annulus_0125_025,equal_transaction,group_hedonics,log,event,2018
treated_post,72329.4426252996,48660.8402875981,1.48639937571596,0.147274129764775,-26914.9954542048,171573.880704804,annulus_0125_025,equal_site_year,site_unadjusted,dollars,did,
sale_year::2008:treated,64665.8402879319,58628.336792418,1.10297927292208,0.278525354642272,-54907.4409400618,184239.121515926,annulus_0125_025,equal_site_year,site_unadjusted,dollars,event,2008
sale_year::2009:treated,87808.8947717654,46554.2199966604,1.88616402074967,0.0686721142183335,-7139.06289791994,182756.852441451,annulus_0125_025,equal_site_year,site_unadjusted,dollars,event,2009
sale_year::2010:treated,-25262.2690613864,31613.2578882661,-0.799103627682834,0.43031072467022,-89737.9336089024,39213.3954861296,annulus_0125_025,equal_site_year,site_unadjusted,dollars,event,2010
sale_year::2011:treated,-18254.4890799034,33191.9985457714,-0.54996655458184,0.586283336192623,-85950.0164267743,49441.0382669675,annulus_0125_025,equal_site_year,site_unadjusted,dollars,event,2011
sale_year::2013:treated,74571.4744873954,46420.7607085955,1.60642508543785,0.118320324971531,-20104.2911697352,169247.240144526,annulus_0125_025,equal_site_year,site_unadjusted,dollars,event,2013
sale_year::2014:treated,49095.991524296,43519.3962755062,1.12814045520039,0.267916334325814,-39662.4023586528,137854.385407245,annulus_0125_025,equal_site_year,site_unadjusted,dollars,event,2014
sale_year::2015:treated,103575.408459559,50450.6136224811,2.053005920495,0.0485933858930012,680.703597559259,206470.113321559,annulus_0125_025,equal_site_year,site_unadjusted,dollars,event,2015
sale_year::2016:treated,122918.909722394,66196.1810493394,1.85688823394172,0.0728517461370298,-12089.0916278247,257926.911072613,annulus_0125_025,equal_site_year,site_unadjusted,dollars,event,2016
sale_year::2017:treated,126409.309617074,77890.0141365286,1.62292061464386,0.114733678525692,-32448.4215543828,285267.04078853,annulus_0125_025,equal_site_year,site_unadjusted,dollars,event,2017
sale_year::2018:treated,60673.383796345,65058.7372592047,0.932593935148361,0.358236793382329,-72014.7856493739,193361.553242064,annulus_0125_025,equal_site_year,site_unadjusted,dollars,event,2018
treated_post,0.161398135144399,0.145761848452772,1.10727283481653,0.276694079892073,-0.135885114746625,0.458681385035422,annulus_0125_025,equal_site_year,site_unadjusted,log,did,
sale_year::2008:treated,0.456472417274192,0.362654925362976,1.25869631252717,0.217536910166798,-0.283167179405482,1.19611201395387,annulus_0125_025,equal_site_year,site_unadjusted,log,event,2008
sale_year::2009:treated,0.233871272286814,0.17163239722475,1.36262894458418,0.18281736493874,-0.116175309690313,0.58391785426394,annulus_0125_025,equal_site_year,site_unadjusted,log,event,2009
sale_year::2010:treated,0.168647747677676,0.26433685467139,0.638003156568273,0.528156727240743,-0.370470821802758,0.70776631715811,annulus_0125_025,equal_site_year,site_unadjusted,log,event,2010
sale_year::2011:treated,-0.118642073533803,0.253360291579044,-0.468274143490986,0.642864491553719,-0.635373794992178,0.398089647924572,annulus_0125_025,equal_site_year,site_unadjusted,log,event,2011
sale_year::2013:treated,0.354415125448851,0.121689270386319,2.91245994263677,0.00659381259038284,0.106228222213784,0.602602028683918,annulus_0125_025,equal_site_year,site_unadjusted,log,event,2013
sale_year::2014:treated,0.395708806509421,0.270149148682491,1.46477902462133,0.153050143909918,-0.155264014761061,0.946681627779903,annulus_0125_025,equal_site_year,site_unadjusted,log,event,2014
sale_year::2015:treated,0.278527558206134,0.184761034617462,1.50750161571032,0.141806390572394,-0.098295056266292,0.655350172678561,annulus_0125_025,equal_site_year,site_unadjusted,log,event,2015
sale_year::2016:treated,0.470885658987072,0.321688045941554,1.46379595054218,0.153317016539989,-0.185201436255712,1.12697275422986,annulus_0125_025,equal_site_year,site_unadjusted,log,event,2016
sale_year::2017:treated,0.319978181359512,0.176899234537683,1.80881608784662,0.0801882808626635,-0.0408101861373233,0.680766548856348,annulus_0125_025,equal_site_year,site_unadjusted,log,event,2017
sale_year::2018:treated,0.0550655725563327,0.153333073043832,0.359123908907714,0.721937012985677,-0.257659291693844,0.36779043680651,annulus_0125_025,equal_site_year,site_unadjusted,log,event,2018
treated_post,37897.6983691601,42812.8125264935,0.885195251905215,0.382866226551083,-49419.6084566719,125215.005194992,annulus_0125_025,equal_site_year,site_hedonics,dollars,did,
sale_year::2008:treated,34835.0741482603,58373.6567138061,0.596760184462136,0.555001084176734,-84218.7836348752,153888.931931396,annulus_0125_025,equal_site_year,site_hedonics,dollars,event,2008
sale_year::2009:treated,15968.9273203766,32421.4202922545,0.492542497411552,0.62580643548274,-50154.9953169458,82092.849957699,annulus_0125_025,equal_site_year,site_hedonics,dollars,event,2009
sale_year::2010:treated,-4512.56971371616,38791.3151925484,-0.116329381752517,0.908141854698597,-83627.9786523199,74602.8392248876,annulus_0125_025,equal_site_year,site_hedonics,dollars,event,2010
sale_year::2011:treated,7238.50169521372,32930.0564880883,0.219814432988662,0.827456766066351,-59922.7913028356,74399.7946932631,annulus_0125_025,equal_site_year,site_hedonics,dollars,event,2011
sale_year::2013:treated,35978.1231376447,36861.3775790158,0.976038485282388,0.336600933821379,-39201.152087453,111157.398362743,annulus_0125_025,equal_site_year,site_hedonics,dollars,event,2013
sale_year::2014:treated,-5700.35395539366,48540.4643453488,-0.117435093221144,0.907272857219333,-104699.283682058,93298.5757712706,annulus_0125_025,equal_site_year,site_hedonics,dollars,event,2014
sale_year::2015:treated,53779.5028776287,55555.1752654272,0.968037678230428,0.340517845688577,-59526.0240931193,167085.029848377,annulus_0125_025,equal_site_year,site_hedonics,dollars,event,2015
sale_year::2016:treated,88752.3216767499,56163.7595883039,1.58024182012261,0.124202336187942,-25794.4212037711,203299.064557271,annulus_0125_025,equal_site_year,site_hedonics,dollars,event,2016
sale_year::2017:treated,86515.1069399899,60435.2321315142,1.43153428701528,0.162282646439185,-36743.3616283216,209773.575508301,annulus_0125_025,equal_site_year,site_hedonics,dollars,event,2017
sale_year::2018:treated,25134.8822510716,46774.1279532874,0.537367201718297,0.594850655797343,-70261.5806531242,120531.345155267,annulus_0125_025,equal_site_year,site_hedonics,dollars,event,2018
treated_post,0.0759673073161939,0.132855366008015,0.571804584179241,0.571577667463614,-0.194992998083069,0.346927612715457,annulus_0125_025,equal_site_year,site_hedonics,log,did,
sale_year::2008:treated,0.372507931313704,0.343534453048403,1.08433936686175,0.286575810655785,-0.32813520497895,1.07315106760636,annulus_0125_025,equal_site_year,site_hedonics,log,event,2008
sale_year::2009:treated,0.0110034301801364,0.133339799992574,0.0825217240520025,0.934762389540947,-0.260944884844526,0.282951745204799,annulus_0125_025,equal_site_year,site_hedonics,log,event,2009
sale_year::2010:treated,0.277695247009773,0.266968591753241,1.04017946525502,0.306301664394053,-0.266790785636476,0.822181279656021,annulus_0125_025,equal_site_year,site_hedonics,log,event,2010
sale_year::2011:treated,-0.0729914290526428,0.164493902560185,-0.443733341580468,0.660317246658396,-0.408478955174361,0.262496097069075,annulus_0125_025,equal_site_year,site_hedonics,log,event,2011
sale_year::2013:treated,0.24077058718801,0.105119110092946,2.29045496080704,0.0289558163755267,0.0263787486802222,0.455162425695797,annulus_0125_025,equal_site_year,site_hedonics,log,event,2013
sale_year::2014:treated,0.236628904582267,0.267212572089981,0.885545551736184,0.382680294371442,-0.308354729241418,0.781612538405952,annulus_0125_025,equal_site_year,site_hedonics,log,event,2014
sale_year::2015:treated,0.18145807672303,0.219954590899052,0.824979719592711,0.415686425516288,-0.267142269012209,0.630058422458268,annulus_0125_025,equal_site_year,site_hedonics,log,event,2015
sale_year::2016:treated,0.341560903956262,0.240526512471467,1.42005511345358,0.165571111947071,-0.148996152444128,0.832117960356652,annulus_0125_025,equal_site_year,site_hedonics,log,event,2016
sale_year::2017:treated,0.249347997276575,0.160417806088473,1.55436608538989,0.130248215059572,-0.077826275282278,0.576522269835428,annulus_0125_025,equal_site_year,site_hedonics,log,event,2017
sale_year::2018:treated,-0.00583104641472332,0.181870284021994,-0.0320615676501509,0.974628493952904,-0.376757936177514,0.365095843348067,annulus_0125_025,equal_site_year,site_hedonics,log,event,2018
treated_post,-3979.08124539432,48953.9109859869,-0.0812821930924648,0.935740059363051,-103821.240955008,95863.0784642189,annulus_0125_025,equal_site_year,group_hedonics,dollars,did,
sale_year::2008:treated,-29429.5699422041,45130.926873095,-0.652093187116629,0.519147203565596,-121474.702148214,62615.5622638062,annulus_0125_025,equal_site_year,group_hedonics,dollars,event,2008
sale_year::2009:treated,14200.1290782692,27311.8531565892,0.519925506220853,0.606808714345215,-41502.7626805986,69903.0208371371,annulus_0125_025,equal_site_year,group_hedonics,dollars,event,2009
sale_year::2010:treated,-44849.1073484457,30281.1905563112,-1.48108797984821,0.14867666049801,-106608.002660934,16909.787964043,annulus_0125_025,equal_site_year,group_hedonics,dollars,event,2010
sale_year::2011:treated,-28733.356821124,56894.4585573386,-0.505029093337206,0.617110092398678,-144770.370074259,87303.6564320113,annulus_0125_025,equal_site_year,group_hedonics,dollars,event,2011
sale_year::2013:treated,-54363.2957661895,58835.5386698181,-0.923987389174312,0.362629638958576,-174359.168009259,65632.5764768804,annulus_0125_025,equal_site_year,group_hedonics,dollars,event,2013
sale_year::2014:treated,-102593.993104205,89450.1334281238,-1.14694063801081,0.260181684934611,-285028.743012816,79840.7568044066,annulus_0125_025,equal_site_year,group_hedonics,dollars,event,2014
sale_year::2015:treated,93791.671178209,73773.2289672891,1.27135103737693,0.213060419562475,-56669.8212846582,244253.163641076,annulus_0125_025,equal_site_year,group_hedonics,dollars,event,2015
sale_year::2016:treated,19220.0862000707,57802.2977626582,0.332514224243994,0.741739129866699,-98668.4773194797,137108.649719621,annulus_0125_025,equal_site_year,group_hedonics,dollars,event,2016
sale_year::2017:treated,7040.72545166337,48356.3462776366,0.145600856839746,0.885179118003916,-91582.6930001774,105664.143903504,annulus_0125_025,equal_site_year,group_hedonics,dollars,event,2017
sale_year::2018:treated,-92903.5364405415,65595.5953433393,-1.41630754251513,0.166656003867594,-226686.63516766,40879.5622865765,annulus_0125_025,equal_site_year,group_hedonics,dollars,event,2018
treated_post,-0.132608400363496,0.152561904163129,-0.869210443399437,0.391412351744171,-0.443760455312037,0.178543654585046,annulus_0125_025,equal_site_year,group_hedonics,log,did,
sale_year::2008:treated,0.0790440658055784,0.2647440045914,0.298567916306824,0.767262001071641,-0.460904891411414,0.618993023022571,annulus_0125_025,equal_site_year,group_hedonics,log,event,2008
sale_year::2009:treated,-0.0716864887006095,0.142783080239854,-0.502065711008523,0.619168925146854,-0.362894500767689,0.219521523366471,annulus_0125_025,equal_site_year,group_hedonics,log,event,2009
sale_year::2010:treated,0.186110920179755,0.294057155779954,0.632907298875679,0.531435614097104,-0.413622603042543,0.785844443402054,annulus_0125_025,equal_site_year,group_hedonics,log,event,2010
sale_year::2011:treated,-0.176989394163158,0.456933242151324,-0.387341908699529,0.7011497691142,-1.10891088563629,0.754932097309974,annulus_0125_025,equal_site_year,group_hedonics,log,event,2011
sale_year::2013:treated,-0.233959068857279,0.250353324088452,-0.934515528040759,0.357260812325341,-0.744558039685714,0.276639901971156,annulus_0125_025,equal_site_year,group_hedonics,log,event,2013
sale_year::2014:treated,-0.236078003745641,0.41627179311558,-0.567124671068196,0.574713574318314,-1.08506992316041,0.612913915669128,annulus_0125_025,equal_site_year,group_hedonics,log,event,2014
sale_year::2015:treated,0.38074293666459,0.408045736755597,0.933088873056011,0.357985245307475,-0.451471830193179,1.21295770352236,annulus_0125_025,equal_site_year,group_hedonics,log,event,2015
sale_year::2016:treated,0.039998436223559,0.320530341641692,0.124788299350056,0.901496860377467,-0.613727505532706,0.693724377979824,annulus_0125_025,equal_site_year,group_hedonics,log,event,2016
sale_year::2017:treated,-0.0666871639478264,0.19192858900088,-0.347458209821574,0.730595173105294,-0.45812810196301,0.324753774067357,annulus_0125_025,equal_site_year,group_hedonics,log,event,2017
sale_year::2018:treated,-0.601510525857631,0.338757546136976,-1.7756372742599,0.0856114873718249,-1.29241109627225,0.0893900445569826,annulus_0125_025,equal_site_year,group_hedonics,log,event,2018
treated_post,64432.080353243,55991.6540534082,1.15074436436159,0.258636687645824,-49763.650974659,178627.811681145,annulus_025_05,equal_transaction,site_unadjusted,dollars,did,
sale_year::2008:treated,-40641.1445955306,49935.3968661265,-0.81387446873581,0.42192468773755,-142485.057955137,61202.7687640756,annulus_025_05,equal_transaction,site_unadjusted,dollars,event,2008
sale_year::2009:treated,42506.1045054757,37893.4885729576,1.12172581903187,0.270592966879303,-34778.17496994,119790.383980891,annulus_025_05,equal_transaction,site_unadjusted,dollars,event,2009
sale_year::2010:treated,-88844.2211130877,60468.290659512,-1.4692695980668,0.151835809563907,-212170.112993769,34481.6707675933,annulus_025_05,equal_transaction,site_unadjusted,dollars,event,2010
sale_year::2011:treated,-107016.007038858,34981.1964521901,-3.05924376214862,0.00454864408110892,-178360.627574134,-35671.386503582,annulus_025_05,equal_transaction,site_unadjusted,dollars,event,2011
sale_year::2013:treated,38293.8915559686,38128.7162667314,1.00433204433324,0.322994108824618,-39470.1379638637,116057.921075801,annulus_025_05,equal_transaction,site_unadjusted,dollars,event,2013
sale_year::2014:treated,36647.5032113902,50537.4160283904,0.725155856619236,0.473795145486856,-66424.2363246415,139719.242747422,annulus_025_05,equal_transaction,site_unadjusted,dollars,event,2014
sale_year::2015:treated,15625.2781558017,41975.769914376,0.372245183058579,0.712243052002521,-69984.86900741,101235.425319013,annulus_025_05,equal_transaction,site_unadjusted,dollars,event,2015
sale_year::2016:treated,76372.6051084691,58641.1440408335,1.30237235916285,0.202382479499418,-43226.7966748795,195972.006891818,annulus_025_05,equal_transaction,site_unadjusted,dollars,event,2016
sale_year::2017:treated,4521.45617728662,47405.9334123401,0.0953774317227062,0.924628925011207,-92163.5824561537,101206.494810727,annulus_025_05,equal_transaction,site_unadjusted,dollars,event,2017
sale_year::2018:treated,-25160.0978843518,46639.1612531899,-0.539462915033255,0.593421457607748,-120281.294388883,69961.0986201792,annulus_025_05,equal_transaction,site_unadjusted,dollars,event,2018
treated_post,0.0307356755325436,0.115307175322692,0.266554752091782,0.791577096479385,-0.204434859004074,0.265906210069161,annulus_025_05,equal_transaction,site_unadjusted,log,did,
sale_year::2008:treated,-0.223003410852159,0.269410184183313,-0.827746774043339,0.41414099510704,-0.772469104090158,0.32646228238584,annulus_025_05,equal_transaction,site_unadjusted,log,event,2008
sale_year::2009:treated,0.0101351843049025,0.111967317722598,0.0905191310379755,0.928457048877703,-0.218223665747275,0.23849403435708,annulus_025_05,equal_transaction,site_unadjusted,log,event,2009
sale_year::2010:treated,-0.294378081706623,0.178743568988994,-1.64692963988399,0.109674128557313,-0.65892799411656,0.0701718307033146,annulus_025_05,equal_transaction,site_unadjusted,log,event,2010
sale_year::2011:treated,-0.324220705446253,0.115194052963918,-2.81456114360183,0.00841077063321405,-0.559160525411063,-0.0892808854814435,annulus_025_05,equal_transaction,site_unadjusted,log,event,2011
sale_year::2013:treated,-0.0517988391285293,0.12873781629743,-0.402359156138362,0.690180798200857,-0.314361346526848,0.210763668269789,annulus_025_05,equal_transaction,site_unadjusted,log,event,2013
sale_year::2014:treated,0.00226449535754965,0.202842173076353,0.0111638291150493,0.991164275593766,-0.41143484412794,0.415963834843039,annulus_025_05,equal_transaction,site_unadjusted,log,event,2014
sale_year::2015:treated,-0.0526725536604318,0.0817937946125141,-0.643967600598067,0.524332732689144,-0.21949209760444,0.114146990283577,annulus_025_05,equal_transaction,site_unadjusted,log,event,2015
sale_year::2016:treated,-0.0566839855192408,0.103187531609934,-0.549329794354573,0.586714877938788,-0.267136343738155,0.153768372699673,annulus_025_05,equal_transaction,site_unadjusted,log,event,2016
sale_year::2017:treated,-0.220836516929873,0.103088307481987,-2.14220722334063,0.0401411190533846,-0.431086506205633,-0.0105865276541126,annulus_025_05,equal_transaction,site_unadjusted,log,event,2017
sale_year::2018:treated,-0.334877575787435,0.127094517014665,-2.63487035989754,0.0130218224558991,-0.594088552202102,-0.0756665993727683,annulus_025_05,equal_transaction,site_unadjusted,log,event,2018
treated_post,67862.3441416873,47501.1587556106,1.42864607768483,0.163105133196123,-29016.9078597909,164741.596143166,annulus_025_05,equal_transaction,site_hedonics,dollars,did,
sale_year::2008:treated,-43756.3230701354,43124.8482987694,-1.0146429447587,0.318130218064016,-131710.031049281,44197.38490901,annulus_025_05,equal_transaction,site_hedonics,dollars,event,2008
sale_year::2009:treated,39283.4499931411,33916.7287131464,1.15823227898493,0.255614758164883,-29890.1742751001,108457.074261382,annulus_025_05,equal_transaction,site_hedonics,dollars,event,2009
sale_year::2010:treated,-51159.7991154813,45831.9216061588,-1.11624818080084,0.272893794465779,-144634.619505428,42315.0212744655,annulus_025_05,equal_transaction,site_hedonics,dollars,event,2010
sale_year::2011:treated,-92277.7447125102,37015.0350230157,-2.49298007296582,0.0182165826027028,-167770.406360785,-16785.0830642357,annulus_025_05,equal_transaction,site_hedonics,dollars,event,2011
sale_year::2013:treated,59096.1982609709,38868.9881761533,1.52039456219309,0.138547009238753,-20177.6257721169,138370.022294059,annulus_025_05,equal_transaction,site_hedonics,dollars,event,2013
sale_year::2014:treated,50886.3412605279,47832.5614012994,1.06384311794654,0.295616721995962,-46668.8108930041,148441.49341406,annulus_025_05,equal_transaction,site_hedonics,dollars,event,2014
sale_year::2015:treated,30423.7021820505,43397.0447020715,0.701054700634909,0.48849830176098,-58085.1540216904,118932.558385791,annulus_025_05,equal_transaction,site_hedonics,dollars,event,2015
sale_year::2016:treated,80872.9272545069,54178.4312924163,1.49271444974132,0.145620394788139,-29624.7118710401,191370.566380054,annulus_025_05,equal_transaction,site_hedonics,dollars,event,2016
sale_year::2017:treated,13429.1926256008,40958.0753704305,0.327876554358214,0.745209226609107,-70105.3528309099,96963.7380821114,annulus_025_05,equal_transaction,site_hedonics,dollars,event,2017
sale_year::2018:treated,3396.99248498463,43456.1590986725,0.0781705644364783,0.938194775320747,-85232.4283254995,92026.4132954688,annulus_025_05,equal_transaction,site_hedonics,dollars,event,2018
treated_post,0.072470938895762,0.108898278749369,0.665492051188018,0.510657441194086,-0.149628564903,0.294570442694524,annulus_025_05,equal_transaction,site_hedonics,log,did,
sale_year::2008:treated,-0.22961059002319,0.291376587649976,-0.788020039204437,0.436669522606845,-0.823877058500418,0.364655878454039,annulus_025_05,equal_transaction,site_hedonics,log,event,2008
sale_year::2009:treated,0.0133355729807317,0.0962448769441363,0.138558782598601,0.890694995047154,-0.182957147693602,0.209628293655065,annulus_025_05,equal_transaction,site_hedonics,log,event,2009
sale_year::2010:treated,-0.174130621770391,0.119562922445079,-1.45639315441103,0.155338572945204,-0.417980809787581,0.0697195662467993,annulus_025_05,equal_transaction,site_hedonics,log,event,2010
sale_year::2011:treated,-0.229866359639189,0.109526578768453,-2.09872674033891,0.0440827562115184,-0.453247289775244,-0.00648542950313341,annulus_025_05,equal_transaction,site_hedonics,log,event,2011
sale_year::2013:treated,0.0127869929274899,0.114977944094213,0.111212572360941,0.912164727210928,-0.221712070091671,0.247286055946651,annulus_025_05,equal_transaction,site_hedonics,log,event,2013
sale_year::2014:treated,0.108931276802947,0.207481268662759,0.525017402799884,0.603306061039133,-0.314229560510136,0.53209211411603,annulus_025_05,equal_transaction,site_hedonics,log,event,2014
sale_year::2015:treated,0.0174898623135417,0.0939992697612347,0.186063810473924,0.853606927677362,-0.17422291231594,0.209202636943023,annulus_025_05,equal_transaction,site_hedonics,log,event,2015
sale_year::2016:treated,-0.00326980913076347,0.108134475235278,-0.0302383594468743,0.976070798596275,-0.223811525392133,0.217271907130606,annulus_025_05,equal_transaction,site_hedonics,log,event,2016
sale_year::2017:treated,-0.154458150394555,0.0963935226128424,-1.6023706386883,0.11921587309696,-0.351054035908964,0.0421377351198531,annulus_025_05,equal_transaction,site_hedonics,log,event,2017
sale_year::2018:treated,-0.189574706489942,0.130820436322954,-1.44912149675104,0.157344925578855,-0.456384745434052,0.0772353324541668,annulus_025_05,equal_transaction,site_hedonics,log,event,2018
treated_post,44987.5376201246,42663.6903785591,1.0544689693026,0.299817764297746,-42025.6325798398,132000.707820089,annulus_025_05,equal_transaction,group_hedonics,dollars,did,
sale_year::2008:treated,-86156.2801958394,45335.5231288636,-1.90041438257909,0.0667135085542104,-178618.689216572,6306.12882489337,annulus_025_05,equal_transaction,group_hedonics,dollars,event,2008
sale_year::2009:treated,30488.0741271405,57326.3500908519,0.531833512491592,0.598632329735167,-86429.7877159799,147405.935970261,annulus_025_05,equal_transaction,group_hedonics,dollars,event,2009
sale_year::2010:treated,-53477.8852020574,57079.2852988459,-0.936905304999303,0.356049492304107,-169891.85507975,62936.0846756355,annulus_025_05,equal_transaction,group_hedonics,dollars,event,2010
sale_year::2011:treated,-145912.633124435,76472.8006092739,-1.90803307792993,0.065686302326788,-301879.93825064,10054.6720017708,annulus_025_05,equal_transaction,group_hedonics,dollars,event,2011
sale_year::2013:treated,-54.7175825739978,49674.3367685601,-0.00110152618300542,0.999128167554625,-101366.195362876,101256.760197728,annulus_025_05,equal_transaction,group_hedonics,dollars,event,2013
sale_year::2014:treated,-2272.05944171926,65023.4504020833,-0.0349421543715322,0.972349896986131,-134888.260867858,130344.14198442,annulus_025_05,equal_transaction,group_hedonics,dollars,event,2014
sale_year::2015:treated,22132.578023616,47949.835750935,0.46157776511642,0.647606845380915,-75661.7567429151,119926.912790147,annulus_025_05,equal_transaction,group_hedonics,dollars,event,2015
sale_year::2016:treated,21028.9243340002,41377.4466772997,0.508221894357173,0.614895397395651,-63360.9345419029,105418.783209903,annulus_025_05,equal_transaction,group_hedonics,dollars,event,2016
sale_year::2017:treated,-5825.88227049535,44290.8323717713,-0.131536978614303,0.896200526230526,-96157.6304448122,84505.8659038215,annulus_025_05,equal_transaction,group_hedonics,dollars,event,2017
sale_year::2018:treated,-65020.4921510917,54405.0244151875,-1.19511925323097,0.241103662933625,-175980.270997391,45939.286695208,annulus_025_05,equal_transaction,group_hedonics,dollars,event,2018
treated_post,-0.0439716863623087,0.102604793539657,-0.428553918831419,0.671211111159223,-0.253235542451167,0.16529216972655,annulus_025_05,equal_transaction,group_hedonics,log,did,
sale_year::2008:treated,-0.401347615599788,0.257537047559481,-1.55840730257301,0.129288486433534,-0.926597887042582,0.123902655843005,annulus_025_05,equal_transaction,group_hedonics,log,event,2008
sale_year::2009:treated,-0.0655716223967342,0.156484912238596,-0.419028399982457,0.678084711630455,-0.384724705065513,0.253581460272044,annulus_025_05,equal_transaction,group_hedonics,log,event,2009
sale_year::2010:treated,-0.0955046785143505,0.174954345845827,-0.545883430632303,0.589053204430114,-0.452326419372403,0.261317062343702,annulus_025_05,equal_transaction,group_hedonics,log,event,2010
sale_year::2011:treated,-0.38929190080579,0.271465997438408,-1.43403558633201,0.161572997087065,-0.942950452820836,0.164366651209256,annulus_025_05,equal_transaction,group_hedonics,log,event,2011
sale_year::2013:treated,-0.158806571883767,0.207054160672832,-0.766980829400957,0.448895052088707,-0.58109631670833,0.263483172940795,annulus_025_05,equal_transaction,group_hedonics,log,event,2013
sale_year::2014:treated,-0.11747883057191,0.240147585197887,-0.489194303057868,0.628147685508552,-0.607263059702627,0.372305398558807,annulus_025_05,equal_transaction,group_hedonics,log,event,2014
sale_year::2015:treated,0.0119504075916945,0.165603268979708,0.072162872540631,0.942935873227649,-0.325799686259622,0.349700501443011,annulus_025_05,equal_transaction,group_hedonics,log,event,2015
sale_year::2016:treated,-0.281184713332035,0.149964434927738,-1.87500932116023,0.0702396371652002,-0.587039194848395,0.0246697681843254,annulus_025_05,equal_transaction,group_hedonics,log,event,2016
sale_year::2017:treated,-0.202044979974562,0.186752645352744,-1.08188550471633,0.287647779123076,-0.582929511321582,0.178839551372458,annulus_025_05,equal_transaction,group_hedonics,log,event,2017
sale_year::2018:treated,-0.478391038231538,0.21934050926554,-2.18104279885839,0.0368889056463146,-0.925738956218043,-0.0310431202450326,annulus_025_05,equal_transaction,group_hedonics,log,event,2018
treated_post,15534.7635241571,46719.7192518366,0.332509779016842,0.741742453347315,-79750.7321018288,110820.259150143,annulus_025_05,equal_site_year,site_unadjusted,dollars,did,
sale_year::2008:treated,-13829.2904598287,67708.6442215666,-0.204247044359275,0.839495473336469,-151921.980786984,124263.399867327,annulus_025_05,equal_site_year,site_unadjusted,dollars,event,2008
sale_year::2009:treated,33834.3121901373,40889.8785202785,0.827449564893127,0.414306818581206,-49561.1448734863,117229.769253761,annulus_025_05,equal_site_year,site_unadjusted,dollars,event,2009
sale_year::2010:treated,-55242.1028884423,54863.8168410486,-1.00689500055181,0.321780377380715,-167137.595056391,56653.3892795061,annulus_025_05,equal_site_year,site_unadjusted,dollars,event,2010
sale_year::2011:treated,-25085.4068994812,72147.8066480916,-0.347694657189481,0.730419321740615,-172231.828686272,122061.01488731,annulus_025_05,equal_site_year,site_unadjusted,dollars,event,2011
sale_year::2013:treated,37830.8016839671,32124.8217644364,1.17761903743377,0.2479105569569,-27688.2042676888,103349.807635623,annulus_025_05,equal_site_year,site_unadjusted,dollars,event,2013
sale_year::2014:treated,17417.9582781056,64893.3703558109,0.268408901904814,0.790162722566356,-114932.943144553,149768.859700764,annulus_025_05,equal_site_year,site_unadjusted,dollars,event,2014
sale_year::2015:treated,-3437.13809280618,41730.5029461987,-0.0823651250318628,0.934885900062995,-88547.0599764634,81672.7837908511,annulus_025_05,equal_site_year,site_unadjusted,dollars,event,2015
sale_year::2016:treated,34363.5396086828,54992.8700492238,0.624872634905656,0.53662735960097,-77795.1583126394,146522.237530005,annulus_025_05,equal_site_year,site_unadjusted,dollars,event,2016
sale_year::2017:treated,-9096.13908756988,53487.2082543385,-0.170061952837706,0.866066429131137,-118184.019532498,99991.7413573585,annulus_025_05,equal_site_year,site_unadjusted,dollars,event,2017
sale_year::2018:treated,-34016.3772752115,51864.6979356856,-0.655867644643245,0.516747926841252,-139795.12610833,71762.3715579073,annulus_025_05,equal_site_year,site_unadjusted,dollars,event,2018
treated_post,0.0750194145091053,0.0956570744571514,0.784253699319536,0.43884318473412,-0.120074475089197,0.270113304107408,annulus_025_05,equal_site_year,site_unadjusted,log,did,
sale_year::2008:treated,-0.0101416436911198,0.228792916392706,-0.0443267381307924,0.964928262580893,-0.476767873114294,0.456484585732054,annulus_025_05,equal_site_year,site_unadjusted,log,event,2008
sale_year::2009:treated,0.0594643315443757,0.149739132593746,0.397119513879563,0.694000363273938,-0.245930642832303,0.364859305921054,annulus_025_05,equal_site_year,site_unadjusted,log,event,2009
sale_year::2010:treated,-0.220057245481389,0.187403567661763,-1.17424256233244,0.249239957446418,-0.602269341630213,0.162154850667436,annulus_025_05,equal_site_year,site_unadjusted,log,event,2010
sale_year::2011:treated,-0.207339405531725,0.279933861460756,-0.740672830538553,0.464465427764925,-0.778268280082607,0.363589469019156,annulus_025_05,equal_site_year,site_unadjusted,log,event,2011
sale_year::2013:treated,0.0561971719228509,0.151089735681,0.371945663082644,0.712463800735329,-0.251952375611028,0.36434671945673,annulus_025_05,equal_site_year,site_unadjusted,log,event,2013
sale_year::2014:treated,0.414208377528889,0.300590648497442,1.37798158259209,0.178075144437508,-0.19885029194266,1.02726704700044,annulus_025_05,equal_site_year,site_unadjusted,log,event,2014
sale_year::2015:treated,0.0256155047634742,0.0947156874824544,0.270446273941889,0.78860941979533,-0.167558413441672,0.21878942296862,annulus_025_05,equal_site_year,site_unadjusted,log,event,2015
sale_year::2016:treated,-0.0604347644380819,0.147655499192224,-0.409295723956785,0.685136938475716,-0.361580140474997,0.240710611598833,annulus_025_05,equal_site_year,site_unadjusted,log,event,2016
sale_year::2017:treated,-0.153159344921225,0.126405050899672,-1.21165526085495,0.234799586376605,-0.41096414592353,0.104645456081079,annulus_025_05,equal_site_year,site_unadjusted,log,event,2017
sale_year::2018:treated,-0.238694628251297,0.16209073266859,-1.47259886065992,0.150940492143539,-0.569280857065133,0.0918916005625377,annulus_025_05,equal_site_year,site_unadjusted,log,event,2018
treated_post,23298.5420895981,41620.8042632869,0.55978115997507,0.579651445281082,-61587.6478552084,108184.732034405,annulus_025_05,equal_site_year,site_hedonics,dollars,did,
sale_year::2008:treated,-2087.90635183133,57396.8890859584,-0.0363766466280856,0.971215274362301,-119149.633423967,114973.820720304,annulus_025_05,equal_site_year,site_hedonics,dollars,event,2008
sale_year::2009:treated,32911.8571577526,39732.4777241462,0.828336389848435,0.413812149570728,-48123.0654192893,113946.779734795,annulus_025_05,equal_site_year,site_hedonics,dollars,event,2009
sale_year::2010:treated,-21653.4848326944,44691.5767616936,-0.484509305817427,0.631430299836536,-112802.556578826,69495.5869134368,annulus_025_05,equal_site_year,site_hedonics,dollars,event,2010
sale_year::2011:treated,2499.00230251171,77854.7565125775,0.0320982611012083,0.974599467352307,-156286.820470809,161284.825075832,annulus_025_05,equal_site_year,site_hedonics,dollars,event,2011
sale_year::2013:treated,43943.9342918492,42006.9756501403,1.04611040456331,0.30359874053472,-41729.8573890585,129617.725972757,annulus_025_05,equal_site_year,site_hedonics,dollars,event,2013
sale_year::2014:treated,44722.8319357401,58795.9682297049,0.760644535370458,0.452616536410154,-75192.3358626391,164637.999734119,annulus_025_05,equal_site_year,site_hedonics,dollars,event,2014
sale_year::2015:treated,12144.1102838644,48301.3215360985,0.251423975528047,0.803145587003548,-86367.0844677249,110655.305035454,annulus_025_05,equal_site_year,site_hedonics,dollars,event,2015
sale_year::2016:treated,47346.3848384221,51430.6410297089,0.920587103144845,0.364374882084171,-57547.099098456,152239.8687753,annulus_025_05,equal_site_year,site_hedonics,dollars,event,2016
sale_year::2017:treated,20380.5652088824,42970.7506794924,0.474289252261283,0.638617580435679,-67258.8586036899,108019.989021455,annulus_025_05,equal_site_year,site_hedonics,dollars,event,2017
sale_year::2018:treated,-4978.6958306696,54263.7846911176,-0.0917498817859744,0.927487104278794,-115650.414360563,105693.022699224,annulus_025_05,equal_site_year,site_hedonics,dollars,event,2018
treated_post,0.145797645722626,0.0965353998101858,1.51030239693732,0.141093138676031,-0.0510876002435015,0.342682891688753,annulus_025_05,equal_site_year,site_hedonics,log,did,
sale_year::2008:treated,0.0433363250749718,0.246093972916138,0.176096653491549,0.861363355115191,-0.458575641764604,0.545248291914548,annulus_025_05,equal_site_year,site_hedonics,log,event,2008
sale_year::2009:treated,0.0530317222657296,0.14482226897134,0.36618485984517,0.716714458438396,-0.242335242638956,0.348398687170415,annulus_025_05,equal_site_year,site_hedonics,log,event,2009
sale_year::2010:treated,-0.130241114142304,0.118773829019306,-1.0965472378695,0.281284882329637,-0.372481935507167,0.111999707222559,annulus_025_05,equal_site_year,site_hedonics,log,event,2010
sale_year::2011:treated,-0.0829633058177572,0.223175011866229,-0.37174101672048,0.712614641354415,-0.53813174341861,0.372205131783095,annulus_025_05,equal_site_year,site_hedonics,log,event,2011
sale_year::2013:treated,0.0974680405393731,0.140437177829256,0.694033033459811,0.492830019173212,-0.188955472017357,0.383891553096103,annulus_025_05,equal_site_year,site_hedonics,log,event,2013
sale_year::2014:treated,0.610979180683185,0.338625114610419,1.80429375826452,0.0809098073260684,-0.0796512938522891,1.30160965521866,annulus_025_05,equal_site_year,site_hedonics,log,event,2014
sale_year::2015:treated,0.108071486505491,0.0990095252965623,1.09152615550661,0.28345255850116,-0.0938597716581729,0.310002744669155,annulus_025_05,equal_site_year,site_hedonics,log,event,2015
sale_year::2016:treated,0.0115803834691766,0.154663716789544,0.0748745970261036,0.940795584902616,-0.303858346592745,0.327019113531098,annulus_025_05,equal_site_year,site_hedonics,log,event,2016
sale_year::2017:treated,-0.0302415772962574,0.118376230290831,-0.255470014731495,0.800047564950229,-0.271671490708125,0.21118833611561,annulus_025_05,equal_site_year,site_hedonics,log,event,2017
sale_year::2018:treated,-0.0810391359050129,0.168051824809484,-0.482227051071208,0.633032167999197,-0.423783092295409,0.261704820485384,annulus_025_05,equal_site_year,site_hedonics,log,event,2018
treated_post,27401.6970193461,36121.5047683378,0.758597882205755,0.453822489398286,-46268.5976597508,101071.991698443,annulus_025_05,equal_site_year,group_hedonics,dollars,did,
sale_year::2008:treated,-74555.3870238922,63121.29286852,-1.18114480289859,0.24652794049684,-203292.112583164,54181.33853538,annulus_025_05,equal_site_year,group_hedonics,dollars,event,2008
sale_year::2009:treated,30059.6308442387,52639.6102424729,0.571045847523862,0.572085499982892,-77299.5620583509,137418.823746828,annulus_025_05,equal_site_year,group_hedonics,dollars,event,2009
sale_year::2010:treated,1364.40294835914,47405.779190987,0.0287813631933414,0.977223459313862,-95320.3211485579,98049.1270452762,annulus_025_05,equal_site_year,group_hedonics,dollars,event,2010
sale_year::2011:treated,-82332.2479664118,96454.4849974877,-0.853586517708909,0.399881981800375,-279052.467084029,114387.971151205,annulus_025_05,equal_site_year,group_hedonics,dollars,event,2011
sale_year::2013:treated,8797.15457345499,55984.3433964029,0.157135978378202,0.876156676307967,-105383.666571183,122977.975718093,annulus_025_05,equal_site_year,group_hedonics,dollars,event,2013
sale_year::2014:treated,-18675.5376907403,90146.9832365451,-0.20716763911817,0.837233795172931,-202531.522153746,165180.446772265,annulus_025_05,equal_site_year,group_hedonics,dollars,event,2014
sale_year::2015:treated,65075.068899991,84570.0372987708,0.769481378731009,0.447431435292316,-107406.659333098,237556.79713308,annulus_025_05,equal_site_year,group_hedonics,dollars,event,2015
sale_year::2016:treated,10972.1409428602,61567.6043062684,0.178212894045368,0.85971529875601,-114595.815902188,136540.097787908,annulus_025_05,equal_site_year,group_hedonics,dollars,event,2016
sale_year::2017:treated,54027.313550621,49384.7536626762,1.09400795880558,0.282379647835627,-46693.5555913814,154748.182692623,annulus_025_05,equal_site_year,group_hedonics,dollars,event,2017
sale_year::2018:treated,-80927.2709327852,74735.7969167968,-1.08284482498904,0.287228363160904,-233351.933671744,71497.3918061731,annulus_025_05,equal_site_year,group_hedonics,dollars,event,2018
treated_post,0.119831998727873,0.09876877195039,1.21325795959135,0.23419515113928,-0.0816082397490077,0.321272237204754,annulus_025_05,equal_site_year,group_hedonics,log,did,
sale_year::2008:treated,-0.210850226999275,0.244632518735303,-0.861905964461819,0.395357758882506,-0.709781538385747,0.288081084387196,annulus_025_05,equal_site_year,group_hedonics,log,event,2008
sale_year::2009:treated,-0.0029540792038576,0.184883574220958,-0.0159780511400494,0.987354295611799,-0.38002661484533,0.374118456437615,annulus_025_05,equal_site_year,group_hedonics,log,event,2009
sale_year::2010:treated,-0.00801509834114444,0.134833987066238,-0.059444198866618,0.952979870292812,-0.283010827993976,0.266980631311687,annulus_025_05,equal_site_year,group_hedonics,log,event,2010
sale_year::2011:treated,-0.209053181689589,0.488758352423903,-0.427722985505679,0.671809574883539,-1.20588241349669,0.787776050117516,annulus_025_05,equal_site_year,group_hedonics,log,event,2011
sale_year::2013:treated,-0.0662174012946171,0.25349124831789,-0.261221646640744,0.795649269406807,-0.583216210782766,0.450781408193531,annulus_025_05,equal_site_year,group_hedonics,log,event,2013
sale_year::2014:treated,0.349204501671205,0.431258189127887,0.80973419282167,0.424265107384313,-0.530352373923687,1.2287613772661,annulus_025_05,equal_site_year,group_hedonics,log,event,2014
sale_year::2015:treated,0.417362389603704,0.36256094440567,1.15115098866445,0.258471920408303,-0.322085531649841,1.15681031085725,annulus_025_05,equal_site_year,group_hedonics,log,event,2015
sale_year::2016:treated,-0.129612435424333,0.274381036967579,-0.472381170567731,0.639963426564319,-0.689216249755901,0.429991378907235,annulus_025_05,equal_site_year,group_hedonics,log,event,2016
sale_year::2017:treated,0.122175066550469,0.18318776735079,0.666939000989698,0.509745201628579,-0.251438848176804,0.495788981277742,annulus_025_05,equal_site_year,group_hedonics,log,event,2017
sale_year::2018:treated,-0.432194751551619,0.234543187881882,-1.84270860925313,0.074953443575611,-0.910548736997397,0.0461592338941589,annulus_025_05,equal_site_year,group_hedonics,log,event,2018
treated_post,76529.1695817928,54608.0287903493,1.40142706625802,0.171019173035529,-34844.6394173267,187902.978580912,within_0125,equal_transaction,site_unadjusted,dollars,did,
sale_year::2008:treated,-48079.2715818746,33783.8846894634,-1.42314218817085,0.164681621619484,-116981.958677541,20823.4155137918,within_0125,equal_transaction,site_unadjusted,dollars,event,2008
sale_year::2009:treated,22756.5551483699,43723.3720449915,0.520466608223933,0.606436044520729,-66417.8500591831,111930.960355923,within_0125,equal_transaction,site_unadjusted,dollars,event,2009
sale_year::2010:treated,-34782.6811730033,39821.3627809832,-0.873467876132401,0.389124366211949,-115998.886018648,46433.5236726415,within_0125,equal_transaction,site_unadjusted,dollars,event,2010
sale_year::2011:treated,53478.7363513926,55053.5612499955,0.971394677059098,0.338870662245777,-58803.7420899814,165761.214792767,within_0125,equal_transaction,site_unadjusted,dollars,event,2011
sale_year::2013:treated,-24459.3415765607,27837.1548824737,-0.878658098495555,0.386346664297728,-81233.5932687853,32314.910115664,within_0125,equal_transaction,site_unadjusted,dollars,event,2013
sale_year::2014:treated,-13157.0502524457,32553.2691891407,-0.404169860053094,0.68886275738822,-79549.88048786,53235.7799829686,within_0125,equal_transaction,site_unadjusted,dollars,event,2014
sale_year::2015:treated,120882.365211559,82004.9002451177,1.47408709540813,0.150541637716168,-46367.7315087543,288132.461931873,within_0125,equal_transaction,site_unadjusted,dollars,event,2015
sale_year::2016:treated,75584.9006498316,72624.1604140263,1.04076797885065,0.306032714042634,-72533.0510478248,223702.852347488,within_0125,equal_transaction,site_unadjusted,dollars,event,2016
sale_year::2017:treated,93962.5228909387,75365.1071434379,1.24676427132394,0.221822394208296,-59745.6265172089,247670.672299086,within_0125,equal_transaction,site_unadjusted,dollars,event,2017
sale_year::2018:treated,82445.9669451603,107212.9259275,0.768992789180217,0.447717191695649,-136216.237111478,301108.171001799,within_0125,equal_transaction,site_unadjusted,dollars,event,2018
treated_post,0.133062328161971,0.139226985910615,0.955722249473952,0.346606678097798,-0.150892981703971,0.417017638027912,within_0125,equal_transaction,site_unadjusted,log,did,
sale_year::2008:treated,-0.251408850159527,0.210814795015536,-1.1925579043966,0.242091216661763,-0.681368459293014,0.178550758973961,within_0125,equal_transaction,site_unadjusted,log,event,2008
sale_year::2009:treated,0.131426734460273,0.238460765250344,0.551146157407893,0.585484310262438,-0.354917202705782,0.617770671626327,within_0125,equal_transaction,site_unadjusted,log,event,2009
sale_year::2010:treated,-0.43772956952324,0.24506095245942,-1.78620692170747,0.0838510200444207,-0.937534677250938,0.0620755382044578,within_0125,equal_transaction,site_unadjusted,log,event,2010
sale_year::2011:treated,-0.0318151418307365,0.195605656325418,-0.162649395873335,0.871850117446884,-0.430755508097621,0.367125224436148,within_0125,equal_transaction,site_unadjusted,log,event,2011
sale_year::2013:treated,-0.296754823403668,0.22111278619297,-1.34209707413611,0.189312112662863,-0.747717324014404,0.154207677207068,within_0125,equal_transaction,site_unadjusted,log,event,2013
sale_year::2014:treated,-0.0026494724763808,0.182081841353258,-0.0145509978188355,0.988483639555968,-0.374007836260967,0.368708891308206,within_0125,equal_transaction,site_unadjusted,log,event,2014
sale_year::2015:treated,0.162232404839863,0.276243843884188,0.58727971113766,0.561269323706001,-0.401170629246169,0.725635438925895,within_0125,equal_transaction,site_unadjusted,log,event,2015
sale_year::2016:treated,-0.022651055433239,0.287436328768836,-0.0788037320482741,0.937695228400196,-0.608881312940099,0.563579202073621,within_0125,equal_transaction,site_unadjusted,log,event,2016
sale_year::2017:treated,0.111177608717709,0.265859227443023,0.418182245495074,0.678696667765818,-0.431045860500897,0.653401077936316,within_0125,equal_transaction,site_unadjusted,log,event,2017
sale_year::2018:treated,-0.138385289143142,0.181947372581444,-0.760578661729216,0.452655321652775,-0.509469402059495,0.232698823773211,within_0125,equal_transaction,site_unadjusted,log,event,2018
treated_post,29186.1222035335,39695.1493040583,0.735256642567903,0.467709722320019,-51772.6685588064,110144.912965874,within_0125,equal_transaction,site_hedonics,dollars,did,
sale_year::2008:treated,-30915.030891589,29743.4538132671,-1.03938940936978,0.306662977736959,-91577.2048860178,29747.1431028397,within_0125,equal_transaction,site_hedonics,dollars,event,2008
sale_year::2009:treated,36953.9301588573,51093.7336799878,0.723257579692816,0.474943878362064,-67252.4267080748,141160.287025789,within_0125,equal_transaction,site_hedonics,dollars,event,2009
sale_year::2010:treated,-30575.9445308112,48214.3927038968,-0.634166331173968,0.530624494386857,-128909.846760246,67757.9576986233,within_0125,equal_transaction,site_hedonics,dollars,event,2010
sale_year::2011:treated,20502.5634279836,29494.1376409335,0.695140291185494,0.492145512625192,-39651.1268805668,80656.2537365339,within_0125,equal_transaction,site_hedonics,dollars,event,2011
sale_year::2013:treated,-43225.7261363532,29493.4198324787,-1.46560576501041,0.152825997805412,-103377.952464908,16926.5001922016,within_0125,equal_transaction,site_hedonics,dollars,event,2013
sale_year::2014:treated,-70195.0658178486,26694.0224312646,-2.62961739837435,0.0131866929927344,-124637.88350482,-15752.2481308772,within_0125,equal_transaction,site_hedonics,dollars,event,2014
sale_year::2015:treated,63734.9781547342,70601.6365116038,0.902740804659096,0.373624839683706,-80258.0088482733,207727.965157742,within_0125,equal_transaction,site_hedonics,dollars,event,2015
sale_year::2016:treated,41207.2723638972,66246.0331041827,0.622033809920241,0.538468097716847,-93902.402922505,176316.947650299,within_0125,equal_transaction,site_hedonics,dollars,event,2016
sale_year::2017:treated,72068.6606313626,62284.5775852724,1.15708676891475,0.256075381931368,-54961.5728569207,199098.894119646,within_0125,equal_transaction,site_hedonics,dollars,event,2017
sale_year::2018:treated,26775.610807346,73201.0017941347,0.365782026899683,0.717012038727795,-122518.816641479,176070.038256171,within_0125,equal_transaction,site_hedonics,dollars,event,2018
treated_post,-0.014488701459989,0.127098060698164,-0.113996243376185,0.909975885040224,-0.2737069052648,0.244729502344823,within_0125,equal_transaction,site_hedonics,log,did,
sale_year::2008:treated,-0.221537969665445,0.244383529450727,-0.906517596187317,0.371654663667089,-0.719961464058016,0.276885524727125,within_0125,equal_transaction,site_hedonics,log,event,2008
sale_year::2009:treated,0.116081295069202,0.229543099358778,0.505705880043757,0.616640331298497,-0.352074942600532,0.584237532738936,within_0125,equal_transaction,site_hedonics,log,event,2009
sale_year::2010:treated,-0.418642549962476,0.330428300204127,-1.26696941425372,0.214602419251197,-1.0925555112987,0.25527041137375,within_0125,equal_transaction,site_hedonics,log,event,2010
sale_year::2011:treated,-0.132018324650965,0.17437943774793,-0.757075067771471,0.454721012231787,-0.487667532712914,0.223630883410984,within_0125,equal_transaction,site_hedonics,log,event,2011
sale_year::2013:treated,-0.347271472251846,0.222763464873011,-1.55892472066644,0.129166024406423,-0.801600554226206,0.107057609722513,within_0125,equal_transaction,site_hedonics,log,event,2013
sale_year::2014:treated,-0.245149622807766,0.190198449985122,-1.28891493504254,0.206963423582514,-0.633061919036178,0.142762673420646,within_0125,equal_transaction,site_hedonics,log,event,2014
sale_year::2015:treated,-0.0331576889971603,0.267195772147197,-0.124095110976883,0.902041136474557,-0.578107059111638,0.511791681117318,within_0125,equal_transaction,site_hedonics,log,event,2015
sale_year::2016:treated,-0.1682365514988,0.307818361797686,-0.54654488613442,0.588604063164939,-0.796036239432894,0.459563136435294,within_0125,equal_transaction,site_hedonics,log,event,2016
sale_year::2017:treated,-0.00645416958689893,0.266562144295692,-0.0242126263050294,0.980838196096436,-0.550111247178223,0.537202908004425,within_0125,equal_transaction,site_hedonics,log,event,2017
sale_year::2018:treated,-0.27397546874619,0.210422885036808,-1.30202315541043,0.202500362185406,-0.703135772208286,0.155184834715905,within_0125,equal_transaction,site_hedonics,log,event,2018
treated_post,44377.7786020952,44889.4609367351,0.988601281370676,0.330512202670975,-47174.8805798623,135930.437784053,within_0125,equal_transaction,group_hedonics,dollars,did,
sale_year::2008:treated,-42670.7794073946,64579.8367435513,-0.660744615642832,0.513656771055153,-174382.224811952,89040.6659971631,within_0125,equal_transaction,group_hedonics,dollars,event,2008
sale_year::2009:treated,56232.8940807935,38926.751938039,1.44458222895918,0.158607780698456,-23158.7399213746,135624.528082962,within_0125,equal_transaction,group_hedonics,dollars,event,2009
sale_year::2010:treated,6715.08953991812,57960.5983422696,0.115856111427009,0.908513841221887,-111496.330140322,124926.509220158,within_0125,equal_transaction,group_hedonics,dollars,event,2010
sale_year::2011:treated,-72507.3541645352,76887.7937255615,-0.943028153770914,0.352958379258777,-229321.043331571,84306.3350025009,within_0125,equal_transaction,group_hedonics,dollars,event,2011
sale_year::2013:treated,-39250.4126030493,43759.0045933612,-0.896967674831528,0.376649490469231,-128497.490872132,49996.665666033,within_0125,equal_transaction,group_hedonics,dollars,event,2013
sale_year::2014:treated,-50123.073704965,45693.1135581331,-1.09695027985335,0.281111396085114,-143314.793214495,43068.6458045656,within_0125,equal_transaction,group_hedonics,dollars,event,2014
sale_year::2015:treated,115549.787269257,74176.9816960881,1.5577580083088,0.129442294581487,-35735.1643130154,266834.738851529,within_0125,equal_transaction,group_hedonics,dollars,event,2015
sale_year::2016:treated,48825.621444081,61188.3833832881,0.797955735130867,0.430966657284739,-75968.9092293936,173620.152117556,within_0125,equal_transaction,group_hedonics,dollars,event,2016
sale_year::2017:treated,8076.09684335441,87474.9894317662,0.0923246392576483,0.927034181239752,-170330.320326116,186482.514012825,within_0125,equal_transaction,group_hedonics,dollars,event,2017
sale_year::2018:treated,56436.6431471715,82468.3441971135,0.684343110033569,0.498843105651384,-111758.653744889,224631.940039232,within_0125,equal_transaction,group_hedonics,dollars,event,2018
treated_post,0.00741172309495478,0.134166016458315,0.0552429243306749,0.956299441509865,-0.26622167152122,0.28104511771113,within_0125,equal_transaction,group_hedonics,log,did,
sale_year::2008:treated,-0.151817473749324,0.349300165337494,-0.434633271938584,0.666839247708787,-0.864219857783632,0.560584910284985,within_0125,equal_transaction,group_hedonics,log,event,2008
sale_year::2009:treated,0.333230136377559,0.213131293264414,1.56349699414692,0.128087965695109,-0.101454002083071,0.767914274838188,within_0125,equal_transaction,group_hedonics,log,event,2009
sale_year::2010:treated,-0.181911979844861,0.429236112707515,-0.423803996120935,0.674635088739864,-1.05734480339076,0.69352084370104,within_0125,equal_transaction,group_hedonics,log,event,2010
sale_year::2011:treated,-0.435464618193558,0.437324015474503,-0.995748238799721,0.327081895855706,-1.32739282818588,0.456463591798761,within_0125,equal_transaction,group_hedonics,log,event,2011
sale_year::2013:treated,-0.317988267772983,0.279149056436704,-1.13913430993483,0.263373418149071,-0.88731652192451,0.251339986378544,within_0125,equal_transaction,group_hedonics,log,event,2013
sale_year::2014:treated,-0.112512216755025,0.256255398754682,-0.439062815073548,0.6636612633841,-0.635148548226872,0.410124114716822,within_0125,equal_transaction,group_hedonics,log,event,2014
sale_year::2015:treated,0.234462995592559,0.340062242485635,0.689470827101494,0.495656012217367,-0.459098520568608,0.928024511753727,within_0125,equal_transaction,group_hedonics,log,event,2015
sale_year::2016:treated,-0.119721501445376,0.35116695193565,-0.340924739032148,0.735460111891095,-0.835931221848174,0.596488218957422,within_0125,equal_transaction,group_hedonics,log,event,2016
sale_year::2017:treated,-0.160357856842037,0.445580645724276,-0.359885148470442,0.721373310864421,-1.06912557525069,0.748409861566619,within_0125,equal_transaction,group_hedonics,log,event,2017
sale_year::2018:treated,-0.133911769689039,0.282657131325578,-0.473760449846188,0.638990441064223,-0.710394789747392,0.442571250369314,within_0125,equal_transaction,group_hedonics,log,event,2018
treated_post,62963.2396092911,42287.5144605356,1.48893214492545,0.146609070716701,-23282.7147476537,149209.193966236,within_0125,equal_site_year,site_unadjusted,dollars,did,
sale_year::2008:treated,-50651.2470211148,36911.090017968,-1.3722501014318,0.179834167331851,-125931.911433909,24629.4173916791,within_0125,equal_site_year,site_unadjusted,dollars,event,2008
sale_year::2009:treated,37676.5262806593,33146.3582821211,1.13667166570699,0.264386164124351,-29925.9171347997,105278.969696118,within_0125,equal_site_year,site_unadjusted,dollars,event,2009
sale_year::2010:treated,-19574.7546755987,58648.7952177922,-0.333762264048356,0.740806231149291,-139189.761137235,100040.251786038,within_0125,equal_site_year,site_unadjusted,dollars,event,2010
sale_year::2011:treated,65911.3445481613,90389.26966325,0.729194347887946,0.471356610695599,-118438.786339988,250261.475436311,within_0125,equal_site_year,site_unadjusted,dollars,event,2011
sale_year::2013:treated,-1735.00796416245,41308.5466376592,-0.0420011863254643,0.96676711383298,-85984.3442827615,82514.3283544366,within_0125,equal_site_year,site_unadjusted,dollars,event,2013
sale_year::2014:treated,27171.3924308163,36089.9527350687,0.75287969009762,0.457201888118927,-46434.5514521672,100777.3363138,within_0125,equal_site_year,site_unadjusted,dollars,event,2014
sale_year::2015:treated,100961.685140765,94038.7981035965,1.07361734918754,0.291280593251717,-90831.7080744768,292755.078356007,within_0125,equal_site_year,site_unadjusted,dollars,event,2015
sale_year::2016:treated,83355.3075983496,70422.6409327509,1.18364359095747,0.245551486847977,-60272.6155147419,226983.230711441,within_0125,equal_site_year,site_unadjusted,dollars,event,2016
sale_year::2017:treated,102918.63156511,72574.0342762428,1.418119201881,0.166130845016201,-45097.0872005212,250934.350330741,within_0125,equal_site_year,site_unadjusted,dollars,event,2017
sale_year::2018:treated,42301.7904976492,94575.3657850071,0.447281278232764,0.657781727943965,-150585.939718732,235189.52071403,within_0125,equal_site_year,site_unadjusted,dollars,event,2018
treated_post,0.194624333790198,0.182893103195705,1.0641425531609,0.295483214185962,-0.178388609430608,0.567637277011004,within_0125,equal_site_year,site_unadjusted,log,did,
sale_year::2008:treated,-0.188369615366699,0.307417795854518,-0.612747921255161,0.544512334922356,-0.815352343673535,0.438613112940136,within_0125,equal_site_year,site_unadjusted,log,event,2008
sale_year::2009:treated,0.0405183907138394,0.212619457135719,0.190567651990456,0.850106859433757,-0.393121851079965,0.474158632507644,within_0125,equal_site_year,site_unadjusted,log,event,2009
sale_year::2010:treated,-0.424927532518638,0.260648121635702,-1.63027275950426,0.113164241852522,-0.956522881372618,0.106667816335343,within_0125,equal_site_year,site_unadjusted,log,event,2010
sale_year::2011:treated,-0.152903196348727,0.362577590579309,-0.421711656543432,0.676145600316499,-0.892385067697239,0.586578674999786,within_0125,equal_site_year,site_unadjusted,log,event,2011
sale_year::2013:treated,-0.371057606389895,0.499320562626986,-0.743125026611594,0.463000893490116,-1.38942860792985,0.647313395150063,within_0125,equal_site_year,site_unadjusted,log,event,2013
sale_year::2014:treated,0.260506416760289,0.26310300398333,0.990130910009657,0.329775983775735,-0.276095697651001,0.797108531171579,within_0125,equal_site_year,site_unadjusted,log,event,2014
sale_year::2015:treated,0.100156993276339,0.325194357471246,0.30799117812244,0.760149023668381,-0.563081271478508,0.763395258031185,within_0125,equal_site_year,site_unadjusted,log,event,2015
sale_year::2016:treated,0.039332130469912,0.323671964515118,0.121518496446963,0.904064658305788,-0.620801193380211,0.699465454320035,within_0125,equal_site_year,site_unadjusted,log,event,2016
sale_year::2017:treated,0.0564820018886392,0.25338236077963,0.222912130563668,0.825066193218485,-0.460294730001082,0.573258733778361,within_0125,equal_site_year,site_unadjusted,log,event,2017
sale_year::2018:treated,-0.185734972774432,0.341497065948334,-0.543884534582012,0.590411501362112,-0.88222283068098,0.510752885132116,within_0125,equal_site_year,site_unadjusted,log,event,2018
treated_post,31007.2000205061,39318.4969703182,0.788616107169957,0.436326112004561,-49183.4032425543,111197.803283566,within_0125,equal_site_year,site_hedonics,dollars,did,
sale_year::2008:treated,-52110.2348359504,37903.2886605531,-1.37482093711259,0.17904349553968,-129414.501721793,25194.0320498921,within_0125,equal_site_year,site_hedonics,dollars,event,2008
sale_year::2009:treated,41277.5164150121,36492.0638679887,1.13113680180806,0.266672609712163,-33148.5385305074,115703.571360532,within_0125,equal_site_year,site_hedonics,dollars,event,2009
sale_year::2010:treated,-31208.2383376348,57896.8850826165,-0.53903138818439,0.5937156079273,-149289.713968099,86873.2372928291,within_0125,equal_site_year,site_hedonics,dollars,event,2010
sale_year::2011:treated,-4147.83528580295,41030.3952105661,-0.101091770247799,0.920128630701712,-87829.8780287112,79534.2074571053,within_0125,equal_site_year,site_hedonics,dollars,event,2011
sale_year::2013:treated,-22505.7461610357,28780.6782105768,-0.781974142387128,0.440161944369044,-81204.3263679151,36192.8340458438,within_0125,equal_site_year,site_hedonics,dollars,event,2013
sale_year::2014:treated,-54102.2221592914,26111.3866455465,-2.07197813328382,0.0466744861589806,-107356.746326939,-847.697991643734,within_0125,equal_site_year,site_hedonics,dollars,event,2014
sale_year::2015:treated,53880.9006008384,79104.7926780139,0.681133200363142,0.500844001502368,-107454.387740371,215216.188942048,within_0125,equal_site_year,site_hedonics,dollars,event,2015
sale_year::2016:treated,43863.0420461678,59101.0874908276,0.742169795995297,0.463571068134685,-76674.4205880258,164400.504680361,within_0125,equal_site_year,site_hedonics,dollars,event,2016
sale_year::2017:treated,64185.8686450448,51177.7444190344,1.25417541108303,0.219153222781213,-40191.8292538146,168563.566543904,within_0125,equal_site_year,site_hedonics,dollars,event,2017
sale_year::2018:treated,-6314.36415970908,72554.8563185916,-0.0870288286697506,0.931208329205085,-154290.969222836,141662.240903418,within_0125,equal_site_year,site_hedonics,dollars,event,2018
treated_post,0.056467615589144,0.164596274541023,0.343067397768292,0.733863411440368,-0.279228699564027,0.392163930742315,within_0125,equal_site_year,site_hedonics,log,did,
sale_year::2008:treated,-0.149012022077072,0.338777139699112,-0.439852648290903,0.663095259991127,-0.839952553825126,0.541928509670982,within_0125,equal_site_year,site_hedonics,log,event,2008
sale_year::2009:treated,0.058838199966365,0.208404046450568,0.282327531391387,0.779568836667047,-0.366204655052991,0.483881054985721,within_0125,equal_site_year,site_hedonics,log,event,2009
sale_year::2010:treated,-0.412500093031627,0.314968811112201,-1.30965377675024,0.199936385039658,-1.05488321849045,0.229883032427198,within_0125,equal_site_year,site_hedonics,log,event,2010
sale_year::2011:treated,-0.246859974035988,0.300237695051724,-0.822215125230895,0.417234044713251,-0.859198790209044,0.365478842137067,within_0125,equal_site_year,site_hedonics,log,event,2011
sale_year::2013:treated,-0.404831069453097,0.415345908427327,-0.974684139747414,0.337261827946148,-1.25193463459636,0.442272495690168,within_0125,equal_site_year,site_hedonics,log,event,2013
sale_year::2014:treated,-0.0251014020092484,0.253989103552631,-0.098828657049246,0.921910620036338,-0.543115593943009,0.492912789924512,within_0125,equal_site_year,site_hedonics,log,event,2014
sale_year::2015:treated,-0.0583036279722209,0.30341536956487,-0.192157793640561,0.848871849278652,-0.677123354043108,0.560516098098666,within_0125,equal_site_year,site_hedonics,log,event,2015
sale_year::2016:treated,-0.0545201339100654,0.358020192352787,-0.152282287632375,0.879951110087091,-0.784707130295004,0.675666862474873,within_0125,equal_site_year,site_hedonics,log,event,2016
sale_year::2017:treated,-0.0524654467591317,0.297527326511024,-0.176338245546624,0.861175179248736,-0.65927642984874,0.554345536330477,within_0125,equal_site_year,site_hedonics,log,event,2017
sale_year::2018:treated,-0.389335350964947,0.244495339818415,-1.59240397487373,0.121441009220707,-0.887986884105864,0.109316182175971,within_0125,equal_site_year,site_hedonics,log,event,2018
treated_post,21020.2713901414,37396.6131009451,0.562090244199419,0.57809653847573,-55250.6238789201,97291.1666592029,within_0125,equal_site_year,group_hedonics,dollars,did,
sale_year::2008:treated,-109186.676906143,53182.0443860948,-2.05307408104626,0.0485863693904921,-217652.171538434,-721.182273851999,within_0125,equal_site_year,group_hedonics,dollars,event,2008
sale_year::2009:treated,16246.774519437,46660.6902401462,0.3481897596418,0.730051150780474,-78918.3306434789,111411.879682353,within_0125,equal_site_year,group_hedonics,dollars,event,2009
sale_year::2010:treated,-5183.46114420937,57575.9597376837,-0.0900282195524876,0.928843963401176,-122610.405218394,112243.482929975,within_0125,equal_site_year,group_hedonics,dollars,event,2010
sale_year::2011:treated,-65228.8849813948,92768.9450992286,-0.703132766160312,0.4872204682557,-254432.395919282,123974.625956492,within_0125,equal_site_year,group_hedonics,dollars,event,2011
sale_year::2013:treated,-48615.4444190033,37895.0556424141,-1.28289676832115,0.209037395143805,-125902.919953647,28672.0311156403,within_0125,equal_site_year,group_hedonics,dollars,event,2013
sale_year::2014:treated,-107970.464170958,53798.1091048812,-2.00695648912987,0.0535424044151314,-217692.431081064,1751.50273914836,within_0125,equal_site_year,group_hedonics,dollars,event,2014
sale_year::2015:treated,99129.1283335215,82549.8898694,1.20083901372069,0.238909099677815,-69232.4820536624,267490.738720706,within_0125,equal_site_year,group_hedonics,dollars,event,2015
sale_year::2016:treated,13431.8881479302,52201.8328661014,0.25730683024834,0.798642214172396,-93034.4519090216,119898.228204882,within_0125,equal_site_year,group_hedonics,dollars,event,2016
sale_year::2017:treated,42022.7107016379,73555.8711736644,0.571303283220219,0.571913169644317,-107995.477618453,192040.899021728,within_0125,equal_site_year,group_hedonics,dollars,event,2017
sale_year::2018:treated,-79042.0622949526,76373.6177399855,-1.03493934992122,0.308703638505092,-234807.082625592,76722.958035687,within_0125,equal_site_year,group_hedonics,dollars,event,2018
treated_post,0.0147853109389812,0.179432093339183,0.0824005932485682,0.934857925938202,-0.351168856141338,0.380739478019301,within_0125,equal_site_year,group_hedonics,log,did,
sale_year::2008:treated,-0.405933061183301,0.371776567848347,-1.09187371203257,0.283302131852183,-1.16417637036511,0.352310247998509,within_0125,equal_site_year,group_hedonics,log,event,2008
sale_year::2009:treated,-0.0305678826797191,0.261775289286573,-0.116771459838807,0.907794404100651,-0.564462105113994,0.503326339754556,within_0125,equal_site_year,group_hedonics,log,event,2009
sale_year::2010:treated,-0.23273485754423,0.396903545474208,-0.586376363219848,0.561868463743127,-1.04222497546129,0.576755260372826,within_0125,equal_site_year,group_hedonics,log,event,2010
sale_year::2011:treated,-0.46133950077926,0.617306717744132,-0.747342427221862,0.460488446181169,-1.72034485216925,0.797665850610729,within_0125,equal_site_year,group_hedonics,log,event,2011
sale_year::2013:treated,-0.61397169430899,0.464697017970415,-1.32123011460357,0.196094183659804,-1.56172751095997,0.333784122341985,within_0125,equal_site_year,group_hedonics,log,event,2013
sale_year::2014:treated,-0.223253598701762,0.354632443053044,-0.629535179522108,0.533611314134625,-0.946531234836853,0.50002403743333,within_0125,equal_site_year,group_hedonics,log,event,2014
sale_year::2015:treated,0.233425489734739,0.471142993679716,0.495445104492887,0.62377996249106,-0.7274769810505,1.19432796051998,within_0125,equal_site_year,group_hedonics,log,event,2015
sale_year::2016:treated,-0.206612955439631,0.402066217245354,-0.513877929996663,0.610981107292596,-1.02663241185327,0.613406500974009,within_0125,equal_site_year,group_hedonics,log,event,2016
sale_year::2017:treated,-0.059989376309197,0.473715098040403,-0.126635981325806,0.900046339579869,-1.02613768852359,0.906158935905197,within_0125,equal_site_year,group_hedonics,log,event,2017
sale_year::2018:treated,-0.770459795269304,0.333043394476692,-2.3133916121649,0.0275020231087839,-1.44970627653802,-0.0912133140005872,within_0125,equal_site_year,group_hedonics,log,event,2018
treated_post,89839.9980169981,60183.6096364205,1.49276519902573,0.14560716566163,-32905.2830891539,212585.27912315,within_025,equal_transaction,site_unadjusted,dollars,did,
sale_year::2008:treated,5500.36177945694,28707.5463799782,0.191599856938422,0.849305136023627,-53049.0650755571,64049.7886344709,within_025,equal_transaction,site_unadjusted,dollars,event,2008
sale_year::2009:treated,54994.1177308874,30570.6714888833,1.79891755897104,0.081774751830809,-7355.17783605741,117343.413297832,within_025,equal_transaction,site_unadjusted,dollars,event,2009
sale_year::2010:treated,-41770.2996387737,21668.2795509031,-1.92771648254985,0.0630955316503051,-85963.047143117,2422.44786556951,within_025,equal_transaction,site_unadjusted,dollars,event,2010
sale_year::2011:treated,11230.2096819422,22160.5447780736,0.506765956992797,0.615904857329961,-33966.5193724087,56426.9387362931,within_025,equal_transaction,site_unadjusted,dollars,event,2011
sale_year::2013:treated,39751.8925756613,40127.3927768467,0.990642297562824,0.329530098731125,-42088.4645615476,121592.24971287,within_025,equal_transaction,site_unadjusted,dollars,event,2013
sale_year::2014:treated,33490.3845364706,43686.4945529857,0.766607274837568,0.449113944791529,-55608.8085302671,122589.577603208,within_025,equal_transaction,site_unadjusted,dollars,event,2014
sale_year::2015:treated,104215.250978444,57504.8893622922,1.81228504452669,0.0796385397544586,-13066.7441094885,221497.246066377,within_025,equal_transaction,site_unadjusted,dollars,event,2015
sale_year::2016:treated,117936.01733018,84397.8855550402,1.39738118502113,0.172220870792483,-54194.6051067496,290066.63976711,within_025,equal_transaction,site_unadjusted,dollars,event,2016
sale_year::2017:treated,132039.648881325,84185.8872696327,1.56842973524084,0.126933154940285,-39658.6002019033,303737.897964553,within_025,equal_transaction,site_unadjusted,dollars,event,2017
sale_year::2018:treated,81254.5398293369,79346.2430855494,1.02405024698813,0.313736696312416,-80573.1898646792,243082.269523353,within_025,equal_transaction,site_unadjusted,dollars,event,2018
treated_post,0.0506889834864344,0.114521857120416,0.442614054303509,0.661117992345188,-0.182879884016942,0.28425785098981,within_025,equal_transaction,site_unadjusted,log,did,
sale_year::2008:treated,-0.0669261526271647,0.160476606136629,-0.417046161670344,0.679518656249685,-0.39422034867488,0.260368043420551,within_025,equal_transaction,site_unadjusted,log,event,2008
sale_year::2009:treated,0.0940426290121187,0.164885070339978,0.570352602683864,0.572549694508458,-0.242242689056285,0.430327947080522,within_025,equal_transaction,site_unadjusted,log,event,2009
sale_year::2010:treated,-0.169202551129002,0.127521878392521,-1.32685115104865,0.19424913784438,-0.429285136820275,0.0908800345622716,within_025,equal_transaction,site_unadjusted,log,event,2010
sale_year::2011:treated,-0.0561066355345053,0.119360620919963,-0.470059849739954,0.641602423428732,-0.299544226870994,0.187330955801983,within_025,equal_transaction,site_unadjusted,log,event,2011
sale_year::2013:treated,-0.0329845665706614,0.108205200585181,-0.304833468190795,0.762530229120426,-0.253670528134158,0.187701394992836,within_025,equal_transaction,site_unadjusted,log,event,2013
sale_year::2014:treated,0.0590459267307911,0.126133239596959,0.468123445647349,0.642971048523653,-0.198204511464747,0.316296364926329,within_025,equal_transaction,site_unadjusted,log,event,2014
sale_year::2015:treated,0.0779574411548783,0.157745218425632,0.494198441847736,0.624649963045554,-0.243766052928937,0.399680935238694,within_025,equal_transaction,site_unadjusted,log,event,2015
sale_year::2016:treated,0.0235725112093499,0.184154304774105,0.12800412805047,0.898972502759716,-0.35201266958922,0.39915769200792,within_025,equal_transaction,site_unadjusted,log,event,2016
sale_year::2017:treated,0.0675156276750683,0.127682445024654,0.528777684841731,0.600725547026257,-0.192894435821484,0.327925691171621,within_025,equal_transaction,site_unadjusted,log,event,2017
sale_year::2018:treated,-0.130492867163531,0.105941271348382,-1.23174722657813,0.227305645023774,-0.346561514606887,0.0855757802798253,within_025,equal_transaction,site_unadjusted,log,event,2018
treated_post,54139.5635154789,44578.1433029453,1.21448673058355,0.233732521185522,-36778.159166264,145057.286197222,within_025,equal_transaction,site_hedonics,dollars,did,
sale_year::2008:treated,-16180.5398556862,23056.4768838988,-0.701778504025724,0.488053009267868,-63204.5344869258,30843.4547755534,within_025,equal_transaction,site_hedonics,dollars,event,2008
sale_year::2009:treated,8074.89924284042,28056.6619242412,0.287806841193165,0.775409997336499,-49147.0400126477,65296.8384983285,within_025,equal_transaction,site_hedonics,dollars,event,2009
sale_year::2010:treated,-33757.1937856629,20831.2538890227,-1.62050704991175,0.11525279376387,-76242.8161976221,8728.42862629637,within_025,equal_transaction,site_hedonics,dollars,event,2010
sale_year::2011:treated,13374.006175835,14906.5999188623,0.89718690034151,0.37653434543424,-17028.2047987362,43776.2171504062,within_025,equal_transaction,site_hedonics,dollars,event,2011
sale_year::2013:treated,12948.0980754856,33025.526431114,0.39206333629513,0.697693935297516,-54407.9071550914,80304.1033060626,within_025,equal_transaction,site_hedonics,dollars,event,2013
sale_year::2014:treated,-11078.4639820168,31052.1425004924,-0.356769713453465,0.723681309162926,-74409.7261511884,52252.7981871547,within_025,equal_transaction,site_hedonics,dollars,event,2014
sale_year::2015:treated,45982.5588770117,45165.5897032515,1.01808830968726,0.316516234818776,-46133.2686371929,138098.386391216,within_025,equal_transaction,site_hedonics,dollars,event,2015
sale_year::2016:treated,79532.2008451094,62184.2976333715,1.27897562362155,0.210397167696099,-47293.5103328681,206357.912023087,within_025,equal_transaction,site_hedonics,dollars,event,2016
sale_year::2017:treated,93791.4571106816,60136.9096163038,1.55963214121089,0.128998745720667,-28858.5786764955,216441.492897859,within_025,equal_transaction,site_hedonics,dollars,event,2017
sale_year::2018:treated,31343.362806088,52073.1307951999,0.60191047335639,0.551610953345586,-74860.4876466811,137547.213258857,within_025,equal_transaction,site_hedonics,dollars,event,2018
treated_post,-0.0293558220233161,0.108561402779474,-0.270407541462485,0.788638941436832,-0.25076826275171,0.192056618705077,within_025,equal_transaction,site_hedonics,log,did,
sale_year::2008:treated,-0.136413689936691,0.17987461643938,-0.758382103250597,0.453949743900408,-0.503270388830203,0.23044300895682,within_025,equal_transaction,site_hedonics,log,event,2008
sale_year::2009:treated,-0.0418620007182984,0.160050550279741,-0.261554869040629,0.795394660020016,-0.368287250116975,0.284563248680378,within_025,equal_transaction,site_hedonics,log,event,2009
sale_year::2010:treated,-0.127996895553106,0.160765632483034,-0.796170758489776,0.431987842316072,-0.455880564720678,0.199886773614466,within_025,equal_transaction,site_hedonics,log,event,2010
sale_year::2011:treated,-0.0766312892875696,0.107281026965242,-0.714304210682078,0.480383533076956,-0.295432386326395,0.142169807751256,within_025,equal_transaction,site_hedonics,log,event,2011
sale_year::2013:treated,-0.0956375199660293,0.0924145129757449,-1.03487555024101,0.308732963410815,-0.284118161822236,0.0928431218901778,within_025,equal_transaction,site_hedonics,log,event,2013
sale_year::2014:treated,-0.0769254015687646,0.12822097644498,-0.59994396940015,0.552904126207863,-0.338433807138379,0.18458300400085,within_025,equal_transaction,site_hedonics,log,event,2014
sale_year::2015:treated,-0.0685785815618156,0.167620793637383,-0.409129321450255,0.685257765429117,-0.410443444080895,0.273286280957264,within_025,equal_transaction,site_hedonics,log,event,2015
sale_year::2016:treated,-0.076213905237343,0.190104551596145,-0.400905210303699,0.691239863248162,-0.463934694438841,0.311506883964155,within_025,equal_transaction,site_hedonics,log,event,2016
sale_year::2017:treated,-0.0285065971566465,0.149471644774508,-0.190715752139152,0.849991818626284,-0.333356026529243,0.27634283221595,within_025,equal_transaction,site_hedonics,log,event,2017
sale_year::2018:treated,-0.23425194272109,0.136258886588131,-1.71916818481837,0.0955558335514449,-0.512153774108587,0.0436498886664068,within_025,equal_transaction,site_hedonics,log,event,2018
treated_post,18227.2949886161,41669.4778466884,0.437425567358404,0.664835174673179,-66758.1653840222,103212.755361254,within_025,equal_transaction,group_hedonics,dollars,did,
sale_year::2008:treated,-63659.3546850807,45571.5183937034,-1.39691098582918,0.172360956939419,-156603.07922174,29284.3698515786,within_025,equal_transaction,group_hedonics,dollars,event,2008
sale_year::2009:treated,21410.7075179812,21189.6458068913,1.01043253450787,0.320110254297912,-21805.8600295509,64627.2750655133,within_025,equal_transaction,group_hedonics,dollars,event,2009
sale_year::2010:treated,8626.4115827221,38116.3277282818,0.226318013745102,0.822439749318986,-69112.3513463609,86365.1745118051,within_025,equal_transaction,group_hedonics,dollars,event,2010
sale_year::2011:treated,-24696.5373155847,36621.5463237999,-0.674371778221028,0.505073291302782,-99386.6734708037,49993.5988396342,within_025,equal_transaction,group_hedonics,dollars,event,2011
sale_year::2013:treated,-63493.400083265,36785.3058544528,-1.72605334136645,0.0942935805697311,-138517.526003226,11530.725836696,within_025,equal_transaction,group_hedonics,dollars,event,2013
sale_year::2014:treated,-54795.8697639534,41279.5306642895,-1.32743441803123,0.194058454361735,-138986.027614705,29394.2880867979,within_025,equal_transaction,group_hedonics,dollars,event,2014
sale_year::2015:treated,50368.4609967903,37436.3449212797,1.34544280705566,0.188241766757151,-25983.4678540935,126720.389847674,within_025,equal_transaction,group_hedonics,dollars,event,2015
sale_year::2016:treated,35615.4824066677,53588.8696705222,0.664605964366119,0.511216522435177,-73679.7378635471,144910.702676882,within_025,equal_transaction,group_hedonics,dollars,event,2016
sale_year::2017:treated,25601.1786457067,60593.1081885957,0.422509744276911,0.675569279335461,-97979.2802638864,149181.6375553,within_025,equal_transaction,group_hedonics,dollars,event,2017
sale_year::2018:treated,-19580.315530851,58660.2545090968,-0.333791861196486,0.740784112388345,-139218.693371189,100058.062309488,within_025,equal_transaction,group_hedonics,dollars,event,2018
treated_post,-0.212336170549359,0.0993791634426659,-2.13662666492318,0.0406288441487474,-0.415021310682302,-0.00965103041641535,within_025,equal_transaction,group_hedonics,log,did,
sale_year::2008:treated,-0.297776238804529,0.230375852171263,-1.29256706377004,0.205712491591994,-0.767630887032851,0.172078409423793,within_025,equal_transaction,group_hedonics,log,event,2008
sale_year::2009:treated,-0.00802812620917237,0.174158251803013,-0.0460967317141701,0.963528830734883,-0.363226222562309,0.347169970143965,within_025,equal_transaction,group_hedonics,log,event,2009
sale_year::2010:treated,0.0179423064319337,0.165358153909818,0.108505725346444,0.914293832300479,-0.319307871938426,0.355192484802294,within_025,equal_transaction,group_hedonics,log,event,2010
sale_year::2011:treated,-0.16426390897207,0.199203930864675,-0.824601744850402,0.415897805590565,-0.570543004545596,0.242015186601456,within_025,equal_transaction,group_hedonics,log,event,2011
sale_year::2013:treated,-0.417406356568143,0.157992461184755,-2.64193844084769,0.0128029979053495,-0.739634105583714,-0.0951786075525714,within_025,equal_transaction,group_hedonics,log,event,2013
sale_year::2014:treated,-0.276538878189777,0.159538205736331,-1.73337086820955,0.0929674579625744,-0.60191919400298,0.0488414376234255,within_025,equal_transaction,group_hedonics,log,event,2014
sale_year::2015:treated,-0.0697190643270123,0.178918849069312,-0.389668638545754,0.699445910379023,-0.434626462817644,0.29518833416362,within_025,equal_transaction,group_hedonics,log,event,2015
sale_year::2016:treated,-0.245059609204473,0.211996012090841,-1.15596329755233,0.256527730859992,-0.677428326446159,0.187309108037214,within_025,equal_transaction,group_hedonics,log,event,2016
sale_year::2017:treated,-0.34131920490312,0.207236318166468,-1.64700477176469,0.10965859059362,-0.763980462385316,0.081342052579077,within_025,equal_transaction,group_hedonics,log,event,2017
sale_year::2018:treated,-0.522141495479902,0.178522106418499,-2.92480021637139,0.00639300764954981,-0.88623973199944,-0.158043258960363,within_025,equal_transaction,group_hedonics,log,event,2018
treated_post,78071.1430485637,46412.4467558959,1.68211651196015,0.10259441010796,-16587.6661902433,172729.952287371,within_025,equal_site_year,site_unadjusted,dollars,did,
sale_year::2008:treated,9402.10802044824,39910.7577442765,0.23557828895886,0.815309325416392,-71996.4190548732,90800.6350957697,within_025,equal_site_year,site_unadjusted,dollars,event,2008
sale_year::2009:treated,49971.0610598195,30182.8188960543,1.65561279189705,0.107890418898969,-11587.2039288308,111529.32604847,within_025,equal_site_year,site_unadjusted,dollars,event,2009
sale_year::2010:treated,-40644.3264970895,36169.1195442275,-1.12373004953548,0.269754604658958,-114411.732151861,33123.0791576815,within_025,equal_site_year,site_unadjusted,dollars,event,2010
sale_year::2011:treated,-20112.4993504505,30534.0841064918,-0.658690114309813,0.514957737716125,-82387.1744590394,42162.1757581383,within_025,equal_site_year,site_unadjusted,dollars,event,2011
sale_year::2013:treated,33449.8992756236,30265.1716344385,1.10522747664055,0.277565382507427,-28276.3252303088,95176.1237815561,within_025,equal_site_year,site_unadjusted,dollars,event,2013
sale_year::2014:treated,28898.4755728834,35757.2413216513,0.808185265550259,0.425142729490109,-44028.8989086656,101825.850054432,within_025,equal_site_year,site_unadjusted,dollars,event,2014
sale_year::2015:treated,88963.414158894,54829.7023262306,1.62254052793451,0.114815300253503,-22862.5009973657,200789.329315154,within_025,equal_site_year,site_unadjusted,dollars,event,2015
sale_year::2016:treated,86618.8418294674,60973.7789893589,1.42059165866338,0.165416243504422,-37738.0002969328,210975.683955868,within_025,equal_site_year,site_unadjusted,dollars,event,2016
sale_year::2017:treated,122548.086133584,74102.6372376874,1.65376146790168,0.108268687896952,-28585.2389261149,273681.411193282,within_025,equal_site_year,site_unadjusted,dollars,event,2017
sale_year::2018:treated,56392.1437031776,61860.5258606225,0.911601427867495,0.369013358425932,-69773.2305907148,182557.51799707,within_025,equal_site_year,site_unadjusted,dollars,event,2018
treated_post,0.201887341510959,0.116853568282703,1.72769513569782,0.0939946695559569,-0.0364370822610144,0.440211765282933,within_025,equal_site_year,site_unadjusted,log,did,
sale_year::2008:treated,0.162564380888966,0.271321951673865,0.599156757815054,0.553422233270412,-0.390800387852398,0.715929149630329,within_025,equal_site_year,site_unadjusted,log,event,2008
sale_year::2009:treated,0.111726341951778,0.132139429366826,0.845518574487102,0.404300493840411,-0.157773801041012,0.381226484944568,within_025,equal_site_year,site_unadjusted,log,event,2009
sale_year::2010:treated,-0.0996759416260495,0.254333427076817,-0.391910504142832,0.697805697848192,-0.618392386017298,0.419040502765198,within_025,equal_site_year,site_unadjusted,log,event,2010
sale_year::2011:treated,-0.17597261215199,0.23336048611653,-0.754080586137097,0.456490942090661,-0.651914461444255,0.299969237140274,within_025,equal_site_year,site_unadjusted,log,event,2011
sale_year::2013:treated,0.0869096067725308,0.20294875433335,0.428234245920912,0.671441323556253,-0.327007106619739,0.5008263201648,within_025,equal_site_year,site_unadjusted,log,event,2013
sale_year::2014:treated,0.3095213091686,0.259696433047616,1.19185814582154,0.242361534046414,-0.220133058013198,0.839175676350398,within_025,equal_site_year,site_unadjusted,log,event,2014
sale_year::2015:treated,0.200531210992753,0.20870267133761,0.960846402719787,0.344064479178983,-0.225120693499153,0.626183115484658,within_025,equal_site_year,site_unadjusted,log,event,2015
sale_year::2016:treated,0.230801908471177,0.230458672057823,1.00148936210684,0.324343967303781,-0.239221652029412,0.700825468971767,within_025,equal_site_year,site_unadjusted,log,event,2016
sale_year::2017:treated,0.215644054298709,0.168868661955719,1.27699273388721,0.211087344136222,-0.12876585243495,0.560053961032368,within_025,equal_site_year,site_unadjusted,log,event,2017
sale_year::2018:treated,0.0406763669782966,0.135074370617683,0.301140525713998,0.765318041947654,-0.23480962816,0.316162362116593,within_025,equal_site_year,site_unadjusted,log,event,2018
treated_post,38017.1489592307,39137.6428105901,0.97137043084628,0.338882539909631,-41804.5998132275,117838.897731689,within_025,equal_site_year,site_hedonics,dollars,did,
sale_year::2008:treated,-9700.20201471949,34683.9636427588,-0.279673975980097,0.781585296044237,-80438.6122384503,61038.2082090113,within_025,equal_site_year,site_hedonics,dollars,event,2008
sale_year::2009:treated,10049.8261694562,25179.1270569378,0.399133224385834,0.692531448270616,-41303.342031692,61402.9943706043,within_025,equal_site_year,site_hedonics,dollars,event,2009
sale_year::2010:treated,-31730.5123367443,30135.3067246984,-1.05293477271092,0.300509275599102,-93191.8756130468,29730.8509395582,within_025,equal_site_year,site_hedonics,dollars,event,2010
sale_year::2011:treated,-1278.06647851854,24364.3021898981,-0.0524565189085714,0.958501518461966,-50969.3884068811,48413.2554498441,within_025,equal_site_year,site_hedonics,dollars,event,2011
sale_year::2013:treated,2014.6690898157,23868.8158270219,0.0844059087143691,0.933276452606653,-46666.1017389548,50695.4399185862,within_025,equal_site_year,site_hedonics,dollars,event,2013
sale_year::2014:treated,-36230.2699399109,36714.2242618421,-0.986818342708816,0.331371748293797,-111109.423995951,38648.8841161294,within_025,equal_site_year,site_hedonics,dollars,event,2014
sale_year::2015:treated,36356.2238961502,45502.0877514423,0.799001225938206,0.430369214711851,-56445.8959120257,129158.343704326,within_025,equal_site_year,site_hedonics,dollars,event,2015
sale_year::2016:treated,60839.1684310912,52210.7720074503,1.16526084736709,0.252801703522236,-45645.4031248409,167323.739987023,within_025,equal_site_year,site_hedonics,dollars,event,2016
sale_year::2017:treated,82418.4092412824,57328.996380719,1.43763914326959,0.160554947152365,-34504.8497456049,199341.66822817,within_025,equal_site_year,site_hedonics,dollars,event,2017
sale_year::2018:treated,17175.6057339498,45103.8814515928,0.380801057052779,0.705948047948033,-74814.3669712434,109165.578439143,within_025,equal_site_year,site_hedonics,dollars,event,2018
treated_post,0.0863777182372028,0.106321923217259,0.812416815116272,0.422747764801399,-0.130467273811124,0.30322271028553,within_025,equal_site_year,site_hedonics,log,did,
sale_year::2008:treated,0.137903718710188,0.287065615484707,0.480390932495832,0.634322214456387,-0.447570464068932,0.723377901489309,within_025,equal_site_year,site_hedonics,log,event,2008
sale_year::2009:treated,-0.00365723082549041,0.116827855490057,-0.0313044419941583,0.975227431090292,-0.241929213011119,0.234614751360138,within_025,equal_site_year,site_hedonics,log,event,2009
sale_year::2010:treated,-0.0215370023693331,0.275105298861304,-0.0782863960035574,0.938103386385284,-0.582617958571866,0.5395439538332,within_025,equal_site_year,site_hedonics,log,event,2010
sale_year::2011:treated,-0.1287303622888,0.187692679968679,-0.685857127248023,0.497900892554141,-0.511532106875098,0.254071382297497,within_025,equal_site_year,site_hedonics,log,event,2011
sale_year::2013:treated,0.00608395999378386,0.199209540579477,0.0305405051188128,0.975831771209223,-0.40020657666851,0.412374496656078,within_025,equal_site_year,site_hedonics,log,event,2013
sale_year::2014:treated,0.123765966276673,0.264560892438251,0.467816558736323,0.643188069075249,-0.415809531241773,0.663341463795119,within_025,equal_site_year,site_hedonics,log,event,2014
sale_year::2015:treated,0.0641462373415029,0.21750466252861,0.29491890700534,0.770021962076644,-0.37945744653951,0.507749921222515,within_025,equal_site_year,site_hedonics,log,event,2015
sale_year::2016:treated,0.155819104715675,0.229708985208381,0.678332650219681,0.502593361974811,-0.312675459374892,0.624313668806241,within_025,equal_site_year,site_hedonics,log,event,2016
sale_year::2017:treated,0.122664987928232,0.176577320589401,0.694681443340433,0.492429107360871,-0.237466831742502,0.482796807598965,within_025,equal_site_year,site_hedonics,log,event,2017
sale_year::2018:treated,-0.0441242326548785,0.179752351452476,-0.24547235292521,0.807708589466179,-0.410731570463575,0.322483105153818,within_025,equal_site_year,site_hedonics,log,event,2018
treated_post,6786.84203158551,37424.9487647302,0.181345392728541,0.857276993502704,-69541.8442047784,83115.5282679494,within_025,equal_site_year,group_hedonics,dollars,did,
sale_year::2008:treated,-76648.0716197649,35261.5179212748,-2.17370312278927,0.0374849070669484,-148564.411560553,-4731.73167897711,within_025,equal_site_year,group_hedonics,dollars,event,2008
sale_year::2009:treated,8127.48553530278,22880.8684055731,0.355208788024985,0.72483867831784,-38538.3532430902,54793.3243136958,within_025,equal_site_year,group_hedonics,dollars,event,2009
sale_year::2010:treated,-36048.4719401,35275.5739186038,-1.02191028906516,0.314732430533177,-107993.479276443,35896.5353962429,within_025,equal_site_year,group_hedonics,dollars,event,2010
sale_year::2011:treated,-37963.0406814276,57674.0174160642,-0.658234719588887,0.515246349094835,-155589.974709191,79663.8933463359,within_025,equal_site_year,group_hedonics,dollars,event,2011
sale_year::2013:treated,-67777.7415514485,41179.5921978213,-1.64590608925541,0.109885990093647,-151764.073556026,16208.5904531286,within_025,equal_site_year,group_hedonics,dollars,event,2013
sale_year::2014:treated,-115163.554773928,75951.8289743457,-1.5162709881921,0.13958281615801,-270068.331245507,39741.22169765,within_025,equal_site_year,group_hedonics,dollars,event,2014
sale_year::2015:treated,78909.2228567122,73481.1446837227,1.07387035403916,0.29116895159853,-70956.5597823401,228775.005495765,within_025,equal_site_year,group_hedonics,dollars,event,2015
sale_year::2016:treated,9249.95266480721,44187.852534123,0.209332477917187,0.835558275531264,-80871.7667459182,99371.6720755326,within_025,equal_site_year,group_hedonics,dollars,event,2016
sale_year::2017:treated,28890.8672020924,40692.8434858936,0.709974155826874,0.483027003311397,-54102.7342594921,111884.468663677,within_025,equal_site_year,group_hedonics,dollars,event,2017
sale_year::2018:treated,-76396.284788486,45843.7170920446,-1.66645048949888,0.105697980220829,-169895.162230504,17102.5926535319,within_025,equal_site_year,group_hedonics,dollars,event,2018
treated_post,-0.0637187923877455,0.116118600585932,-0.548738893391945,0.587115478262093,-0.300544239659487,0.173106654883996,within_025,equal_site_year,group_hedonics,log,did,
sale_year::2008:treated,-0.165741524453534,0.280802207307976,-0.590242954435728,0.559306249645594,-0.738441402035943,0.406958353128876,within_025,equal_site_year,group_hedonics,log,event,2008
sale_year::2009:treated,-0.0712992852696264,0.136489805326707,-0.522378100686434,0.605120414424593,-0.349672078529474,0.207073507990221,within_025,equal_site_year,group_hedonics,log,event,2009
sale_year::2010:treated,0.0599462496093928,0.331211548899895,0.180990819337374,0.85755291861864,-0.615564157973726,0.735456657192511,within_025,equal_site_year,group_hedonics,log,event,2010
sale_year::2011:treated,-0.195919880664519,0.503134339322723,-0.389398745727135,0.699643471077202,-1.22206913105699,0.830229369727948,within_025,equal_site_year,group_hedonics,log,event,2011
sale_year::2013:treated,-0.375059975921594,0.305344870369918,-1.22831595457038,0.228572633668174,-0.99781494482921,0.247694992986022,within_025,equal_site_year,group_hedonics,log,event,2013
sale_year::2014:treated,-0.252731235259402,0.394171542724843,-0.641170677904123,0.526124074049278,-1.05664939683354,0.551186926314733,within_025,equal_site_year,group_hedonics,log,event,2014
sale_year::2015:treated,0.287437845514747,0.4433099890725,0.648390184295483,0.521506910396438,-0.616698838120462,1.19157452914996,within_025,equal_site_year,group_hedonics,log,event,2015
sale_year::2016:treated,-0.0396019808536643,0.337514343093014,-0.117334216053599,0.907352133493936,-0.727967021943518,0.648763060236189,within_025,equal_site_year,group_hedonics,log,event,2016
sale_year::2017:treated,-0.0441793382015225,0.258369992586849,-0.17099252803776,0.865340867062098,-0.571128412227742,0.482769735824697,within_025,equal_site_year,group_hedonics,log,event,2017
sale_year::2018:treated,-0.510019670754481,0.27436549577537,-1.85890601627271,0.0725568202587202,-1.06959178861557,0.0495524471066042,within_025,equal_site_year,group_hedonics,log,event,2018
treated_post,75434.794004617,56439.243963909,1.33656634473798,0.191091778125766,-39673.8029642227,190543.390973457,within_05,equal_transaction,site_unadjusted,dollars,did,
sale_year::2008:treated,-15428.0402523731,25343.354087479,-0.608760789874904,0.547118394554047,-67116.1516905718,36260.0711858256,within_05,equal_transaction,site_unadjusted,dollars,event,2008
sale_year::2009:treated,42329.5422091455,31559.4896897573,1.34126193500789,0.189580017606684,-22036.4613745235,106695.545792814,within_05,equal_transaction,site_unadjusted,dollars,event,2009
sale_year::2010:treated,-65632.4244119936,38721.4776963687,-1.69498759646119,0.100101772931809,-144605.398838076,13340.5500140889,within_05,equal_transaction,site_unadjusted,dollars,event,2010
sale_year::2011:treated,-50747.3708821572,34999.7319405727,-1.44993598717622,0.157119176741187,-122129.794795225,20635.0530309106,within_05,equal_transaction,site_unadjusted,dollars,event,2011
sale_year::2013:treated,41059.2320470501,37117.8819394749,1.1061846716901,0.277157383039691,-34643.1872702633,116761.651364364,within_05,equal_transaction,site_unadjusted,dollars,event,2013
sale_year::2014:treated,37363.6395320985,44082.1131791792,0.847591842528686,0.40316212599166,-52542.4230424057,127269.702106603,within_05,equal_transaction,site_unadjusted,dollars,event,2014
sale_year::2015:treated,52465.3980732034,48585.5659750583,1.07985565301713,0.288536660926409,-46625.5170337079,151556.313180115,within_05,equal_transaction,site_unadjusted,dollars,event,2015
sale_year::2016:treated,98378.2363063782,69786.4066377858,1.4097048558037,0.168581056732049,-43952.0784070736,240708.55101983,within_05,equal_transaction,site_unadjusted,dollars,event,2016
sale_year::2017:treated,62137.7627230034,58134.7118280197,1.06885818763196,0.29338626061117,-56428.7637526229,180704.28919863,within_05,equal_transaction,site_unadjusted,dollars,event,2017
sale_year::2018:treated,21605.6190986637,57424.0821563825,0.376246659717177,0.709296362962168,-95511.5686062504,138722.806803578,within_05,equal_transaction,site_unadjusted,dollars,event,2018
treated_post,0.0416424078687455,0.114087048146049,0.365005568514989,0.717585750297471,-0.191039660884796,0.274324476622287,within_05,equal_transaction,site_unadjusted,log,did,
sale_year::2008:treated,-0.13680497025897,0.212181354037092,-0.644754912041208,0.523829076270279,-0.569551694892216,0.295941754374277,within_05,equal_transaction,site_unadjusted,log,event,2008
sale_year::2009:treated,0.0401130965452255,0.122016924159075,0.32875026822451,0.744555060346607,-0.208742060965138,0.28896825405559,within_05,equal_transaction,site_unadjusted,log,event,2009
sale_year::2010:treated,-0.222645352036091,0.128521000272964,-1.7323655399757,0.0931487137280794,-0.484765660237117,0.0394749561649364,within_05,equal_transaction,site_unadjusted,log,event,2010
sale_year::2011:treated,-0.185130379941215,0.116411678911975,-1.59030761923124,0.121913347904548,-0.422553564399769,0.05229280451734,within_05,equal_transaction,site_unadjusted,log,event,2011
sale_year::2013:treated,-0.0352768687007208,0.0945303876938726,-0.37318019698556,0.711554101691529,-0.228072865495439,0.157519128093998,within_05,equal_transaction,site_unadjusted,log,event,2013
sale_year::2014:treated,0.0378695987667374,0.160664639341891,0.235705871073172,0.815211197474142,-0.289808093531478,0.365547291064953,within_05,equal_transaction,site_unadjusted,log,event,2014
sale_year::2015:treated,0.0141838937954964,0.112465157639756,0.126118115985128,0.900452854124842,-0.215190307461877,0.24355809505287,within_05,equal_transaction,site_unadjusted,log,event,2015
sale_year::2016:treated,-0.0132311561414317,0.127610369556719,-0.103684020251589,0.918087994429489,-0.273494220751975,0.247031908469111,within_05,equal_transaction,site_unadjusted,log,event,2016
sale_year::2017:treated,-0.0727834283817633,0.114352070044572,-0.636485446685781,0.529132153278936,-0.306006012860933,0.160439156097406,within_05,equal_transaction,site_unadjusted,log,event,2017
sale_year::2018:treated,-0.231612966776728,0.11938151559387,-1.94010744146241,0.0615104304371844,-0.475093173081608,0.0118672395281521,within_05,equal_transaction,site_unadjusted,log,event,2018
treated_post,62831.8593376973,46801.3148951105,1.34252337735625,0.189175471395948,-32620.0516999132,158283.770375308,within_05,equal_transaction,site_hedonics,dollars,did,
sale_year::2008:treated,-34871.8529738727,34790.0079145739,-1.00235254500372,0.323933674822555,-105826.541915884,36082.8359681382,within_05,equal_transaction,site_hedonics,dollars,event,2008
sale_year::2009:treated,16990.8512900219,26777.6748105903,0.634515558583982,0.53039962475178,-37622.5765494073,71604.2791294511,within_05,equal_transaction,site_hedonics,dollars,event,2009
sale_year::2010:treated,-42696.6628373888,32627.2399569855,-1.30862012519841,0.200282240996755,-109240.357448463,23847.0317736853,within_05,equal_transaction,site_hedonics,dollars,event,2010
sale_year::2011:treated,-43657.8508784349,34923.9858686812,-1.25008213674677,0.220624437401895,-114885.789659368,27570.0879024986,within_05,equal_transaction,site_hedonics,dollars,event,2011
sale_year::2013:treated,39470.4878797289,35638.7293514696,1.10751669877089,0.276590326840326,-33215.1798450756,112156.155604533,within_05,equal_transaction,site_hedonics,dollars,event,2013
sale_year::2014:treated,23963.8651929324,39342.4279322174,0.609109972425175,0.54688990417755,-56275.5455887066,104203.275974571,within_05,equal_transaction,site_hedonics,dollars,event,2014
sale_year::2015:treated,33917.1987246426,45141.5526729332,0.751352062929357,0.458107205243693,-58149.6049430164,125984.002392302,within_05,equal_transaction,site_hedonics,dollars,event,2015
sale_year::2016:treated,77138.3387438649,57511.0024833068,1.34127967541959,0.189574323601192,-40156.1241365765,194432.801624306,within_05,equal_transaction,site_hedonics,dollars,event,2016
sale_year::2017:treated,48206.559444155,48662.2511459226,0.990635622252634,0.329533307546953,-51040.7560998732,147453.874988183,within_05,equal_transaction,site_hedonics,dollars,event,2017
sale_year::2018:treated,15291.1743666733,47940.779322941,0.318959653610722,0.751896425608008,-82484.6896931878,113067.038426534,within_05,equal_transaction,site_hedonics,dollars,event,2018
treated_post,0.0230256082793889,0.1073586124388,0.214473787955435,0.831582207394206,-0.195933725376005,0.241984941934783,within_05,equal_transaction,site_hedonics,log,did,
sale_year::2008:treated,-0.169670344266044,0.247250356970257,-0.686228915278997,0.497669671019217,-0.673940771933196,0.334600083401107,within_05,equal_transaction,site_hedonics,log,event,2008
sale_year::2009:treated,-0.00566639131091407,0.107068154454912,-0.0529232182973722,0.958132665518517,-0.224033332002555,0.212700549380726,within_05,equal_transaction,site_hedonics,log,event,2009
sale_year::2010:treated,-0.145678092362276,0.110625058916023,-1.31686341042188,0.197536781177664,-0.3712993875299,0.0799432028053483,within_05,equal_transaction,site_hedonics,log,event,2010
sale_year::2011:treated,-0.162605497231954,0.107830404608191,-1.50797446993538,0.141685769248574,-0.382527057360725,0.0573160628968168,within_05,equal_transaction,site_hedonics,log,event,2011
sale_year::2013:treated,-0.0338180472715037,0.0886569726102377,-0.38144825247054,0.705472723292212,-0.214635135026882,0.146999040483874,within_05,equal_transaction,site_hedonics,log,event,2013
sale_year::2014:treated,0.0323708031675203,0.167692804682024,0.193036327521036,0.848189687858443,-0.309640926845393,0.374382533180434,within_05,equal_transaction,site_hedonics,log,event,2014
sale_year::2015:treated,-0.0219726802156676,0.124486062285605,-0.176507151180156,0.8610436236898,-0.2758636781361,0.231918317704765,within_05,equal_transaction,site_hedonics,log,event,2015
sale_year::2016:treated,-0.0492930060406538,0.132536621101316,-0.371919893770132,0.712482794115685,-0.319603226916735,0.221017214835427,within_05,equal_transaction,site_hedonics,log,event,2016
sale_year::2017:treated,-0.0875420768610888,0.120382333036257,-0.727200367804157,0.47255971377217,-0.333063463797106,0.157979310074929,within_05,equal_transaction,site_hedonics,log,event,2017
sale_year::2018:treated,-0.199012331672993,0.144555992590965,-1.37671450422756,0.178462856818433,-0.493836222319445,0.0958115589734586,within_05,equal_transaction,site_hedonics,log,event,2018
treated_post,41751.83964776,41090.9601211822,1.01608333133684,0.317454781319536,-42053.7260447298,125557.40534025,within_05,equal_transaction,group_hedonics,dollars,did,
sale_year::2008:treated,-79565.730072665,46296.2082505645,-1.7186230380259,0.0956563785640207,-173987.46931686,14856.0091715296,within_05,equal_transaction,group_hedonics,dollars,event,2008
sale_year::2009:treated,30012.2342754452,27742.7923152325,1.08180293945994,0.287683896997173,-26569.5636920545,86594.0322429449,within_05,equal_transaction,group_hedonics,dollars,event,2009
sale_year::2010:treated,-16939.7330485724,46055.3418965192,-0.367812556611435,0.715512508019008,-110870.222124907,76990.7560277622,within_05,equal_transaction,group_hedonics,dollars,event,2010
sale_year::2011:treated,-83510.475156859,61283.6812235407,-1.36268699088495,0.182799252040559,-208499.367056941,41478.4167432232,within_05,equal_transaction,group_hedonics,dollars,event,2011
sale_year::2013:treated,-22795.8345226619,39144.5634376734,-0.582349949028242,0.564542895840118,-102631.698007114,57040.0289617902,within_05,equal_transaction,group_hedonics,dollars,event,2013
sale_year::2014:treated,-14245.6787228318,48585.2148839978,-0.293210161915405,0.771315440534192,-113335.877774804,84844.5203291407,within_05,equal_transaction,group_hedonics,dollars,event,2014
sale_year::2015:treated,39471.9966127151,41023.6414834189,0.962176812818263,0.343406481644466,-44196.2718128633,123140.265038293,within_05,equal_transaction,group_hedonics,dollars,event,2015
sale_year::2016:treated,39003.2246812232,46402.2150898579,0.840546611960086,0.407038654987467,-55634.7169371202,133641.166299567,within_05,equal_transaction,group_hedonics,dollars,event,2016
sale_year::2017:treated,20713.078608203,44213.2278332662,0.468481484462403,0.642717895380173,-69460.3940663313,110886.551282737,within_05,equal_transaction,group_hedonics,dollars,event,2017
sale_year::2018:treated,-31878.8654536512,51939.7822499865,-0.613765866406948,0.54384802623273,-137810.7497554,74053.0188480978,within_05,equal_transaction,group_hedonics,dollars,event,2018
treated_post,-0.0968140302397494,0.0903001392758285,-1.07213600129701,0.291934862924017,-0.28098237850427,0.0873543180247712,within_05,equal_transaction,group_hedonics,log,did,
sale_year::2008:treated,-0.344166302030403,0.237916475988514,-1.44658456544648,0.158049728433335,-0.829400153928226,0.14106754986742,within_05,equal_transaction,group_hedonics,log,event,2008
sale_year::2009:treated,0.0158886465960376,0.140225212851025,0.113308058322705,0.910516949234341,-0.270102560537427,0.301879853729502,within_05,equal_transaction,group_hedonics,log,event,2009
sale_year::2010:treated,-0.0262919677836351,0.126828929521065,-0.20730260740132,0.837129311084459,-0.28496127493391,0.23237733936664,within_05,equal_transaction,group_hedonics,log,event,2010
sale_year::2011:treated,-0.284754154867269,0.227913595425381,-1.2493952119697,0.220872059918264,-0.749586997353884,0.180078687619346,within_05,equal_transaction,group_hedonics,log,event,2011
sale_year::2013:treated,-0.265813519271186,0.156753682184325,-1.69574019293925,0.0999576042962667,-0.585514761858267,0.0538877233158951,within_05,equal_transaction,group_hedonics,log,event,2013
sale_year::2014:treated,-0.152224080431291,0.184520766331725,-0.824969912370884,0.415691909304253,-0.528556664504214,0.224108503641631,within_05,equal_transaction,group_hedonics,log,event,2014
sale_year::2015:treated,-0.0050076046349905,0.160718741129863,-0.0311575650716694,0.975343622287911,-0.33279563825725,0.322780428987269,within_05,equal_transaction,group_hedonics,log,event,2015
sale_year::2016:treated,-0.236957660444892,0.159754353558315,-1.48326261642939,0.148101136408902,-0.56277881264744,0.0888634917576568,within_05,equal_transaction,group_hedonics,log,event,2016
sale_year::2017:treated,-0.2160129166092,0.156249751858545,-1.38248486183043,0.176702509473576,-0.534686386520804,0.102660553302405,within_05,equal_transaction,group_hedonics,log,event,2017
sale_year::2018:treated,-0.448372629889151,0.195875517265623,-2.28906928312598,0.0290458281833876,-0.847863381172242,-0.04888187860606,within_05,equal_transaction,group_hedonics,log,event,2018
treated_post,54746.7726177312,44438.0278188755,1.23198024990832,0.227219792528204,-35885.1826502031,145378.727885666,within_05,equal_site_year,site_unadjusted,dollars,did,
sale_year::2008:treated,-8538.48549464011,31739.0651968523,-0.269021328816165,0.78969571292224,-73270.7357396726,56193.7647503924,within_05,equal_site_year,site_unadjusted,dollars,event,2008
sale_year::2009:treated,27357.8306592644,31648.8671271427,0.864417375489622,0.393998421238341,-37190.4594097563,91906.1207282852,within_05,equal_site_year,site_unadjusted,dollars,event,2009
sale_year::2010:treated,-55069.8253166498,38806.2589245545,-1.4190964767749,0.165848097739962,-134215.712197619,24076.0615643197,within_05,equal_site_year,site_unadjusted,dollars,event,2010
sale_year::2011:treated,-48782.4329857453,34101.192267949,-1.43051986577006,0.162571152404899,-118332.273154377,20767.4071828859,within_05,equal_site_year,site_unadjusted,dollars,event,2011
sale_year::2013:treated,33877.4133939178,25406.7756005551,1.33340074028038,0.192116194897043,-17940.0470729905,85694.873860826,within_05,equal_site_year,site_unadjusted,dollars,event,2013
sale_year::2014:treated,23386.165914822,34147.2684389473,0.684861981175293,0.498520086443439,-46257.6472241187,93029.9790537627,within_05,equal_site_year,site_unadjusted,dollars,event,2014
sale_year::2015:treated,34386.5059256694,45248.7981666101,0.75994296686191,0.453029708807158,-57899.0263684091,126672.038219748,within_05,equal_site_year,site_unadjusted,dollars,event,2015
sale_year::2016:treated,61557.8271114461,55845.449656701,1.10228904037591,0.278820555526486,-52339.7183834492,175455.372606341,within_05,equal_site_year,site_unadjusted,dollars,event,2016
sale_year::2017:treated,47207.7274994384,52776.7473484107,0.894479669006355,0.377957875974679,-60431.1583747112,154846.613373588,within_05,equal_site_year,site_unadjusted,dollars,event,2017
sale_year::2018:treated,8902.82343164314,48627.7438665524,0.183081153344784,0.855926508300332,-90274.1140521109,108079.760915397,within_05,equal_site_year,site_unadjusted,dollars,event,2018
treated_post,0.139895006412332,0.0986773512942952,1.41770127164347,0.166251877510788,-0.061358778407165,0.341148791231829,within_05,equal_site_year,site_unadjusted,log,did,
sale_year::2008:treated,0.0440314387949781,0.223095069537801,0.197366256843778,0.844829349380049,-0.410973955352109,0.499036832942065,within_05,equal_site_year,site_unadjusted,log,event,2008
sale_year::2009:treated,0.0473939229845024,0.120570599042247,0.393080264682902,0.696950454798651,-0.19851143500223,0.293299280971235,within_05,equal_site_year,site_unadjusted,log,event,2009
sale_year::2010:treated,-0.130836421800083,0.163120230067722,-0.802085809624989,0.428609479791152,-0.463522324402478,0.201849480802312,within_05,equal_site_year,site_unadjusted,log,event,2010
sale_year::2011:treated,-0.219841858116969,0.170095724637549,-1.29245963462881,0.205749205929651,-0.56675437568979,0.127070659455853,within_05,equal_site_year,site_unadjusted,log,event,2011
sale_year::2013:treated,0.101946735486401,0.154642101258064,0.659243082297966,0.514607406678633,-0.213447909408417,0.417341380381218,within_05,equal_site_year,site_unadjusted,log,event,2013
sale_year::2014:treated,0.318189569264257,0.258987775770697,1.22858914216081,0.228471566953787,-0.210019481872379,0.846398620400892,within_05,equal_site_year,site_unadjusted,log,event,2014
sale_year::2015:treated,0.125316124863012,0.142912645583747,0.87687219245813,0.387301009279802,-0.166156137465124,0.416788387191147,within_05,equal_site_year,site_unadjusted,log,event,2015
sale_year::2016:treated,0.0556747990451725,0.144338273411165,0.385724435587339,0.702335171213604,-0.238705050406539,0.350054648496884,within_05,equal_site_year,site_unadjusted,log,event,2016
sale_year::2017:treated,0.0489461047552252,0.140663708390702,0.347965408527937,0.730217975977912,-0.237939419927595,0.335831629438045,within_05,equal_site_year,site_unadjusted,log,event,2017
sale_year::2018:treated,-0.111129678612508,0.13574638311847,-0.818656645278883,0.419231317581691,-0.387986252282306,0.165726895057289,within_05,equal_site_year,site_unadjusted,log,event,2018
treated_post,46520.1488454291,38048.6591118025,1.22264883786663,0.230676740285451,-31080.6030304454,124120.900721304,within_05,equal_site_year,site_hedonics,dollars,did,
sale_year::2008:treated,-15100.902618529,37997.4261372614,-0.39741909265061,0.693781756932143,-92597.1641539279,62395.35891687,within_05,equal_site_year,site_hedonics,dollars,event,2008
sale_year::2009:treated,5305.76157543249,27508.1135643784,0.192879877531958,0.848311158975443,-50797.4059241167,61408.9290749817,within_05,equal_site_year,site_hedonics,dollars,event,2009
sale_year::2010:treated,-28081.1969040063,34181.2071558563,-0.821539063145556,0.41761304563595,-97794.2285124363,41631.8347044237,within_05,equal_site_year,site_hedonics,dollars,event,2010
sale_year::2011:treated,-43583.175767545,36096.6649837505,-1.20740173052454,0.236409362232474,-117202.80937197,30036.4578368806,within_05,equal_site_year,site_hedonics,dollars,event,2011
sale_year::2013:treated,25306.4071443223,27904.4666794736,0.906894492376649,0.371458426032193,-31605.1278629846,82217.9421516293,within_05,equal_site_year,site_hedonics,dollars,event,2013
sale_year::2014:treated,11959.475916058,34026.3068290382,0.351477342990739,0.727608078080523,-57437.6343929754,81356.5862250914,within_05,equal_site_year,site_hedonics,dollars,event,2014
sale_year::2015:treated,22582.2173934424,45457.8429610306,0.496772744206128,0.622854055932624,-70129.6645697558,115294.099356641,within_05,equal_site_year,site_hedonics,dollars,event,2015
sale_year::2016:treated,53855.8227710539,49938.6167847468,1.07844041822767,0.28915754705623,-47994.6576558746,155706.303197982,within_05,equal_site_year,site_hedonics,dollars,event,2016
sale_year::2017:treated,42777.5149773808,44052.1095178143,0.97106620876083,0.339031595153099,-47067.3547263286,132622.38468109,within_05,equal_site_year,site_hedonics,dollars,event,2017
sale_year::2018:treated,11976.1268294863,44212.7846158114,0.270874746604479,0.788282862002029,-78196.4418970893,102148.695556062,within_05,equal_site_year,site_hedonics,dollars,event,2018
treated_post,0.129915053246576,0.0984589023099048,1.31948508665738,0.196669702162758,-0.0708932019319057,0.330723308425057,within_05,equal_site_year,site_hedonics,log,did,
sale_year::2008:treated,0.0788659139394512,0.252573193049503,0.312249740311886,0.756941450247503,-0.436260509484286,0.593992337363189,within_05,equal_site_year,site_hedonics,log,event,2008
sale_year::2009:treated,0.00247402297082033,0.102562168367216,0.0241221788716701,0.980909761582078,-0.206702898505689,0.21165094444733,within_05,equal_site_year,site_hedonics,log,event,2009
sale_year::2010:treated,-0.0511619497987357,0.15334663400256,-0.333635949243474,0.740900632195149,-0.363914471806585,0.261590572209114,within_05,equal_site_year,site_hedonics,log,event,2010
sale_year::2011:treated,-0.198621972364818,0.147001509673941,-1.35115600380823,0.186424870639311,-0.498433527985392,0.101189583255756,within_05,equal_site_year,site_hedonics,log,event,2011
sale_year::2013:treated,0.0894544663286888,0.139738516557667,0.640156118243699,0.52677467775401,-0.195544117170159,0.374453049827537,within_05,equal_site_year,site_hedonics,log,event,2013
sale_year::2014:treated,0.334996051038482,0.270943965528332,1.23640344004433,0.225594758022046,-0.217597809876516,0.88758991195348,within_05,equal_site_year,site_hedonics,log,event,2014
sale_year::2015:treated,0.108685889068207,0.15522268331573,0.700193339958795,0.489028520408189,-0.207892860739955,0.425264638876369,within_05,equal_site_year,site_hedonics,log,event,2015
sale_year::2016:treated,0.0406899992714336,0.145912084057711,0.278866548539872,0.782199173530819,-0.256899658155991,0.338279656698859,within_05,equal_site_year,site_hedonics,log,event,2016
sale_year::2017:treated,0.0527460371675901,0.140692215291494,0.374903736203939,0.710284786578561,-0.23419762772271,0.339689702057891,within_05,equal_site_year,site_hedonics,log,event,2017
sale_year::2018:treated,-0.0488630726975803,0.169789498877175,-0.287786188313846,0.775425660441495,-0.395151038714487,0.297424893319326,within_05,equal_site_year,site_hedonics,log,event,2018
treated_post,30404.3520712264,35441.6522625144,0.85787061635905,0.397548167866138,-41879.3742806775,102688.07842313,within_05,equal_site_year,group_hedonics,dollars,did,
sale_year::2008:treated,-91017.0233480416,51495.1802335045,-1.76748625668122,0.0869904188582748,-196042.135858881,14008.0891627973,within_05,equal_site_year,group_hedonics,dollars,event,2008
sale_year::2009:treated,1242.38226216647,27441.8808559391,0.0452732182858958,0.964179920922371,-54725.7027379294,57210.4672622623,within_05,equal_site_year,group_hedonics,dollars,event,2009
sale_year::2010:treated,-14757.3737616998,35282.9094810464,-0.41825841402414,0.678641572025793,-86717.3420762813,57202.5945528818,within_05,equal_site_year,group_hedonics,dollars,event,2010
sale_year::2011:treated,-81008.6425963224,69730.6632639902,-1.16173629798465,0.254209499138546,-223225.26794937,61207.9827567256,within_05,equal_site_year,group_hedonics,dollars,event,2011
sale_year::2013:treated,-44999.0156024405,46963.9625637544,-0.958160537270541,0.345395432108959,-140782.648747275,50784.6175423942,within_05,equal_site_year,group_hedonics,dollars,event,2013
sale_year::2014:treated,-61274.6180414624,66496.4884531526,-0.9214714861918,0.363920431345749,-196895.100379811,74345.8642968859,within_05,equal_site_year,group_hedonics,dollars,event,2014
sale_year::2015:treated,69112.4748529557,73871.00418095,0.935583259213072,0.356719269215358,-81548.4314728971,219773.381178808,within_05,equal_site_year,group_hedonics,dollars,event,2015
sale_year::2016:treated,14909.3562022952,61669.2928829537,0.2417630477877,0.810555933900066,-110865.995862247,140684.708266838,within_05,equal_site_year,group_hedonics,dollars,event,2016
sale_year::2017:treated,30360.620093809,45214.4268631306,0.671480812655531,0.506887606077875,-61854.8114646528,122576.051652271,within_05,equal_site_year,group_hedonics,dollars,event,2017
sale_year::2018:treated,-69359.5394348363,58776.3701819114,-1.18005823122745,0.246953430303604,-189234.736751218,50515.657881545,within_05,equal_site_year,group_hedonics,dollars,event,2018
treated_post,0.0470052564433136,0.0913260546738561,0.514697110383,0.610415150880156,-0.139255460070349,0.233265972956977,within_05,equal_site_year,group_hedonics,log,did,
sale_year::2008:treated,-0.211082033020132,0.265661253050579,-0.794553329084628,0.432914442341659,-0.752901730803307,0.330737664763044,within_05,equal_site_year,group_hedonics,log,event,2008
sale_year::2009:treated,-0.0664893030323777,0.104236806283416,-0.637867806997036,0.528243676820004,-0.279081671056823,0.146103064992068,within_05,equal_site_year,group_hedonics,log,event,2009
sale_year::2010:treated,0.0495917835121853,0.206975438097759,0.239602263766012,0.812215815001303,-0.372537405561982,0.471720972586353,within_05,equal_site_year,group_hedonics,log,event,2010
sale_year::2011:treated,-0.256933805712664,0.486585246344415,-0.528034517369647,0.601235134799179,-1.24933095845021,0.735463347024878,within_05,equal_site_year,group_hedonics,log,event,2011
sale_year::2013:treated,-0.245499320406363,0.237815831796709,-1.03230856647181,0.309914455479759,-0.730527907121698,0.239529266308972,within_05,equal_site_year,group_hedonics,log,event,2013
sale_year::2014:treated,0.0289238781820083,0.357449309420821,0.0809174263866224,0.936027785523651,-0.700098794786866,0.757946551150882,within_05,equal_site_year,group_hedonics,log,event,2014
sale_year::2015:treated,0.371787650164436,0.40168496737286,0.925570236287504,0.3618190969589,-0.447454242007814,1.19102954233669,within_05,equal_site_year,group_hedonics,log,event,2015
sale_year::2016:treated,-0.116795205755965,0.302072327995389,-0.386646491358678,0.701659328280727,-0.732875780486828,0.499285368974898,within_05,equal_site_year,group_hedonics,log,event,2016
sale_year::2017:treated,0.0335223522090766,0.199848193016152,0.167739080865081,0.867878069293447,-0.374070724685389,0.441115429103543,within_05,equal_site_year,group_hedonics,log,event,2017
sale_year::2018:treated,-0.423688455389395,0.258775845401585,-1.63727976516467,0.111685033324069,-0.951465271688525,0.104088360909736,within_05,equal_site_year,group_hedonics,log,event,2018
